Type,Date,Part of a policing operation,Policing operation,Latitude,Longitude,Gender,Age range,Self-defined ethnicity,Officer-defined ethnicity,Legislation,Object of search,Outcome,Outcome linked to object of search,Removal of more than just outer clothing
Person search,2023-08-31T23:00:00+00:00,False,,51.051453,0.423147,,25-34,White - English/Welsh/Scottish/Northern Irish/British,White,Police and Criminal Evidence Act 1984 (section 1),Offensive weapons,A no further action disposal,,False
Person search,2023-08-31T23:00:00+00:00,False,,50.966618,0.095189,,over 34,White - English/Welsh/Scottish/Northern Irish/British,White,Misuse of Drugs Act 1971 (section 23),Controlled drugs,Summons / charged by post,True,False
Person search,2023-08-31T23:00:00+00:00,False,,50.821099,-0.107775,,,White - English/Welsh/Scottish/Northern Irish/British,White,Firearms Act 1968 (section 47),Firearms,A no further action disposal,,False
Person search,2023-08-31T23:00:00+00:00,False,,50.771209,0.295108,,over 34,Black/African/Caribbean/Black British - African,Black,Misuse of Drugs Act 1971 (section 23),Controlled drugs,A no further action disposal,,False
Person search,2023-08-31T23:00:00+00:00,False,,50.837622,-0.150553,,over 34,White - English/Welsh/Scottish/Northern Irish/British,White,Police and Criminal Evidence Act 1984 (section 1),Offensive weapons,A no further action disposal,,False
Person search,2023-08-31T23:00:00+00:00,False,,50.823684,-0.133831,,25-34,,White,Police and Criminal Evidence Act 1984 (section 1),Offensive weapons,A no further action disposal,,False
Person search,2023-08-31T23:00:00+00:00,False,,51.116206,-0.181516,,18-24,Black/African/Caribbean/Black British - Caribbean,White,Misuse of Drugs Act 1971 (section 23),Controlled drugs,A no further action disposal,,False
Person search,2023-08-31T23:00:00+00:00,False,,50.769727,0.293617,,over 34,White - English/Welsh/Scottish/Northern Irish/British,White,Misuse of Drugs Act 1971 (section 23),Controlled drugs,A no further action disposal,,False
Person search,2023-08-31T23:00:00+00:00,False,,50.819858,-0.106718,,18-24,White - English/Welsh/Scottish/Northern Irish/British,White,Firearms Act 1968 (section 47),Firearms,A no further action disposal,,False
Person search,2023-09-01T23:00:00+00:00,False,,50.958778,-0.137346,,10-17,,White,Police and Criminal Evidence Act 1984 (section 1),Offensive weapons,A no further action disposal,False,False
Person search,2023-09-01T23:00:00+00:00,False,,50.957258,-0.136808,,10-17,White - English/Welsh/Scottish/Northern Irish/British,White,Police and Criminal Evidence Act 1984 (section 1),Offensive weapons,A no further action disposal,,False
Person search,2023-09-01T23:00:00+00:00,False,,50.957799,-0.138011,,,,White,Police and Criminal Evidence Act 1984 (section 1),Offensive weapons,A no further action disposal,,False
Person search,2023-09-01T23:00:00+00:00,False,,50.889058,-0.329851,,,,White,Police and Criminal Evidence Act 1984 (section 1),Offensive weapons,A no further action disposal,,False
Person search,2023-09-01T23:00:00+00:00,False,,50.889058,-0.329851,,10-17,White - English/Welsh/Scottish/Northern Irish/British,White,Police and Criminal Evidence Act 1984 (section 1),Offensive weapons,A no further action disposal,,False
Person search,2023-09-01T23:00:00+00:00,False,,50.794074,0.048668,,10-17,White - English/Welsh/Scottish/Northern Irish/British,White,Police and Criminal Evidence Act 1984 (section 1),Offensive weapons,A no further action disposal,,False
Person search,2023-09-01T23:00:00+00:00,False,,50.823684,-0.133831,,25-34,Black/African/Caribbean/Black British - African,Black,Misuse of Drugs Act 1971 (section 23),Controlled drugs,A no further action disposal,,False
Person search,2023-09-01T23:00:00+00:00,False,,51.112546,-0.178102,,over 34,White - Gypsy or Irish Traveller,White,Misuse of Drugs Act 1971 (section 23),,A no further action disposal,,False
Person search,2023-09-01T23:00:00+00:00,False,,50.861416,0.257898,,over 34,White - English/Welsh/Scottish/Northern Irish/British,White,Police and Criminal Evidence Act 1984 (section 1),Stolen goods,Summons / charged by post,True,False
Person search,2023-09-01T23:00:00+00:00,False,,50.851142,-0.709653,,25-34,,White,Police and Criminal Evidence Act 1984 (section 1),Article for use in theft,Arrest,True,False
Person search,2023-09-01T23:00:00+00:00,False,,50.768234,0.282638,,over 34,White - Irish,White,Police and Criminal Evidence Act 1984 (section 1),Stolen goods,A no further action disposal,False,False
Person search,2023-09-01T23:00:00+00:00,False,,50.818823,-0.368565,,10-17,White - English/Welsh/Scottish/Northern Irish/British,White,Police and Criminal Evidence Act 1984 (section 1),Offensive weapons,Arrest,,False
Person search,2023-09-01T23:00:00+00:00,False,,50.823684,-0.133831,,25-34,Black/African/Caribbean/Black British - African,Black,Misuse of Drugs Act 1971 (section 23),Controlled drugs,A no further action disposal,,False
Person search,2023-09-01T23:00:00+00:00,False,,50.828302,-0.414241,,18-24,White - English/Welsh/Scottish/Northern Irish/British,White,Police and Criminal Evidence Act 1984 (section 1),Offensive weapons,A no further action disposal,True,False
Person search,2023-09-01T23:00:00+00:00,False,,50.831005,-0.132937,,10-17,White - English/Welsh/Scottish/Northern Irish/British,White,Police and Criminal Evidence Act 1984 (section 1),Articles for use in criminal damage,Community resolution,,False
Person search,2023-09-01T23:00:00+00:00,False,,50.820624,-0.134699,,over 34,White - English/Welsh/Scottish/Northern Irish/British,White,Misuse of Drugs Act 1971 (section 23),Controlled drugs,Community resolution,,False
Person search,2023-09-01T23:00:00+00:00,False,,50.823684,-0.133831,,,White - English/Welsh/Scottish/Northern Irish/British,White,Police and Criminal Evidence Act 1984 (section 1),Offensive weapons,A no further action disposal,,False
Person search,2023-09-01T23:00:00+00:00,False,,50.823684,-0.133831,,25-34,White - English/Welsh/Scottish/Northern Irish/British,White,Police and Criminal Evidence Act 1984 (section 1),Offensive weapons,A no further action disposal,,False
Person search,2023-09-01T23:00:00+00:00,False,,50.824393,-0.146575,,,,Asian,Police and Criminal Evidence Act 1984 (section 1),Offensive weapons,A no further action disposal,,False
Person search,2023-09-01T23:00:00+00:00,False,,50.957258,-0.136808,,10-17,White - English/Welsh/Scottish/Northern Irish/British,White,Police and Criminal Evidence Act 1984 (section 1),Offensive weapons,A no further action disposal,,False
Person search,2023-09-01T23:00:00+00:00,False,,50.787841,0.297725,,18-24,White - English/Welsh/Scottish/Northern Irish/British,White,Misuse of Drugs Act 1971 (section 23),,Arrest,True,False
Person search,2023-09-01T23:00:00+00:00,False,,50.774603,0.277062,,,,White,Misuse of Drugs Act 1971 (section 23),Controlled drugs,Arrest,True,False
Person search,2023-09-01T23:00:00+00:00,False,,50.857896,-0.103657,,18-24,White - English/Welsh/Scottish/Northern Irish/British,White,Misuse of Drugs Act 1971 (section 23),Controlled drugs,Community resolution,True,False
Person search,2023-09-01T23:00:00+00:00,False,,50.767527,0.285639,,18-24,,Asian,Misuse of Drugs Act 1971 (section 23),Controlled drugs,A no further action disposal,,False
Person search,2023-09-02T23:00:00+00:00,False,,50.840901,0.464907,,18-24,White - English/Welsh/Scottish/Northern Irish/British,White,Police and Criminal Evidence Act 1984 (section 1),Offensive weapons,Arrest,False,False
Person search,2023-09-02T23:00:00+00:00,False,,50.823684,-0.133831,,18-24,Black/African/Caribbean/Black British - Any other Black/African/Caribbean background,Black,Police and Criminal Evidence Act 1984 (section 1),Stolen goods,A no further action disposal,,False
Person search,2023-09-02T23:00:00+00:00,False,,50.823684,-0.133831,,18-24,Mixed/Multiple ethnic groups - White and Black Caribbean,Black,Police and Criminal Evidence Act 1984 (section 1),Stolen goods,A no further action disposal,,False
Person search,2023-09-02T23:00:00+00:00,False,,50.823684,-0.133831,,18-24,Mixed/Multiple ethnic groups - White and Black African,Black,Misuse of Drugs Act 1971 (section 23),Controlled drugs,Arrest,,True
Person search,2023-09-02T23:00:00+00:00,False,,50.819847,-0.138975,,,White - English/Welsh/Scottish/Northern Irish/British,White,Misuse of Drugs Act 1971 (section 23),Controlled drugs,A no further action disposal,,False
Person search,2023-09-02T23:00:00+00:00,False,,50.820566,-0.131095,,18-24,White - Any other White background,White,Police and Criminal Evidence Act 1984 (section 1),Stolen goods,Arrest,True,False
Person search,2023-09-02T23:00:00+00:00,False,,50.823684,-0.133831,,10-17,White - English/Welsh/Scottish/Northern Irish/British,White,Police and Criminal Evidence Act 1984 (section 1),Stolen goods,A no further action disposal,,False
Person search,2023-09-02T23:00:00+00:00,False,,50.823684,-0.133831,,,Black/African/Caribbean/Black British - Caribbean,Black,Police and Criminal Evidence Act 1984 (section 1),Stolen goods,A no further action disposal,,False
Person search,2023-09-02T23:00:00+00:00,False,,50.820566,-0.131095,,over 34,White - English/Welsh/Scottish/Northern Irish/British,White,Police and Criminal Evidence Act 1984 (section 1),Stolen goods,Arrest,True,False
Person search,2023-09-02T23:00:00+00:00,False,,50.820566,-0.131095,,over 34,White - English/Welsh/Scottish/Northern Irish/British,White,Police and Criminal Evidence Act 1984 (section 1),Stolen goods,Arrest,True,False
Person search,2023-09-02T23:00:00+00:00,False,,51.121016,-0.191287,,25-34,,White,Misuse of Drugs Act 1971 (section 23),Controlled drugs,Arrest,True,False
Person search,2023-09-02T23:00:00+00:00,False,,51.116206,-0.181516,,18-24,Asian/Asian British - Pakistani,Asian,Misuse of Drugs Act 1971 (section 23),Controlled drugs,Arrest,True,False
Person search,2023-09-02T23:00:00+00:00,False,,50.820566,-0.131095,,over 34,White - English/Welsh/Scottish/Northern Irish/British,White,Police and Criminal Evidence Act 1984 (section 1),Stolen goods,Arrest,True,False
Person search,2023-09-02T23:00:00+00:00,False,,50.823684,-0.133831,,,White - English/Welsh/Scottish/Northern Irish/British,White,Misuse of Drugs Act 1971 (section 23),,A no further action disposal,,False
Person search,2023-09-02T23:00:00+00:00,False,,50.820566,-0.131095,,over 34,White - English/Welsh/Scottish/Northern Irish/British,White,Police and Criminal Evidence Act 1984 (section 1),Stolen goods,Arrest,True,False
Person search,2023-09-03T23:00:00+00:00,False,,50.823684,-0.133831,,over 34,White - Any other White background,White,Police and Criminal Evidence Act 1984 (section 1),Stolen goods,A no further action disposal,,False
Person search,2023-09-03T23:00:00+00:00,False,,50.823684,-0.133831,,25-34,White - English/Welsh/Scottish/Northern Irish/British,White,Misuse of Drugs Act 1971 (section 23),Controlled drugs,Community resolution,True,False
Person search,2023-09-03T23:00:00+00:00,False,,50.823684,-0.133831,,over 34,,White,Misuse of Drugs Act 1971 (section 23),Controlled drugs,A no further action disposal,True,False
Person search,2023-09-03T23:00:00+00:00,False,,51.064679,-0.326827,,10-17,White - English/Welsh/Scottish/Northern Irish/British,White,Police and Criminal Evidence Act 1984 (section 1),Offensive weapons,A no further action disposal,,False
Person search,2023-09-03T23:00:00+00:00,False,,51.064679,-0.326827,,10-17,White - English/Welsh/Scottish/Northern Irish/British,White,Police and Criminal Evidence Act 1984 (section 1),Offensive weapons,A no further action disposal,,False
Person search,2023-09-03T23:00:00+00:00,False,,51.064679,-0.326827,,,White - English/Welsh/Scottish/Northern Irish/British,White,Police and Criminal Evidence Act 1984 (section 1),Article for use in theft,A no further action disposal,,False
Person search,2023-09-03T23:00:00+00:00,False,,51.064127,-0.322803,,10-17,,White,Police and Criminal Evidence Act 1984 (section 1),Stolen goods,A no further action disposal,,False
Person search,2023-09-03T23:00:00+00:00,False,,51.064679,-0.326827,,,White - English/Welsh/Scottish/Northern Irish/British,White,Police and Criminal Evidence Act 1984 (section 1),Stolen goods,A no further action disposal,,False
Person search,2023-09-03T23:00:00+00:00,False,,51.068803,-0.320897,,,White - English/Welsh/Scottish/Northern Irish/British,White,Police and Criminal Evidence Act 1984 (section 1),Stolen goods,A no further action disposal,,False
Person search,2023-09-03T23:00:00+00:00,False,,50.887317,-0.164055,,18-24,White - English/Welsh/Scottish/Northern Irish/British,White,Misuse of Drugs Act 1971 (section 23),Controlled drugs,Community resolution,True,False
Person search,2023-09-03T23:00:00+00:00,False,,50.835478,-0.143523,,over 34,Mixed/Multiple ethnic groups - Any other Mixed/Multiple ethnic background,Black,Misuse of Drugs Act 1971 (section 23),,Community resolution,True,False
Person search,2023-09-03T23:00:00+00:00,False,,50.823684,-0.133831,,over 34,White - English/Welsh/Scottish/Northern Irish/British,White,Police and Criminal Evidence Act 1984 (section 1),Offensive weapons,A no further action disposal,,False
Person search,2023-09-03T23:00:00+00:00,False,,,,,18-24,White - English/Welsh/Scottish/Northern Irish/British,White,Police and Criminal Evidence Act 1984 (section 1),Offensive weapons,A no further action disposal,,False
Person search,2023-09-03T23:00:00+00:00,False,,50.824946,-0.135591,,18-24,White - Any other White background,White,Police and Criminal Evidence Act 1984 (section 1),Offensive weapons,A no further action disposal,True,False
Person search,2023-09-03T23:00:00+00:00,False,,51.064679,-0.326827,,10-17,White - English/Welsh/Scottish/Northern Irish/British,White,Police and Criminal Evidence Act 1984 (section 1),Offensive weapons,A no further action disposal,,False
Person search,2023-09-03T23:00:00+00:00,False,,51.068803,-0.320897,,10-17,,White,Police and Criminal Evidence Act 1984 (section 1),Stolen goods,A no further action disposal,,False
Person search,2023-09-03T23:00:00+00:00,False,,51.068803,-0.320897,,10-17,,White,Police and Criminal Evidence Act 1984 (section 1),Stolen goods,Arrest,False,False
Person search,2023-09-03T23:00:00+00:00,False,,51.068803,-0.320897,,,White - English/Welsh/Scottish/Northern Irish/British,White,Police and Criminal Evidence Act 1984 (section 1),Stolen goods,A no further action disposal,,False
Person search,2023-09-03T23:00:00+00:00,False,,50.827236,-0.105780,,over 34,White - English/Welsh/Scottish/Northern Irish/British,White,Police and Criminal Evidence Act 1984 (section 1),Offensive weapons,A no further action disposal,False,False
Person search,2023-09-03T23:00:00+00:00,False,,50.853155,-0.552328,,10-17,White - English/Welsh/Scottish/Northern Irish/British,White,Police and Criminal Evidence Act 1984 (section 1),Article for use in theft,A no further action disposal,,False
Person search,2023-09-03T23:00:00+00:00,False,,50.828962,-0.409263,,25-34,White - English/Welsh/Scottish/Northern Irish/British,White,Misuse of Drugs Act 1971 (section 23),Controlled drugs,Community resolution,True,False
Person search,2023-09-04T23:00:00+00:00,False,,50.825531,-0.105438,,18-24,White - English/Welsh/Scottish/Northern Irish/British,White,Police and Criminal Evidence Act 1984 (section 1),Offensive weapons,A no further action disposal,,False
Person search,2023-09-04T23:00:00+00:00,False,,50.825531,-0.105438,,10-17,,White,Police and Criminal Evidence Act 1984 (section 1),Offensive weapons,A no further action disposal,,False
Person search,2023-09-04T23:00:00+00:00,False,,50.821479,-0.138143,,25-34,White - English/Welsh/Scottish/Northern Irish/British,White,Misuse of Drugs Act 1971 (section 23),Controlled drugs,A no further action disposal,False,False
Person search,2023-09-04T23:00:00+00:00,False,,50.784731,-0.675336,,25-34,White - English/Welsh/Scottish/Northern Irish/British,White,Misuse of Drugs Act 1971 (section 23),Controlled drugs,A no further action disposal,,False
Person search,2023-09-04T23:00:00+00:00,False,,51.114334,-0.199448,,over 34,White - English/Welsh/Scottish/Northern Irish/British,White,Misuse of Drugs Act 1971 (section 23),Controlled drugs,A no further action disposal,,False
Person search,2023-09-04T23:00:00+00:00,False,,50.825531,-0.105438,,10-17,,White,Police and Criminal Evidence Act 1984 (section 1),Offensive weapons,A no further action disposal,False,False
Person search,2023-09-04T23:00:00+00:00,False,,50.825531,-0.105438,,10-17,,Black,Police and Criminal Evidence Act 1984 (section 1),Offensive weapons,A no further action disposal,,False
Person search,2023-09-04T23:00:00+00:00,False,,50.864157,-0.401713,,18-24,White - English/Welsh/Scottish/Northern Irish/British,White,Misuse of Drugs Act 1971 (section 23),Controlled drugs,A no further action disposal,,False
Person search,2023-09-04T23:00:00+00:00,False,,50.834626,-0.235686,,,,White,Police and Criminal Evidence Act 1984 (section 1),Offensive weapons,A no further action disposal,,False
Person search,2023-09-04T23:00:00+00:00,False,,51.064679,-0.326827,,10-17,White - English/Welsh/Scottish/Northern Irish/British,White,Misuse of Drugs Act 1971 (section 23),Controlled drugs,Khat or Cannabis warning,True,False
Person search,2023-09-04T23:00:00+00:00,False,,50.825531,-0.105438,,10-17,White - English/Welsh/Scottish/Northern Irish/British,White,Police and Criminal Evidence Act 1984 (section 1),Offensive weapons,A no further action disposal,,False
Person search,2023-09-04T23:00:00+00:00,False,,50.824426,-0.361540,,18-24,White - English/Welsh/Scottish/Northern Irish/British,White,Police and Criminal Evidence Act 1984 (section 1),Article for use in theft,A no further action disposal,False,False
Person search,2023-09-04T23:00:00+00:00,False,,50.822461,-0.130891,,18-24,,Black,Misuse of Drugs Act 1971 (section 23),,A no further action disposal,,False
Person search,2023-09-04T23:00:00+00:00,False,,50.823731,-0.157065,,18-24,White - English/Welsh/Scottish/Northern Irish/British,White,Police and Criminal Evidence Act 1984 (section 1),Articles for use in criminal damage,Arrest,,False
Person search,2023-09-04T23:00:00+00:00,False,,50.789205,-0.671776,,25-34,White - English/Welsh/Scottish/Northern Irish/British,White,Misuse of Drugs Act 1971 (section 23),Controlled drugs,A no further action disposal,,False
Person search,2023-09-04T23:00:00+00:00,False,,50.825531,-0.105438,,10-17,White - English/Welsh/Scottish/Northern Irish/British,White,Police and Criminal Evidence Act 1984 (section 1),Offensive weapons,A no further action disposal,,False
Person search,2023-09-04T23:00:00+00:00,False,,51.156262,-0.160908,,over 34,Asian/Asian British - Pakistani,Asian,Police and Criminal Evidence Act 1984 (section 1),Article for use in theft,A no further action disposal,True,False
Person search,2023-09-04T23:00:00+00:00,False,,50.824426,-0.361540,,18-24,White - English/Welsh/Scottish/Northern Irish/British,White,Police and Criminal Evidence Act 1984 (section 1),Article for use in theft,A no further action disposal,,False
Person search,2023-09-05T23:00:00+00:00,False,,51.116206,-0.181516,,,White - Any other White background,White,Police and Criminal Evidence Act 1984 (section 1),Offensive weapons,A no further action disposal,False,False
Person search,2023-09-05T23:00:00+00:00,False,,51.156262,-0.160908,,18-24,Mixed/Multiple ethnic groups - White and Asian,White,Police and Criminal Evidence Act 1984 (section 1),Offensive weapons,A no further action disposal,,False
Person search,2023-09-05T23:00:00+00:00,False,,51.156262,-0.160908,,10-17,White - English/Welsh/Scottish/Northern Irish/British,White,Police and Criminal Evidence Act 1984 (section 1),Offensive weapons,A no further action disposal,,False
Person search,2023-09-05T23:00:00+00:00,False,,51.156262,-0.160908,,18-24,White - English/Welsh/Scottish/Northern Irish/British,White,Police and Criminal Evidence Act 1984 (section 1),Offensive weapons,A no further action disposal,,False
Person search,2023-09-05T23:00:00+00:00,False,,51.156262,-0.160908,,18-24,White - English/Welsh/Scottish/Northern Irish/British,White,Police and Criminal Evidence Act 1984 (section 1),Offensive weapons,A no further action disposal,,False
Person search,2023-09-05T23:00:00+00:00,False,,51.158039,-0.154416,,18-24,White - English/Welsh/Scottish/Northern Irish/British,White,Police and Criminal Evidence Act 1984 (section 1),Offensive weapons,A no further action disposal,,False
Person search,2023-09-05T23:00:00+00:00,False,,50.828302,-0.414241,,over 34,White - English/Welsh/Scottish/Northern Irish/British,White,Misuse of Drugs Act 1971 (section 23),Controlled drugs,A no further action disposal,,False
Person search,2023-09-05T23:00:00+00:00,False,,50.828302,-0.414241,,over 34,White - English/Welsh/Scottish/Northern Irish/British,White,Misuse of Drugs Act 1971 (section 23),Controlled drugs,A no further action disposal,,False
Person search,2023-09-05T23:00:00+00:00,False,,50.826874,-0.175642,,over 34,White - English/Welsh/Scottish/Northern Irish/British,White,Misuse of Drugs Act 1971 (section 23),Controlled drugs,Arrest,,False
Person search,2023-09-05T23:00:00+00:00,False,,51.156262,-0.160908,,10-17,White - English/Welsh/Scottish/Northern Irish/British,White,Police and Criminal Evidence Act 1984 (section 1),Offensive weapons,A no further action disposal,,False
Person search,2023-09-05T23:00:00+00:00,False,,51.160828,-0.177974,,25-34,White - English/Welsh/Scottish/Northern Irish/British,White,Police and Criminal Evidence Act 1984 (section 1),Stolen goods,Community resolution,True,False
Person search,2023-09-05T23:00:00+00:00,False,,50.812805,-0.368462,,25-34,,White,Misuse of Drugs Act 1971 (section 23),Controlled drugs,A no further action disposal,,False
Person search,2023-09-05T23:00:00+00:00,False,,50.812805,-0.368462,,over 34,White - English/Welsh/Scottish/Northern Irish/British,White,Misuse of Drugs Act 1971 (section 23),Controlled drugs,A no further action disposal,,False
Person search,2023-09-05T23:00:00+00:00,False,,51.115911,-0.184542,,25-34,Asian/Asian British - Pakistani,Asian,Misuse of Drugs Act 1971 (section 23),Controlled drugs,A no further action disposal,False,False
Person search,2023-09-05T23:00:00+00:00,False,,51.115911,-0.184542,,10-17,Mixed/Multiple ethnic groups - White and Asian,Asian,Psychoactive Substances Act 2016 (s36(2)),Psychoactive substances,,True,False
Person search,2023-09-06T23:00:00+00:00,False,,50.823684,-0.133831,,25-34,Other ethnic group - Any other ethnic group,Asian,Misuse of Drugs Act 1971 (section 23),Controlled drugs,Arrest,True,False
Person search,2023-09-06T23:00:00+00:00,False,,50.789205,-0.671776,,over 34,White - English/Welsh/Scottish/Northern Irish/British,White,Police and Criminal Evidence Act 1984 (section 1),Article for use in theft,Arrest,,False
Person search,2023-09-06T23:00:00+00:00,False,,50.858704,0.564494,,over 34,White - English/Welsh/Scottish/Northern Irish/British,White,Police and Criminal Evidence Act 1984 (section 1),Offensive weapons,Arrest,,False
Person search,2023-09-06T23:00:00+00:00,False,,51.156253,-0.163196,,over 34,White - English/Welsh/Scottish/Northern Irish/British,White,Police and Criminal Evidence Act 1984 (section 1),Offensive weapons,Arrest,True,False
Person search,2023-09-06T23:00:00+00:00,False,,50.828302,-0.414241,,over 34,White - English/Welsh/Scottish/Northern Irish/British,White,Misuse of Drugs Act 1971 (section 23),Controlled drugs,Arrest,True,True
Person search,2023-09-06T23:00:00+00:00,False,,50.789205,-0.671776,,over 34,White - English/Welsh/Scottish/Northern Irish/British,White,Police and Criminal Evidence Act 1984 (section 1),Article for use in theft,Arrest,,False
Person search,2023-09-06T23:00:00+00:00,False,,51.066386,-0.329234,,25-34,Mixed/Multiple ethnic groups - White and Asian,Asian,Police and Criminal Evidence Act 1984 (section 1),Offensive weapons,Community resolution,True,False
Person search,2023-09-07T23:00:00+00:00,False,,50.827665,-0.134645,,over 34,White - English/Welsh/Scottish/Northern Irish/British,White,Misuse of Drugs Act 1971 (section 23),Controlled drugs,Community resolution,True,False
Person search,2023-09-07T23:00:00+00:00,False,,50.827101,-0.135392,,25-34,,White,Misuse of Drugs Act 1971 (section 23),Controlled drugs,A no further action disposal,False,False
Person search,2023-09-07T23:00:00+00:00,False,,50.831005,-0.132937,,18-24,White - English/Welsh/Scottish/Northern Irish/British,White,Police and Criminal Evidence Act 1984 (section 1),Offensive weapons,Arrest,False,False
Person search,2023-09-07T23:00:00+00:00,False,,50.828587,-0.135503,,over 34,,Black,Police and Criminal Evidence Act 1984 (section 1),Offensive weapons,A no further action disposal,,False
Person search,2023-09-07T23:00:00+00:00,False,,50.816706,-0.489219,,18-24,White - English/Welsh/Scottish/Northern Irish/British,White,Police and Criminal Evidence Act 1984 (section 1),Article for use in theft,A no further action disposal,,False
Person search,2023-09-07T23:00:00+00:00,False,,50.787841,0.297725,,over 34,White - English/Welsh/Scottish/Northern Irish/British,White,Misuse of Drugs Act 1971 (section 23),Controlled drugs,Community resolution,True,False
Person search,2023-09-07T23:00:00+00:00,False,,50.787841,0.297725,,over 34,White - English/Welsh/Scottish/Northern Irish/British,White,Misuse of Drugs Act 1971 (section 23),Controlled drugs,A no further action disposal,,False
Person search,2023-09-07T23:00:00+00:00,False,,50.838700,-0.155567,,10-17,Mixed/Multiple ethnic groups - White and Asian,Asian,Misuse of Drugs Act 1971 (section 23),Controlled drugs,A no further action disposal,,False
Person search,2023-09-07T23:00:00+00:00,False,,50.818169,-0.370717,,25-34,,White,Misuse of Drugs Act 1971 (section 23),Controlled drugs,A no further action disposal,,False
Person search,2023-09-07T23:00:00+00:00,False,,50.828302,-0.414241,,25-34,White - English/Welsh/Scottish/Northern Irish/British,White,Misuse of Drugs Act 1971 (section 23),Controlled drugs,A no further action disposal,,False
Person search,2023-09-07T23:00:00+00:00,False,,50.785211,-0.693126,,,White - English/Welsh/Scottish/Northern Irish/British,White,Misuse of Drugs Act 1971 (section 23),Controlled drugs,Arrest,True,True
Person search,2023-09-07T23:00:00+00:00,False,,50.787841,0.297725,,under 10,White - English/Welsh/Scottish/Northern Irish/British,White,Misuse of Drugs Act 1971 (section 23),Controlled drugs,Community resolution,True,False
Person search,2023-09-07T23:00:00+00:00,False,,50.787841,0.297725,,,White - English/Welsh/Scottish/Northern Irish/British,White,Misuse of Drugs Act 1971 (section 23),Controlled drugs,A no further action disposal,,False
Person search,2023-09-07T23:00:00+00:00,False,,50.787841,0.297725,,18-24,White - English/Welsh/Scottish/Northern Irish/British,White,Misuse of Drugs Act 1971 (section 23),Controlled drugs,A no further action disposal,,False
Person search,2023-09-07T23:00:00+00:00,False,,50.787841,0.297725,,10-17,White - English/Welsh/Scottish/Northern Irish/British,White,Psychoactive Substances Act 2016 (s36(2)),Psychoactive substances,A no further action disposal,True,False
Vehicle search,2023-09-07T23:00:00+00:00,False,,50.858704,0.564494,,,,,Police and Criminal Evidence Act 1984 (section 1),Stolen goods,Arrest,True,
Person search,2023-09-07T23:00:00+00:00,False,,50.797600,-0.635510,,18-24,White - Any other White background,White,Misuse of Drugs Act 1971 (section 23),Controlled drugs,Arrest,,False
Person search,2023-09-07T23:00:00+00:00,False,,50.773327,0.107148,,10-17,White - English/Welsh/Scottish/Northern Irish/British,White,Psychoactive Substances Act 2016 (s36(2)),Psychoactive substances,,True,False
Person search,2023-09-07T23:00:00+00:00,False,,50.828302,-0.414241,,25-34,White - English/Welsh/Scottish/Northern Irish/British,White,Misuse of Drugs Act 1971 (section 23),Controlled drugs,Community resolution,True,False
Person search,2023-09-08T23:00:00+00:00,False,,50.828673,-0.142046,,18-24,White - English/Welsh/Scottish/Northern Irish/British,White,Police and Criminal Evidence Act 1984 (section 1),Article for use in theft,A no further action disposal,,False
Person search,2023-09-08T23:00:00+00:00,False,,50.822539,-0.127339,,10-17,White - English/Welsh/Scottish/Northern Irish/British,White,Police and Criminal Evidence Act 1984 (section 1),Offensive weapons,Arrest,,False
Person search,2023-09-08T23:00:00+00:00,False,,50.789205,-0.671776,,18-24,White - English/Welsh/Scottish/Northern Irish/British,White,Misuse of Drugs Act 1971 (section 23),Controlled drugs,Arrest,True,False
Person search,2023-09-08T23:00:00+00:00,False,,50.823684,-0.133831,,25-34,Black/African/Caribbean/Black British - African,Black,Misuse of Drugs Act 1971 (section 23),,A no further action disposal,,True
Person search,2023-09-08T23:00:00+00:00,False,,50.789205,-0.671776,,18-24,White - English/Welsh/Scottish/Northern Irish/British,White,Misuse of Drugs Act 1971 (section 23),Controlled drugs,Community resolution,True,False
Person search,2023-09-08T23:00:00+00:00,False,,50.829616,-0.336849,,25-34,White - English/Welsh/Scottish/Northern Irish/British,White,Police and Criminal Evidence Act 1984 (section 1),Stolen goods,Arrest,,False
Person search,2023-09-08T23:00:00+00:00,False,,50.824109,-0.125998,,10-17,White - English/Welsh/Scottish/Northern Irish/British,White,Police and Criminal Evidence Act 1984 (section 1),Offensive weapons,A no further action disposal,,False
Person search,2023-09-08T23:00:00+00:00,False,,51.116206,-0.181516,,10-17,White - English/Welsh/Scottish/Northern Irish/British,White,Police and Criminal Evidence Act 1984 (section 1),Offensive weapons,Arrest,True,False
Person search,2023-09-08T23:00:00+00:00,False,,50.815363,-0.558622,,18-24,White - English/Welsh/Scottish/Northern Irish/British,White,Misuse of Drugs Act 1971 (section 23),Controlled drugs,Arrest,True,False
Person search,2023-09-08T23:00:00+00:00,False,,50.791603,-0.673070,,over 34,White - Any other White background,White,Misuse of Drugs Act 1971 (section 23),Controlled drugs,A no further action disposal,,False
Person search,2023-09-08T23:00:00+00:00,False,,50.771365,0.291272,,25-34,White - English/Welsh/Scottish/Northern Irish/British,White,Police and Criminal Evidence Act 1984 (section 1),Article for use in theft,A no further action disposal,,False
Person search,2023-09-08T23:00:00+00:00,False,,50.770088,0.276559,,25-34,White - English/Welsh/Scottish/Northern Irish/British,White,Police and Criminal Evidence Act 1984 (section 1),Article for use in theft,A no further action disposal,,False
Person search,2023-09-08T23:00:00+00:00,False,,50.771365,0.291272,,25-34,White - English/Welsh/Scottish/Northern Irish/British,White,Police and Criminal Evidence Act 1984 (section 1),Article for use in theft,A no further action disposal,,False
Person search,2023-09-08T23:00:00+00:00,False,,50.875635,0.625770,,18-24,White - English/Welsh/Scottish/Northern Irish/British,White,Misuse of Drugs Act 1971 (section 23),Controlled drugs,Arrest,,False
Person search,2023-09-08T23:00:00+00:00,False,,50.875635,0.625770,,over 34,Black/African/Caribbean/Black British - Any other Black/African/Caribbean background,Black,Misuse of Drugs Act 1971 (section 23),Controlled drugs,Arrest,True,False
Person search,2023-09-08T23:00:00+00:00,False,,50.864766,-0.110797,,,Mixed/Multiple ethnic groups - Any other Mixed/Multiple ethnic background,White,Police and Criminal Evidence Act 1984 (section 1),Offensive weapons,A no further action disposal,,False
Person search,2023-09-09T23:00:00+00:00,False,,,,,10-17,Mixed/Multiple ethnic groups - White and Black African,Black,Police and Criminal Evidence Act 1984 (section 1),Stolen goods,A no further action disposal,,False
Person search,2023-09-09T23:00:00+00:00,False,,,,,10-17,White - English/Welsh/Scottish/Northern Irish/British,White,Police and Criminal Evidence Act 1984 (section 1),Stolen goods,A no further action disposal,,False
Person search,2023-09-09T23:00:00+00:00,False,,50.822451,-0.143784,,,Mixed/Multiple ethnic groups - Any other Mixed/Multiple ethnic background,Other,Psychoactive Substances Act 2016 (s36(2)),Psychoactive substances,,True,False
Person search,2023-09-09T23:00:00+00:00,False,,50.856270,0.578613,,18-24,Mixed/Multiple ethnic groups - White and Black African,Other,Misuse of Drugs Act 1971 (section 23),,A no further action disposal,,False
Person search,2023-09-09T23:00:00+00:00,False,,50.787841,0.297725,,over 34,Black/African/Caribbean/Black British - African,Black,Police and Criminal Evidence Act 1984 (section 1),Stolen goods,Arrest,False,False
Person search,2023-09-09T23:00:00+00:00,False,,50.822232,-0.144176,,,,Black,Psychoactive Substances Act 2016 (s36(2)),Psychoactive substances,,True,False
Person search,2023-09-09T23:00:00+00:00,False,,50.822451,-0.143784,,25-34,Black/African/Caribbean/Black British - Caribbean,Black,Psychoactive Substances Act 2016 (s36(2)),Psychoactive substances,,True,False
Person search,2023-09-09T23:00:00+00:00,False,,50.820708,-0.133191,,over 34,White - English/Welsh/Scottish/Northern Irish/British,White,Police and Criminal Evidence Act 1984 (section 1),Offensive weapons,Arrest,False,False
Person search,2023-09-09T23:00:00+00:00,False,,50.829177,-0.133009,,10-17,White - English/Welsh/Scottish/Northern Irish/British,White,Police and Criminal Evidence Act 1984 (section 1),Offensive weapons,A no further action disposal,,False
Person search,2023-09-09T23:00:00+00:00,False,,50.884144,0.010519,,10-17,White - English/Welsh/Scottish/Northern Irish/British,White,Police and Criminal Evidence Act 1984 (section 1),Article for use in theft,A no further action disposal,,False
Person search,2023-09-09T23:00:00+00:00,False,,50.826115,-0.142346,,,White - English/Welsh/Scottish/Northern Irish/British,White,Psychoactive Substances Act 2016 (s36(2)),Psychoactive substances,,,False
Person search,2023-09-09T23:00:00+00:00,False,,50.829662,-0.135219,,10-17,White - English/Welsh/Scottish/Northern Irish/British,White,Police and Criminal Evidence Act 1984 (section 1),Offensive weapons,Summons / charged by post,True,False
Person search,2023-09-09T23:00:00+00:00,False,,51.117213,-0.191978,,25-34,,Black,Misuse of Drugs Act 1971 (section 23),Controlled drugs,Arrest,True,False
Person search,2023-09-09T23:00:00+00:00,False,,50.856270,0.578613,,18-24,White - English/Welsh/Scottish/Northern Irish/British,White,Misuse of Drugs Act 1971 (section 23),,Arrest,True,False
Person search,2023-09-09T23:00:00+00:00,False,,50.856270,0.578613,,18-24,Other ethnic group - Any other ethnic group,White,Misuse of Drugs Act 1971 (section 23),Controlled drugs,Arrest,False,False
Person search,2023-09-09T23:00:00+00:00,False,,51.115010,-0.189092,,,,Black,Police and Criminal Evidence Act 1984 (section 1),Offensive weapons,A no further action disposal,,False
Person search,2023-09-09T23:00:00+00:00,False,,50.820708,-0.133191,,25-34,,White,Firearms Act 1968 (section 47),Firearms,Arrest,,False
Person search,2023-09-09T23:00:00+00:00,False,,51.121734,-0.187715,,18-24,White - English/Welsh/Scottish/Northern Irish/British,White,Misuse of Drugs Act 1971 (section 23),Controlled drugs,Community resolution,,False
Person search,2023-09-10T23:00:00+00:00,False,,50.823472,-0.135054,,over 34,White - English/Welsh/Scottish/Northern Irish/British,White,Police and Criminal Evidence Act 1984 (section 1),Article for use in theft,A no further action disposal,,False
Person search,2023-09-10T23:00:00+00:00,False,,51.131699,-0.144175,,18-24,Other ethnic group - Any other ethnic group,White,Misuse of Drugs Act 1971 (section 23),Controlled drugs,A no further action disposal,,False
Person search,2023-09-10T23:00:00+00:00,False,,50.820709,-0.132154,,over 34,White - English/Welsh/Scottish/Northern Irish/British,White,Police and Criminal Evidence Act 1984 (section 1),Offensive weapons,Arrest,True,False
Person search,2023-09-10T23:00:00+00:00,False,,50.787841,0.297725,,18-24,White - English/Welsh/Scottish/Northern Irish/British,White,Misuse of Drugs Act 1971 (section 23),Controlled drugs,A no further action disposal,True,False
Person search,2023-09-10T23:00:00+00:00,False,,51.125297,-0.191905,,,White - Any other White background,White,Misuse of Drugs Act 1971 (section 23),Controlled drugs,A no further action disposal,True,False
Person search,2023-09-10T23:00:00+00:00,False,,50.828302,-0.414241,,over 34,White - English/Welsh/Scottish/Northern Irish/British,White,Police and Criminal Evidence Act 1984 (section 1),Stolen goods,A no further action disposal,,False
Person search,2023-09-10T23:00:00+00:00,False,,51.116206,-0.181516,,18-24,White - Any other White background,White,Misuse of Drugs Act 1971 (section 23),Controlled drugs,Arrest,False,True
Person search,2023-09-10T23:00:00+00:00,False,,51.131699,-0.144175,,25-34,White - Any other White background,White,Misuse of Drugs Act 1971 (section 23),,A no further action disposal,,False
Person search,2023-09-10T23:00:00+00:00,False,,50.823684,-0.133831,,over 34,White - Any other White background,White,Police and Criminal Evidence Act 1984 (section 1),Offensive weapons,A no further action disposal,True,False
Person search,2023-09-10T23:00:00+00:00,False,,51.170063,-0.168169,,18-24,White - English/Welsh/Scottish/Northern Irish/British,White,Misuse of Drugs Act 1971 (section 23),Controlled drugs,Community resolution,True,False
Person search,2023-09-10T23:00:00+00:00,False,,50.878087,0.262244,,10-17,White - English/Welsh/Scottish/Northern Irish/British,White,Police and Criminal Evidence Act 1984 (section 1),Offensive weapons,A no further action disposal,,False
Vehicle search,2023-09-10T23:00:00+00:00,False,,51.015410,-0.147666,,,,,Police and Criminal Evidence Act 1984 (section 1),Offensive weapons,A no further action disposal,True,
Person search,2023-09-10T23:00:00+00:00,False,,50.953724,-0.128364,,,,White,Police and Criminal Evidence Act 1984 (section 1),Offensive weapons,A no further action disposal,,False
Person search,2023-09-10T23:00:00+00:00,False,,50.956855,-0.139145,,10-17,White - English/Welsh/Scottish/Northern Irish/British,White,Police and Criminal Evidence Act 1984 (section 1),Offensive weapons,A no further action disposal,,False
Person search,2023-09-10T23:00:00+00:00,False,,50.840682,-0.764396,,10-17,Black/African/Caribbean/Black British - Caribbean,White,Police and Criminal Evidence Act 1984 (section 1),Article for use in theft,A no further action disposal,False,False
Vehicle search,2023-09-10T23:00:00+00:00,False,,50.830462,-0.781123,,,,,Misuse of Drugs Act 1971 (section 23),Controlled drugs,Community resolution,True,
Person search,2023-09-10T23:00:00+00:00,False,,50.823684,-0.133831,,over 34,White - English/Welsh/Scottish/Northern Irish/British,White,Police and Criminal Evidence Act 1984 (section 1),Offensive weapons,A no further action disposal,,False
Person search,2023-09-10T23:00:00+00:00,False,,51.062497,-0.327719,,10-17,White - English/Welsh/Scottish/Northern Irish/British,White,Police and Criminal Evidence Act 1984 (section 1),Stolen goods,A no further action disposal,,False
Person search,2023-09-10T23:00:00+00:00,False,,51.062497,-0.327719,,10-17,White - English/Welsh/Scottish/Northern Irish/British,White,Police and Criminal Evidence Act 1984 (section 1),Stolen goods,A no further action disposal,False,False
Person search,2023-09-10T23:00:00+00:00,False,,50.953028,-0.127068,,10-17,White - English/Welsh/Scottish/Northern Irish/British,White,Police and Criminal Evidence Act 1984 (section 1),Offensive weapons,A no further action disposal,,False
Person search,2023-09-10T23:00:00+00:00,False,,50.950889,-0.126043,,10-17,,White,Police and Criminal Evidence Act 1984 (section 1),Offensive weapons,A no further action disposal,,False
Person search,2023-09-10T23:00:00+00:00,False,,50.840682,-0.764396,,10-17,White - English/Welsh/Scottish/Northern Irish/British,White,Police and Criminal Evidence Act 1984 (section 1),Stolen goods,A no further action disposal,,False
Person search,2023-09-10T23:00:00+00:00,False,,50.840682,-0.764396,,10-17,Mixed/Multiple ethnic groups - White and Black Caribbean,Black,Police and Criminal Evidence Act 1984 (section 1),Stolen goods,A no further action disposal,,False
Person search,2023-09-10T23:00:00+00:00,False,,50.968825,0.252573,,over 34,White - English/Welsh/Scottish/Northern Irish/British,White,Police and Criminal Evidence Act 1984 (section 1),Offensive weapons,Arrest,,False
Person search,2023-09-10T23:00:00+00:00,False,,50.875106,0.010969,,18-24,White - English/Welsh/Scottish/Northern Irish/British,White,Police and Criminal Evidence Act 1984 (section 1),Offensive weapons,A no further action disposal,True,False
Person search,2023-09-10T23:00:00+00:00,False,,50.840682,-0.764396,,10-17,Mixed/Multiple ethnic groups - White and Black African,Black,Police and Criminal Evidence Act 1984 (section 1),Article for use in theft,Summons / charged by post,False,False
Person search,2023-09-10T23:00:00+00:00,False,,50.953724,-0.128364,,10-17,,Black,Police and Criminal Evidence Act 1984 (section 1),Offensive weapons,A no further action disposal,,False
Person search,2023-09-10T23:00:00+00:00,False,,51.161150,-0.169781,,10-17,White - English/Welsh/Scottish/Northern Irish/British,White,Police and Criminal Evidence Act 1984 (section 1),Offensive weapons,A no further action disposal,,False
Person search,2023-09-10T23:00:00+00:00,False,,50.821431,-0.370504,,18-24,Black/African/Caribbean/Black British - African,White,Police and Criminal Evidence Act 1984 (section 1),Offensive weapons,A no further action disposal,,False
Person search,2023-09-10T23:00:00+00:00,False,,51.062497,-0.327719,,10-17,White - English/Welsh/Scottish/Northern Irish/British,White,Police and Criminal Evidence Act 1984 (section 1),Stolen goods,A no further action disposal,,False
Person search,2023-09-10T23:00:00+00:00,False,,50.822291,-0.371553,,18-24,White - English/Welsh/Scottish/Northern Irish/British,White,Police and Criminal Evidence Act 1984 (section 1),Offensive weapons,A no further action disposal,,False
Person search,2023-09-10T23:00:00+00:00,False,,50.822291,-0.371553,,18-24,,White,Police and Criminal Evidence Act 1984 (section 1),Offensive weapons,A no further action disposal,,False
Person search,2023-09-11T23:00:00+00:00,False,,50.884144,0.010519,,10-17,Mixed/Multiple ethnic groups - White and Black African,Black,Police and Criminal Evidence Act 1984 (section 1),Stolen goods,Arrest,False,False
Person search,2023-09-11T23:00:00+00:00,False,,50.829093,0.236840,,25-34,White - English/Welsh/Scottish/Northern Irish/British,White,Misuse of Drugs Act 1971 (section 23),Controlled drugs,A no further action disposal,True,False
Person search,2023-09-11T23:00:00+00:00,False,,51.124973,-0.198277,,25-34,White - English/Welsh/Scottish/Northern Irish/British,White,Police and Criminal Evidence Act 1984 (section 1),Stolen goods,A no further action disposal,True,False
Person search,2023-09-11T23:00:00+00:00,False,,50.829094,-0.130627,,10-17,White - Gypsy or Irish Traveller,Black,Police and Criminal Evidence Act 1984 (section 1),Stolen goods,A no further action disposal,,False
Person search,2023-09-11T23:00:00+00:00,False,,50.823684,-0.133831,,18-24,,White,Misuse of Drugs Act 1971 (section 23),Controlled drugs,A no further action disposal,False,False
Person search,2023-09-11T23:00:00+00:00,False,,50.771523,0.261537,,18-24,White - English/Welsh/Scottish/Northern Irish/British,White,Misuse of Drugs Act 1971 (section 23),Controlled drugs,A no further action disposal,True,False
Person search,2023-09-11T23:00:00+00:00,False,,50.823684,-0.133831,,18-24,,White,Misuse of Drugs Act 1971 (section 23),Controlled drugs,A no further action disposal,False,False
Person search,2023-09-11T23:00:00+00:00,False,,51.126119,-0.013648,,18-24,White - English/Welsh/Scottish/Northern Irish/British,White,Misuse of Drugs Act 1971 (section 23),Controlled drugs,A no further action disposal,,False
Person search,2023-09-11T23:00:00+00:00,False,,51.126332,-0.013481,,25-34,White - English/Welsh/Scottish/Northern Irish/British,White,Misuse of Drugs Act 1971 (section 23),Controlled drugs,A no further action disposal,,False
Person search,2023-09-11T23:00:00+00:00,False,,50.859028,0.270643,,18-24,White - English/Welsh/Scottish/Northern Irish/British,White,Misuse of Drugs Act 1971 (section 23),Controlled drugs,A no further action disposal,,False
Person search,2023-09-11T23:00:00+00:00,False,,51.126119,-0.013648,,18-24,White - English/Welsh/Scottish/Northern Irish/British,White,Misuse of Drugs Act 1971 (section 23),Controlled drugs,A no further action disposal,,False
Person search,2023-09-11T23:00:00+00:00,False,,51.126119,-0.013648,,25-34,White - Any other White background,White,Misuse of Drugs Act 1971 (section 23),Controlled drugs,A no further action disposal,,False
Person search,2023-09-11T23:00:00+00:00,False,,50.866219,-0.025781,,10-17,White - English/Welsh/Scottish/Northern Irish/British,White,Police and Criminal Evidence Act 1984 (section 1),Stolen goods,A no further action disposal,,False
Person search,2023-09-11T23:00:00+00:00,False,,50.812654,-0.102240,,over 34,,White,Misuse of Drugs Act 1971 (section 23),Controlled drugs,A no further action disposal,False,False
Person search,2023-09-11T23:00:00+00:00,False,,50.830462,-0.781123,,18-24,White - English/Welsh/Scottish/Northern Irish/British,White,Misuse of Drugs Act 1971 (section 23),Controlled drugs,A no further action disposal,True,False
Vehicle search,2023-09-11T23:00:00+00:00,False,,50.873019,0.598785,,,,,Misuse of Drugs Act 1971 (section 23),Controlled drugs,Summons / charged by post,True,
Person search,2023-09-11T23:00:00+00:00,False,,50.823684,-0.133831,,25-34,Mixed/Multiple ethnic groups - White and Black Caribbean,White,Misuse of Drugs Act 1971 (section 23),Controlled drugs,A no further action disposal,,True
Person search,2023-09-11T23:00:00+00:00,False,,50.812957,-0.105946,,25-34,White - English/Welsh/Scottish/Northern Irish/British,White,Misuse of Drugs Act 1971 (section 23),Controlled drugs,A no further action disposal,False,False
Person search,2023-09-12T23:00:00+00:00,False,,50.923428,-0.152830,,18-24,White - English/Welsh/Scottish/Northern Irish/British,White,Police and Criminal Evidence Act 1984 (section 1),Offensive weapons,A no further action disposal,,False
Person search,2023-09-12T23:00:00+00:00,False,,50.836577,-0.210401,,10-17,White - English/Welsh/Scottish/Northern Irish/British,White,Police and Criminal Evidence Act 1984 (section 1),Article for use in theft,Community resolution,False,False
Person search,2023-09-12T23:00:00+00:00,False,,50.823684,-0.133831,,10-17,White - English/Welsh/Scottish/Northern Irish/British,White,Police and Criminal Evidence Act 1984 (section 1),Article for use in theft,Community resolution,False,False
Person search,2023-09-12T23:00:00+00:00,False,,50.818923,-0.122302,,25-34,,White,Police and Criminal Evidence Act 1984 (section 1),Offensive weapons,A no further action disposal,,False
Person search,2023-09-12T23:00:00+00:00,False,,50.828282,-0.150809,,over 34,White - English/Welsh/Scottish/Northern Irish/British,White,Police and Criminal Evidence Act 1984 (section 1),Offensive weapons,A no further action disposal,,False
Person search,2023-09-12T23:00:00+00:00,False,,51.115893,-0.185129,,over 34,White - Any other White background,White,Police and Criminal Evidence Act 1984 (section 1),Stolen goods,A no further action disposal,,False
Person search,2023-09-12T23:00:00+00:00,False,,50.842303,0.486189,,over 34,White - English/Welsh/Scottish/Northern Irish/British,White,Misuse of Drugs Act 1971 (section 23),Controlled drugs,Arrest,True,False
Person search,2023-09-12T23:00:00+00:00,False,,51.117402,-0.183283,,10-17,White - English/Welsh/Scottish/Northern Irish/British,White,Police and Criminal Evidence Act 1984 (section 1),Offensive weapons,A no further action disposal,,False
Person search,2023-09-12T23:00:00+00:00,False,,51.116206,-0.181516,,over 34,,White,Police and Criminal Evidence Act 1984 (section 1),Stolen goods,A no further action disposal,,False
Person search,2023-09-12T23:00:00+00:00,False,,50.828587,-0.135503,,25-34,White - English/Welsh/Scottish/Northern Irish/British,White,Police and Criminal Evidence Act 1984 (section 1),Offensive weapons,A no further action disposal,,False
Person search,2023-09-12T23:00:00+00:00,False,,50.844387,0.505222,,18-24,White - English/Welsh/Scottish/Northern Irish/British,White,Police and Criminal Evidence Act 1984 (section 1),Offensive weapons,A no further action disposal,,False
Person search,2023-09-12T23:00:00+00:00,False,,51.161150,-0.169781,,,,White,Misuse of Drugs Act 1971 (section 23),Controlled drugs,Community resolution,True,False
Person search,2023-09-12T23:00:00+00:00,False,,50.832154,-0.780369,,10-17,Mixed/Multiple ethnic groups - Any other Mixed/Multiple ethnic background,White,Police and Criminal Evidence Act 1984 (section 1),Stolen goods,,False,False
Person search,2023-09-12T23:00:00+00:00,False,,50.842303,0.486189,,over 34,White - English/Welsh/Scottish/Northern Irish/British,White,Misuse of Drugs Act 1971 (section 23),Controlled drugs,A no further action disposal,,False
Person search,2023-09-12T23:00:00+00:00,False,,50.823684,-0.133831,,18-24,White - English/Welsh/Scottish/Northern Irish/British,White,Police and Criminal Evidence Act 1984 (section 1),Offensive weapons,A no further action disposal,,False
Person search,2023-09-12T23:00:00+00:00,False,,50.823684,-0.133831,,10-17,White - English/Welsh/Scottish/Northern Irish/British,White,Misuse of Drugs Act 1971 (section 23),Controlled drugs,Community resolution,False,False
Person search,2023-09-12T23:00:00+00:00,False,,51.158302,-0.162514,,over 34,Asian/Asian British - Indian,Black,Misuse of Drugs Act 1971 (section 23),Controlled drugs,Community resolution,True,False
Person search,2023-09-12T23:00:00+00:00,False,,50.769031,0.291059,,,White - English/Welsh/Scottish/Northern Irish/British,White,Misuse of Drugs Act 1971 (section 23),Controlled drugs,A no further action disposal,,False
Person search,2023-09-12T23:00:00+00:00,False,,50.827559,-0.185541,,10-17,,Black,Misuse of Drugs Act 1971 (section 23),Controlled drugs,A no further action disposal,,False
Person search,2023-09-12T23:00:00+00:00,False,,50.834794,-0.170221,,10-17,White - English/Welsh/Scottish/Northern Irish/British,White,Police and Criminal Evidence Act 1984 (section 1),Offensive weapons,A no further action disposal,,False
Person search,2023-09-12T23:00:00+00:00,False,,50.823684,-0.133831,,18-24,White - English/Welsh/Scottish/Northern Irish/British,White,Police and Criminal Evidence Act 1984 (section 1),Offensive weapons,A no further action disposal,,False
Person search,2023-09-12T23:00:00+00:00,False,,50.810868,-0.550059,,18-24,White - English/Welsh/Scottish/Northern Irish/British,White,Police and Criminal Evidence Act 1984 (section 1),Offensive weapons,A no further action disposal,False,False
Person search,2023-09-13T23:00:00+00:00,False,,51.158309,-0.154991,,25-34,,White,Misuse of Drugs Act 1971 (section 23),Controlled drugs,Arrest,True,False
Vehicle search,2023-09-13T23:00:00+00:00,False,,50.766919,0.286871,,,,,Police and Criminal Evidence Act 1984 (section 1),Article for use in theft,Arrest,True,
Person search,2023-09-13T23:00:00+00:00,False,,50.788309,0.301848,,over 34,White - English/Welsh/Scottish/Northern Irish/British,White,Police and Criminal Evidence Act 1984 (section 1),Offensive weapons,Arrest,True,False
Person search,2023-09-13T23:00:00+00:00,False,,50.867110,-0.122353,,25-34,White - English/Welsh/Scottish/Northern Irish/British,White,Misuse of Drugs Act 1971 (section 23),Controlled drugs,Arrest,True,False
Person search,2023-09-13T23:00:00+00:00,False,,51.068803,-0.320897,,over 34,White - English/Welsh/Scottish/Northern Irish/British,White,Police and Criminal Evidence Act 1984 (section 1),Stolen goods,Arrest,True,False
Person search,2023-09-13T23:00:00+00:00,False,,50.830594,-0.135026,,,,Black,Police and Criminal Evidence Act 1984 (section 1),Offensive weapons,A no further action disposal,False,False
Person search,2023-09-13T23:00:00+00:00,False,,50.823684,-0.133831,,10-17,White - English/Welsh/Scottish/Northern Irish/British,White,Police and Criminal Evidence Act 1984 (section 1),Offensive weapons,A no further action disposal,,False
Person search,2023-09-13T23:00:00+00:00,False,,50.821023,-0.132653,,25-34,White - English/Welsh/Scottish/Northern Irish/British,White,Police and Criminal Evidence Act 1984 (section 1),Stolen goods,Community resolution,True,False
Person search,2023-09-13T23:00:00+00:00,False,,50.856270,0.578613,,,,White,Police and Criminal Evidence Act 1984 (section 1),Offensive weapons,A no further action disposal,,False
Person search,2023-09-13T23:00:00+00:00,False,,51.105469,-0.187937,,18-24,White - Gypsy or Irish Traveller,White,Misuse of Drugs Act 1971 (section 23),Controlled drugs,A no further action disposal,,False
Person search,2023-09-13T23:00:00+00:00,False,,51.116206,-0.181516,,18-24,White - Gypsy or Irish Traveller,White,Misuse of Drugs Act 1971 (section 23),Controlled drugs,A no further action disposal,,False
Person search,2023-09-14T23:00:00+00:00,False,,51.113240,-0.178732,,25-34,Mixed/Multiple ethnic groups - White and Black Caribbean,White,Misuse of Drugs Act 1971 (section 23),,A no further action disposal,False,False
Person search,2023-09-14T23:00:00+00:00,False,,50.856154,0.571644,,10-17,White - English/Welsh/Scottish/Northern Irish/British,White,Misuse of Drugs Act 1971 (section 23),Controlled drugs,Community resolution,True,False
Person search,2023-09-14T23:00:00+00:00,False,,50.784919,-0.686382,,over 34,White - Any other White background,White,Misuse of Drugs Act 1971 (section 23),Controlled drugs,A no further action disposal,False,False
Person search,2023-09-14T23:00:00+00:00,False,,50.789205,-0.671776,,10-17,White - English/Welsh/Scottish/Northern Irish/British,White,Police and Criminal Evidence Act 1984 (section 1),Articles for use in criminal damage,,False,False
Person search,2023-09-14T23:00:00+00:00,False,,51.113240,-0.178732,,18-24,White - English/Welsh/Scottish/Northern Irish/British,White,Misuse of Drugs Act 1971 (section 23),Controlled drugs,A no further action disposal,,False
Person search,2023-09-14T23:00:00+00:00,False,,50.867110,-0.122353,,18-24,Other ethnic group - Arab,Other,Misuse of Drugs Act 1971 (section 23),Controlled drugs,Community resolution,True,False
Person search,2023-09-14T23:00:00+00:00,False,,51.116206,-0.181516,,18-24,White - English/Welsh/Scottish/Northern Irish/British,White,Police and Criminal Evidence Act 1984 (section 1),Offensive weapons,Community resolution,False,False
Person search,2023-09-14T23:00:00+00:00,False,,50.796211,-0.635962,,18-24,White - English/Welsh/Scottish/Northern Irish/British,White,Misuse of Drugs Act 1971 (section 23),Controlled drugs,A no further action disposal,,False
Person search,2023-09-14T23:00:00+00:00,False,,50.789205,-0.671776,,10-17,White - English/Welsh/Scottish/Northern Irish/British,White,Police and Criminal Evidence Act 1984 (section 1),Articles for use in criminal damage,A no further action disposal,,False
Person search,2023-09-14T23:00:00+00:00,False,,51.116206,-0.181516,,18-24,White - English/Welsh/Scottish/Northern Irish/British,White,Police and Criminal Evidence Act 1984 (section 1),Offensive weapons,Community resolution,False,False
Person search,2023-09-14T23:00:00+00:00,False,,51.116206,-0.181516,,10-17,White - English/Welsh/Scottish/Northern Irish/British,White,Misuse of Drugs Act 1971 (section 23),,A no further action disposal,,True
Person search,2023-09-15T23:00:00+00:00,False,,50.816424,-0.379750,,18-24,White - English/Welsh/Scottish/Northern Irish/British,White,Misuse of Drugs Act 1971 (section 23),,A no further action disposal,,False
Person search,2023-09-15T23:00:00+00:00,False,,50.828302,-0.414241,,18-24,White - English/Welsh/Scottish/Northern Irish/British,White,Misuse of Drugs Act 1971 (section 23),Controlled drugs,A no further action disposal,,False
Person search,2023-09-15T23:00:00+00:00,False,,50.828302,-0.414241,,18-24,Black/African/Caribbean/Black British - African,Black,Misuse of Drugs Act 1971 (section 23),Controlled drugs,A no further action disposal,,True
Person search,2023-09-15T23:00:00+00:00,False,,50.839689,-0.190568,,over 34,White - English/Welsh/Scottish/Northern Irish/British,White,Firearms Act 1968 (section 47),Firearms,A no further action disposal,True,False
Person search,2023-09-15T23:00:00+00:00,False,,50.823684,-0.133831,,over 34,Other ethnic group - Arab,Other,Misuse of Drugs Act 1971 (section 23),Controlled drugs,A no further action disposal,,False
Person search,2023-09-15T23:00:00+00:00,False,,50.823684,-0.133831,,25-34,Asian/Asian British - Any other Asian background,Asian,Misuse of Drugs Act 1971 (section 23),Controlled drugs,A no further action disposal,,False
Person search,2023-09-15T23:00:00+00:00,False,,50.769999,0.280667,,over 34,White - English/Welsh/Scottish/Northern Irish/British,White,Police and Criminal Evidence Act 1984 (section 1),Offensive weapons,A no further action disposal,,False
Person search,2023-09-15T23:00:00+00:00,False,,51.219286,-0.163882,,25-34,,Asian,Misuse of Drugs Act 1971 (section 23),Controlled drugs,A no further action disposal,,False
Person search,2023-09-15T23:00:00+00:00,False,,50.823684,-0.133831,,25-34,Other ethnic group - Arab,Other,Misuse of Drugs Act 1971 (section 23),Controlled drugs,A no further action disposal,,False
Person search,2023-09-15T23:00:00+00:00,False,,51.113137,-0.190651,,10-17,Black/African/Caribbean/Black British - Any other Black/African/Caribbean background,Black,Misuse of Drugs Act 1971 (section 23),,A no further action disposal,,False
Person search,2023-09-15T23:00:00+00:00,False,,50.822050,-0.380109,,over 34,White - English/Welsh/Scottish/Northern Irish/British,White,Police and Criminal Evidence Act 1984 (section 1),Offensive weapons,Arrest,,True
Person search,2023-09-15T23:00:00+00:00,False,,50.790471,0.297073,,,,Asian,Misuse of Drugs Act 1971 (section 23),,Arrest,,False
Person search,2023-09-15T23:00:00+00:00,False,,50.787841,0.297725,,10-17,White - English/Welsh/Scottish/Northern Irish/British,White,Firearms Act 1968 (section 47),Firearms,A no further action disposal,True,False
Person search,2023-09-16T23:00:00+00:00,False,,51.116206,-0.181516,,18-24,White - English/Welsh/Scottish/Northern Irish/British,White,Misuse of Drugs Act 1971 (section 23),Controlled drugs,A no further action disposal,,False
Person search,2023-09-16T23:00:00+00:00,False,,51.115730,-0.188493,,18-24,White - English/Welsh/Scottish/Northern Irish/British,White,Misuse of Drugs Act 1971 (section 23),Controlled drugs,Community resolution,True,False
Person search,2023-09-16T23:00:00+00:00,False,,51.106851,-0.225267,,25-34,Black/African/Caribbean/Black British - Caribbean,Black,Misuse of Drugs Act 1971 (section 23),Controlled drugs,Community resolution,True,False
Person search,2023-09-16T23:00:00+00:00,False,,51.126834,-0.009715,,25-34,White - English/Welsh/Scottish/Northern Irish/British,White,Misuse of Drugs Act 1971 (section 23),Controlled drugs,Arrest,True,False
Person search,2023-09-16T23:00:00+00:00,False,,50.810386,-0.381406,,over 34,White - English/Welsh/Scottish/Northern Irish/British,White,Police and Criminal Evidence Act 1984 (section 1),Article for use in theft,A no further action disposal,,False
Person search,2023-09-16T23:00:00+00:00,False,,51.126834,-0.009715,,25-34,White - Any other White background,White,Police and Criminal Evidence Act 1984 (section 1),Article for use in theft,Arrest,,False
Person search,2023-09-16T23:00:00+00:00,False,,50.821071,-0.145230,,18-24,Mixed/Multiple ethnic groups - White and Black Caribbean,Black,Police and Criminal Evidence Act 1984 (section 1),Offensive weapons,A no further action disposal,,False
Person search,2023-09-16T23:00:00+00:00,False,,50.830631,-0.419572,,over 34,White - English/Welsh/Scottish/Northern Irish/British,White,Firearms Act 1968 (section 47),Firearms,Community resolution,True,False
Person search,2023-09-16T23:00:00+00:00,False,,51.116206,-0.181516,,18-24,White - English/Welsh/Scottish/Northern Irish/British,White,Misuse of Drugs Act 1971 (section 23),Controlled drugs,A no further action disposal,,False
Person search,2023-09-16T23:00:00+00:00,False,,50.828509,-0.153810,,over 34,,White,Police and Criminal Evidence Act 1984 (section 1),Article for use in theft,Arrest,True,False
Person search,2023-09-16T23:00:00+00:00,False,,51.004205,-0.110597,,18-24,White - English/Welsh/Scottish/Northern Irish/British,White,Misuse of Drugs Act 1971 (section 23),Controlled drugs,Community resolution,True,False
Person search,2023-09-16T23:00:00+00:00,False,,51.116206,-0.181516,,18-24,White - English/Welsh/Scottish/Northern Irish/British,White,Misuse of Drugs Act 1971 (section 23),Controlled drugs,A no further action disposal,,False
Person search,2023-09-16T23:00:00+00:00,False,,51.107049,-0.225288,,over 34,Black/African/Caribbean/Black British - Any other Black/African/Caribbean background,Black,Misuse of Drugs Act 1971 (section 23),Controlled drugs,A no further action disposal,,False
Person search,2023-09-16T23:00:00+00:00,False,,51.115730,-0.188493,,18-24,White - English/Welsh/Scottish/Northern Irish/British,White,Misuse of Drugs Act 1971 (section 23),Controlled drugs,A no further action disposal,,False
Person search,2023-09-16T23:00:00+00:00,False,,50.813432,-0.372131,,over 34,White - English/Welsh/Scottish/Northern Irish/British,White,Police and Criminal Evidence Act 1984 (section 1),Offensive weapons,A no further action disposal,,False
Person search,2023-09-16T23:00:00+00:00,False,,51.117494,-0.189167,,18-24,White - English/Welsh/Scottish/Northern Irish/British,White,Misuse of Drugs Act 1971 (section 23),Controlled drugs,A no further action disposal,,False
Person search,2023-09-17T23:00:00+00:00,False,,,,,over 34,White - English/Welsh/Scottish/Northern Irish/British,White,Misuse of Drugs Act 1971 (section 23),Controlled drugs,A no further action disposal,False,False
Person search,2023-09-17T23:00:00+00:00,False,,50.821686,-0.133081,,over 34,White - Any other White background,White,Misuse of Drugs Act 1971 (section 23),Controlled drugs,A no further action disposal,,False
Person search,2023-09-17T23:00:00+00:00,False,,50.852187,0.560229,,25-34,White - English/Welsh/Scottish/Northern Irish/British,White,Misuse of Drugs Act 1971 (section 23),Controlled drugs,A no further action disposal,,False
Person search,2023-09-17T23:00:00+00:00,False,,50.828836,-0.167089,,25-34,,Other,Police and Criminal Evidence Act 1984 (section 1),Offensive weapons,A no further action disposal,,False
Person search,2023-09-17T23:00:00+00:00,False,,50.787841,0.297725,,25-34,White - English/Welsh/Scottish/Northern Irish/British,White,Misuse of Drugs Act 1971 (section 23),,A no further action disposal,,False
Person search,2023-09-17T23:00:00+00:00,False,,50.821760,-0.132652,,over 34,White - English/Welsh/Scottish/Northern Irish/British,White,Misuse of Drugs Act 1971 (section 23),,A no further action disposal,,False
Person search,2023-09-17T23:00:00+00:00,False,,50.829554,-0.148231,,10-17,Mixed/Multiple ethnic groups - White and Asian,Asian,Police and Criminal Evidence Act 1984 (section 1),Article for use in theft,Arrest,True,False
Person search,2023-09-17T23:00:00+00:00,False,,50.824487,-0.141176,,over 34,White - Any other White background,White,Police and Criminal Evidence Act 1984 (section 1),Articles for use in criminal damage,A no further action disposal,,False
Person search,2023-09-17T23:00:00+00:00,False,,50.823684,-0.133831,,over 34,White - English/Welsh/Scottish/Northern Irish/British,White,Misuse of Drugs Act 1971 (section 23),Controlled drugs,A no further action disposal,False,False
Person search,2023-09-17T23:00:00+00:00,False,,50.844851,-0.152711,,,White - English/Welsh/Scottish/Northern Irish/British,White,Police and Criminal Evidence Act 1984 (section 1),Offensive weapons,A no further action disposal,,False
Person search,2023-09-17T23:00:00+00:00,False,,50.884144,0.010519,,10-17,Black/African/Caribbean/Black British - Any other Black/African/Caribbean background,Black,Police and Criminal Evidence Act 1984 (section 1),Offensive weapons,A no further action disposal,,False
Person search,2023-09-17T23:00:00+00:00,False,,50.829554,-0.148231,,10-17,White - English/Welsh/Scottish/Northern Irish/British,White,Police and Criminal Evidence Act 1984 (section 1),Article for use in theft,Arrest,True,False
Person search,2023-09-17T23:00:00+00:00,False,,50.824487,-0.141176,,,,White,Misuse of Drugs Act 1971 (section 23),Controlled drugs,A no further action disposal,,False
Person search,2023-09-17T23:00:00+00:00,False,,50.863399,0.559991,,,White - English/Welsh/Scottish/Northern Irish/British,White,Police and Criminal Evidence Act 1984 (section 1),Offensive weapons,A no further action disposal,,False
Person search,2023-09-17T23:00:00+00:00,False,,50.863528,0.559017,,10-17,White - Any other White background,White,Police and Criminal Evidence Act 1984 (section 1),Offensive weapons,A no further action disposal,,False
Person search,2023-09-17T23:00:00+00:00,False,,50.846131,-0.153456,,10-17,Black/African/Caribbean/Black British - Any other Black/African/Caribbean background,Black,Police and Criminal Evidence Act 1984 (section 1),Offensive weapons,A no further action disposal,,False
Person search,2023-09-17T23:00:00+00:00,False,,50.828302,-0.414241,,over 34,White - English/Welsh/Scottish/Northern Irish/British,White,Police and Criminal Evidence Act 1984 (section 1),Offensive weapons,A no further action disposal,True,False
Person search,2023-09-17T23:00:00+00:00,False,,,,,18-24,White - English/Welsh/Scottish/Northern Irish/British,White,Misuse of Drugs Act 1971 (section 23),Controlled drugs,A no further action disposal,False,False
Person search,2023-09-17T23:00:00+00:00,False,,50.868783,0.556022,,10-17,White - English/Welsh/Scottish/Northern Irish/British,White,Misuse of Drugs Act 1971 (section 23),Controlled drugs,Arrest,True,False
Person search,2023-09-17T23:00:00+00:00,False,,50.774821,0.295285,,25-34,White - English/Welsh/Scottish/Northern Irish/British,White,Misuse of Drugs Act 1971 (section 23),,A no further action disposal,,False
Person search,2023-09-18T23:00:00+00:00,False,,50.844310,-0.775010,,over 34,White - English/Welsh/Scottish/Northern Irish/British,White,Police and Criminal Evidence Act 1984 (section 1),Stolen goods,A no further action disposal,,False
Person search,2023-09-18T23:00:00+00:00,False,,50.844310,-0.775010,,25-34,White - English/Welsh/Scottish/Northern Irish/British,White,Police and Criminal Evidence Act 1984 (section 1),Stolen goods,A no further action disposal,,False
Person search,2023-09-18T23:00:00+00:00,False,,51.115010,-0.189092,,over 34,White - Any other White background,White,Police and Criminal Evidence Act 1984 (section 1),Offensive weapons,Arrest,False,False
Person search,2023-09-18T23:00:00+00:00,False,,50.819382,-0.128459,,18-24,Black/African/Caribbean/Black British - Any other Black/African/Caribbean background,Black,Misuse of Drugs Act 1971 (section 23),,Arrest,,False
Person search,2023-09-18T23:00:00+00:00,False,,50.813140,-0.368607,,,White - English/Welsh/Scottish/Northern Irish/British,White,Police and Criminal Evidence Act 1984 (section 1),Stolen goods,Arrest,True,False
Person search,2023-09-18T23:00:00+00:00,False,,51.000246,-0.106083,,18-24,White - English/Welsh/Scottish/Northern Irish/British,White,Police and Criminal Evidence Act 1984 (section 1),Stolen goods,Community resolution,True,False
Person search,2023-09-18T23:00:00+00:00,False,,50.831459,-0.640899,,18-24,White - English/Welsh/Scottish/Northern Irish/British,White,Police and Criminal Evidence Act 1984 (section 1),Offensive weapons,A no further action disposal,,False
Person search,2023-09-18T23:00:00+00:00,False,,50.793583,0.061247,,18-24,White - English/Welsh/Scottish/Northern Irish/British,White,Police and Criminal Evidence Act 1984 (section 1),Article for use in theft,A no further action disposal,,False
Person search,2023-09-18T23:00:00+00:00,False,,50.771851,0.287126,,over 34,Mixed/Multiple ethnic groups - Any other Mixed/Multiple ethnic background,White,Misuse of Drugs Act 1971 (section 23),Controlled drugs,A no further action disposal,,False
Person search,2023-09-18T23:00:00+00:00,False,,50.823684,-0.133831,,over 34,White - English/Welsh/Scottish/Northern Irish/British,White,Police and Criminal Evidence Act 1984 (section 1),Offensive weapons,A no further action disposal,,False
Person search,2023-09-18T23:00:00+00:00,False,,50.813140,-0.368607,,,White - English/Welsh/Scottish/Northern Irish/British,White,Police and Criminal Evidence Act 1984 (section 1),Stolen goods,A no further action disposal,True,False
Person search,2023-09-18T23:00:00+00:00,False,,50.859918,0.565726,,25-34,White - English/Welsh/Scottish/Northern Irish/British,White,Misuse of Drugs Act 1971 (section 23),Controlled drugs,Arrest,True,False
Person search,2023-09-19T23:00:00+00:00,False,,51.083313,-0.199939,,25-34,White - English/Welsh/Scottish/Northern Irish/British,White,Police and Criminal Evidence Act 1984 (section 1),Article for use in theft,Arrest,,False
Person search,2023-09-19T23:00:00+00:00,False,,50.858704,0.564494,,10-17,,Other,Police and Criminal Evidence Act 1984 (section 1),Offensive weapons,A no further action disposal,,False
Person search,2023-09-19T23:00:00+00:00,False,,50.840901,0.464907,,25-34,White - English/Welsh/Scottish/Northern Irish/British,White,Police and Criminal Evidence Act 1984 (section 1),Offensive weapons,A no further action disposal,,False
Person search,2023-09-19T23:00:00+00:00,False,,50.966906,0.096185,,over 34,White - English/Welsh/Scottish/Northern Irish/British,White,Police and Criminal Evidence Act 1984 (section 1),Stolen goods,A no further action disposal,True,False
Person search,2023-09-19T23:00:00+00:00,False,,50.790471,0.297073,,10-17,White - English/Welsh/Scottish/Northern Irish/British,White,Misuse of Drugs Act 1971 (section 23),,Arrest,True,False
Person search,2023-09-20T23:00:00+00:00,False,,50.781399,0.299196,,over 34,White - English/Welsh/Scottish/Northern Irish/British,White,Misuse of Drugs Act 1971 (section 23),Controlled drugs,A no further action disposal,,False
Person search,2023-09-20T23:00:00+00:00,False,,50.773066,0.271455,,25-34,White - English/Welsh/Scottish/Northern Irish/British,White,Misuse of Drugs Act 1971 (section 23),Controlled drugs,A no further action disposal,,False
Person search,2023-09-20T23:00:00+00:00,False,,51.104351,-0.148741,,,,Asian,Police and Criminal Evidence Act 1984 (section 1),Offensive weapons,A no further action disposal,False,False
Person search,2023-09-20T23:00:00+00:00,False,,50.828302,-0.414241,,10-17,White - English/Welsh/Scottish/Northern Irish/British,White,Police and Criminal Evidence Act 1984 (section 1),Offensive weapons,A no further action disposal,False,False
Person search,2023-09-20T23:00:00+00:00,False,,51.104351,-0.148741,,18-24,Asian/Asian British - Pakistani,Asian,Police and Criminal Evidence Act 1984 (section 1),Offensive weapons,A no further action disposal,,False
Person search,2023-09-20T23:00:00+00:00,False,,50.789205,-0.671776,,10-17,,White,Police and Criminal Evidence Act 1984 (section 1),Article for use in theft,Arrest,True,False
Person search,2023-09-20T23:00:00+00:00,False,,50.781399,0.299196,,over 34,White - English/Welsh/Scottish/Northern Irish/British,White,Misuse of Drugs Act 1971 (section 23),Controlled drugs,A no further action disposal,,False
Person search,2023-09-20T23:00:00+00:00,False,,51.157839,-0.160530,,10-17,White - English/Welsh/Scottish/Northern Irish/British,White,Police and Criminal Evidence Act 1984 (section 1),Articles for use in criminal damage,A no further action disposal,True,False
Person search,2023-09-20T23:00:00+00:00,False,,50.776014,0.298195,,,White - English/Welsh/Scottish/Northern Irish/British,White,Misuse of Drugs Act 1971 (section 23),Controlled drugs,A no further action disposal,True,True
Person search,2023-09-20T23:00:00+00:00,False,,50.769843,0.279894,,over 34,White - English/Welsh/Scottish/Northern Irish/British,White,Police and Criminal Evidence Act 1984 (section 1),Article for use in theft,Arrest,,False
Person search,2023-09-20T23:00:00+00:00,False,,50.837463,-0.124810,,10-17,White - Any other White background,White,Misuse of Drugs Act 1971 (section 23),Controlled drugs,A no further action disposal,,False
Person search,2023-09-20T23:00:00+00:00,False,,50.837720,-0.404807,,18-24,,White,Police and Criminal Evidence Act 1984 (section 1),Offensive weapons,A no further action disposal,True,False
Person search,2023-09-21T23:00:00+00:00,False,,50.789205,-0.671776,,,White - English/Welsh/Scottish/Northern Irish/British,White,Police and Criminal Evidence Act 1984 (section 1),Offensive weapons,Arrest,,False
Person search,2023-09-21T23:00:00+00:00,False,,50.791658,-0.666088,,10-17,White - English/Welsh/Scottish/Northern Irish/British,White,Police and Criminal Evidence Act 1984 (section 1),Offensive weapons,A no further action disposal,,False
Person search,2023-09-21T23:00:00+00:00,False,,50.822461,-0.130891,,over 34,White - English/Welsh/Scottish/Northern Irish/British,White,Misuse of Drugs Act 1971 (section 23),Controlled drugs,A no further action disposal,,True
Person search,2023-09-21T23:00:00+00:00,False,,50.822461,-0.130891,,25-34,White - English/Welsh/Scottish/Northern Irish/British,White,Misuse of Drugs Act 1971 (section 23),Controlled drugs,A no further action disposal,,True
Person search,2023-09-21T23:00:00+00:00,False,,50.823684,-0.133831,,18-24,White - English/Welsh/Scottish/Northern Irish/British,White,Police and Criminal Evidence Act 1984 (section 1),Offensive weapons,A no further action disposal,True,False
Person search,2023-09-21T23:00:00+00:00,False,,50.823372,-0.130529,,18-24,White - English/Welsh/Scottish/Northern Irish/British,White,Misuse of Drugs Act 1971 (section 23),Controlled drugs,Community resolution,True,False
Person search,2023-09-21T23:00:00+00:00,False,,50.867110,-0.122353,,25-34,,White,Misuse of Drugs Act 1971 (section 23),,A no further action disposal,,True
Person search,2023-09-21T23:00:00+00:00,False,,50.822592,-0.139121,,18-24,Mixed/Multiple ethnic groups - Any other Mixed/Multiple ethnic background,Black,Misuse of Drugs Act 1971 (section 23),Controlled drugs,Community resolution,True,False
Person search,2023-09-21T23:00:00+00:00,False,,50.823431,-0.120204,,25-34,Mixed/Multiple ethnic groups - White and Black Caribbean,Black,Police and Criminal Evidence Act 1984 (section 1),Article for use in theft,A no further action disposal,,False
Person search,2023-09-21T23:00:00+00:00,False,,50.788989,0.314708,,over 34,White - English/Welsh/Scottish/Northern Irish/British,White,Misuse of Drugs Act 1971 (section 23),Controlled drugs,Community resolution,True,False
Person search,2023-09-21T23:00:00+00:00,False,,51.131376,-0.187852,,over 34,White - English/Welsh/Scottish/Northern Irish/British,White,Misuse of Drugs Act 1971 (section 23),,Arrest,True,False
Person search,2023-09-21T23:00:00+00:00,False,,50.767464,0.284665,,over 34,White - English/Welsh/Scottish/Northern Irish/British,White,Police and Criminal Evidence Act 1984 (section 1),Offensive weapons,A no further action disposal,,False
Person search,2023-09-21T23:00:00+00:00,False,,50.768492,0.282324,,,White - English/Welsh/Scottish/Northern Irish/British,White,Police and Criminal Evidence Act 1984 (section 1),Offensive weapons,Community resolution,False,False
Person search,2023-09-21T23:00:00+00:00,False,,51.132640,-0.187328,,over 34,Asian/Asian British - Pakistani,Asian,Misuse of Drugs Act 1971 (section 23),Controlled drugs,Arrest,True,False
Person search,2023-09-21T23:00:00+00:00,False,,50.823684,-0.133831,,18-24,White - English/Welsh/Scottish/Northern Irish/British,White,Misuse of Drugs Act 1971 (section 23),Controlled drugs,Community resolution,True,False
Person search,2023-09-21T23:00:00+00:00,False,,50.773082,0.281229,,over 34,White - English/Welsh/Scottish/Northern Irish/British,White,Misuse of Drugs Act 1971 (section 23),Controlled drugs,A no further action disposal,,False
Person search,2023-09-21T23:00:00+00:00,False,,50.786011,0.303395,,10-17,,White,Police and Criminal Evidence Act 1984 (section 1),Offensive weapons,A no further action disposal,,False
Person search,2023-09-21T23:00:00+00:00,False,,50.830462,-0.781123,,25-34,White - English/Welsh/Scottish/Northern Irish/British,White,Misuse of Drugs Act 1971 (section 23),Controlled drugs,Arrest,True,False
Person search,2023-09-21T23:00:00+00:00,False,,51.015627,-0.131333,,over 34,,Black,Misuse of Drugs Act 1971 (section 23),,A no further action disposal,,False
Person search,2023-09-22T23:00:00+00:00,False,,50.847113,0.408237,,10-17,Mixed/Multiple ethnic groups - White and Black Caribbean,White,Police and Criminal Evidence Act 1984 (section 1),Article for use in theft,Arrest,False,False
Person search,2023-09-22T23:00:00+00:00,False,,51.058747,0.162822,,over 34,White - English/Welsh/Scottish/Northern Irish/British,White,Police and Criminal Evidence Act 1984 (section 1),Articles for use in criminal damage,Arrest,True,False
Person search,2023-09-22T23:00:00+00:00,False,,50.867110,-0.122353,,25-34,White - English/Welsh/Scottish/Northern Irish/British,White,Misuse of Drugs Act 1971 (section 23),Controlled drugs,Arrest,,False
Person search,2023-09-22T23:00:00+00:00,False,,50.820152,-0.143421,,18-24,White - English/Welsh/Scottish/Northern Irish/British,White,Misuse of Drugs Act 1971 (section 23),Controlled drugs,A no further action disposal,,False
Person search,2023-09-22T23:00:00+00:00,False,,50.820152,-0.143421,,18-24,White - English/Welsh/Scottish/Northern Irish/British,White,Misuse of Drugs Act 1971 (section 23),Controlled drugs,Community resolution,True,False
Person search,2023-09-22T23:00:00+00:00,False,,50.850306,-0.399630,,25-34,White - English/Welsh/Scottish/Northern Irish/British,White,Misuse of Drugs Act 1971 (section 23),Controlled drugs,A no further action disposal,,False
Person search,2023-09-22T23:00:00+00:00,False,,50.808777,-0.541026,,10-17,White - English/Welsh/Scottish/Northern Irish/British,White,Police and Criminal Evidence Act 1984 (section 1),Offensive weapons,A no further action disposal,,False
Person search,2023-09-22T23:00:00+00:00,False,,50.782440,-0.674748,,18-24,White - English/Welsh/Scottish/Northern Irish/British,White,Misuse of Drugs Act 1971 (section 23),Controlled drugs,Community resolution,True,False
Person search,2023-09-22T23:00:00+00:00,False,,50.816295,-0.111604,,10-17,White - English/Welsh/Scottish/Northern Irish/British,White,Police and Criminal Evidence Act 1984 (section 1),Offensive weapons,A no further action disposal,,False
Person search,2023-09-22T23:00:00+00:00,False,,50.819606,-0.127839,,25-34,White - Any other White background,White,Misuse of Drugs Act 1971 (section 23),,Arrest,True,False
Person search,2023-09-22T23:00:00+00:00,False,,51.062622,-0.325716,,over 34,White - English/Welsh/Scottish/Northern Irish/British,White,Police and Criminal Evidence Act 1984 (section 1),Offensive weapons,A no further action disposal,True,False
Person search,2023-09-22T23:00:00+00:00,False,,50.863136,-0.110678,,10-17,,Other,Misuse of Drugs Act 1971 (section 23),Controlled drugs,A no further action disposal,,False
Person search,2023-09-22T23:00:00+00:00,False,,50.784352,-0.675957,,25-34,White - English/Welsh/Scottish/Northern Irish/British,White,Police and Criminal Evidence Act 1984 (section 1),Stolen goods,A no further action disposal,False,False
Person search,2023-09-22T23:00:00+00:00,False,,50.847113,0.408237,,10-17,White - English/Welsh/Scottish/Northern Irish/British,White,Police and Criminal Evidence Act 1984 (section 1),Article for use in theft,Arrest,True,False
Person search,2023-09-22T23:00:00+00:00,False,,50.847113,0.408237,,10-17,White - English/Welsh/Scottish/Northern Irish/British,White,Police and Criminal Evidence Act 1984 (section 1),Article for use in theft,A no further action disposal,True,False
Person search,2023-09-23T23:00:00+00:00,False,,50.821675,-0.143673,,18-24,White - English/Welsh/Scottish/Northern Irish/British,White,Misuse of Drugs Act 1971 (section 23),,A no further action disposal,,False
Person search,2023-09-23T23:00:00+00:00,False,,50.821675,-0.143673,,18-24,White - English/Welsh/Scottish/Northern Irish/British,White,Misuse of Drugs Act 1971 (section 23),Controlled drugs,Community resolution,True,True
Person search,2023-09-23T23:00:00+00:00,False,,50.821675,-0.143673,,18-24,White - Irish,White,Misuse of Drugs Act 1971 (section 23),,A no further action disposal,True,False
Person search,2023-09-23T23:00:00+00:00,False,,50.844387,0.505222,,25-34,White - English/Welsh/Scottish/Northern Irish/British,White,Misuse of Drugs Act 1971 (section 23),Controlled drugs,Community resolution,True,False
Person search,2023-09-23T23:00:00+00:00,False,,50.835915,-0.774548,,18-24,Mixed/Multiple ethnic groups - Any other Mixed/Multiple ethnic background,White,Police and Criminal Evidence Act 1984 (section 1),Article for use in theft,A no further action disposal,True,False
Person search,2023-09-23T23:00:00+00:00,False,,50.793490,0.048117,,18-24,White - English/Welsh/Scottish/Northern Irish/British,White,Misuse of Drugs Act 1971 (section 23),Controlled drugs,Community resolution,True,False
Person search,2023-09-23T23:00:00+00:00,False,,50.867110,-0.122353,,18-24,White - English/Welsh/Scottish/Northern Irish/British,White,Misuse of Drugs Act 1971 (section 23),Controlled drugs,Arrest,True,False
Person search,2023-09-23T23:00:00+00:00,False,,51.119124,-0.191646,,25-34,White - English/Welsh/Scottish/Northern Irish/British,White,Misuse of Drugs Act 1971 (section 23),Controlled drugs,Summons / charged by post,False,True
Person search,2023-09-23T23:00:00+00:00,False,,51.161150,-0.169781,,18-24,Black/African/Caribbean/Black British - Caribbean,Black,Misuse of Drugs Act 1971 (section 23),Controlled drugs,A no further action disposal,,False
Person search,2023-09-23T23:00:00+00:00,False,,50.867110,-0.122353,,25-34,White - English/Welsh/Scottish/Northern Irish/British,White,Misuse of Drugs Act 1971 (section 23),,Community resolution,True,False
Person search,2023-09-23T23:00:00+00:00,False,,50.768404,0.291369,,18-24,White - English/Welsh/Scottish/Northern Irish/British,White,Police and Criminal Evidence Act 1984 (section 1),Offensive weapons,A no further action disposal,,False
Person search,2023-09-24T23:00:00+00:00,False,,51.155990,-0.163049,,25-34,White - English/Welsh/Scottish/Northern Irish/British,White,Misuse of Drugs Act 1971 (section 23),Controlled drugs,Arrest,False,False
Person search,2023-09-24T23:00:00+00:00,False,,50.840901,0.464907,,25-34,,White,Police and Criminal Evidence Act 1984 (section 1),Article for use in theft,Community resolution,False,False
Person search,2023-09-24T23:00:00+00:00,False,,50.820808,-0.414069,,18-24,,White,Police and Criminal Evidence Act 1984 (section 1),Offensive weapons,Arrest,False,False
Person search,2023-09-24T23:00:00+00:00,False,,50.775713,0.301570,,25-34,White - English/Welsh/Scottish/Northern Irish/British,White,Misuse of Drugs Act 1971 (section 23),Controlled drugs,Community resolution,True,False
Person search,2023-09-24T23:00:00+00:00,False,,50.794837,0.048744,,18-24,White - English/Welsh/Scottish/Northern Irish/British,White,Misuse of Drugs Act 1971 (section 23),,A no further action disposal,,False
Person search,2023-09-24T23:00:00+00:00,False,,50.789205,-0.671776,,over 34,White - English/Welsh/Scottish/Northern Irish/British,White,Misuse of Drugs Act 1971 (section 23),,A no further action disposal,,False
Person search,2023-09-24T23:00:00+00:00,False,,50.795718,-0.682248,,over 34,White - English/Welsh/Scottish/Northern Irish/British,White,Misuse of Drugs Act 1971 (section 23),,A no further action disposal,,False
Person search,2023-09-24T23:00:00+00:00,False,,51.156253,-0.163196,,25-34,White - English/Welsh/Scottish/Northern Irish/British,White,Misuse of Drugs Act 1971 (section 23),Controlled drugs,Arrest,True,False
Person search,2023-09-25T23:00:00+00:00,False,,51.116206,-0.181516,,18-24,,White,Police and Criminal Evidence Act 1984 (section 1),Offensive weapons,A no further action disposal,,False
Person search,2023-09-25T23:00:00+00:00,False,,50.871648,0.596562,,over 34,White - English/Welsh/Scottish/Northern Irish/British,White,Police and Criminal Evidence Act 1984 (section 1),Offensive weapons,A no further action disposal,,False
Person search,2023-09-25T23:00:00+00:00,False,,50.769946,0.293018,,18-24,White - English/Welsh/Scottish/Northern Irish/British,White,Misuse of Drugs Act 1971 (section 23),Controlled drugs,A no further action disposal,,False
Person search,2023-09-25T23:00:00+00:00,False,,50.771640,0.295129,,,White - English/Welsh/Scottish/Northern Irish/British,White,Misuse of Drugs Act 1971 (section 23),Controlled drugs,A no further action disposal,,False
Person search,2023-09-25T23:00:00+00:00,False,,50.769999,0.280667,,over 34,White - English/Welsh/Scottish/Northern Irish/British,White,Police and Criminal Evidence Act 1984 (section 1),Offensive weapons,A no further action disposal,False,False
Person search,2023-09-25T23:00:00+00:00,False,,50.823684,-0.133831,,over 34,White - Any other White background,White,Police and Criminal Evidence Act 1984 (section 1),Articles for use in criminal damage,Arrest,True,False
Person search,2023-09-25T23:00:00+00:00,False,,50.829590,-0.321841,,10-17,White - English/Welsh/Scottish/Northern Irish/British,White,Police and Criminal Evidence Act 1984 (section 1),Stolen goods,A no further action disposal,,False
Person search,2023-09-25T23:00:00+00:00,False,,50.771640,0.295129,,25-34,White - English/Welsh/Scottish/Northern Irish/British,White,Misuse of Drugs Act 1971 (section 23),Controlled drugs,A no further action disposal,,False
Person search,2023-09-25T23:00:00+00:00,False,,50.823331,-0.140355,,,Other ethnic group - Arab,Other,Police and Criminal Evidence Act 1984 (section 1),Article for use in theft,A no further action disposal,,False
Person search,2023-09-25T23:00:00+00:00,False,,51.116785,-0.101936,,over 34,,White,Police and Criminal Evidence Act 1984 (section 1),Article for use in theft,A no further action disposal,,False
Person search,2023-09-25T23:00:00+00:00,False,,51.116206,-0.181516,,18-24,,White,Police and Criminal Evidence Act 1984 (section 1),Offensive weapons,A no further action disposal,,False
Person search,2023-09-25T23:00:00+00:00,False,,51.116206,-0.181516,,18-24,Black/African/Caribbean/Black British - African,Black,Police and Criminal Evidence Act 1984 (section 1),Offensive weapons,Summons / charged by post,False,False
Person search,2023-09-25T23:00:00+00:00,False,,50.858704,0.564494,,over 34,White - English/Welsh/Scottish/Northern Irish/British,White,Misuse of Drugs Act 1971 (section 23),Controlled drugs,Arrest,True,False
Vehicle search,2023-09-25T23:00:00+00:00,False,,50.860298,0.594496,,,,,Misuse of Drugs Act 1971 (section 23),Controlled drugs,Arrest,,
Person search,2023-09-25T23:00:00+00:00,False,,50.858704,0.564494,,over 34,White - English/Welsh/Scottish/Northern Irish/British,White,Misuse of Drugs Act 1971 (section 23),Controlled drugs,Arrest,,False
Person search,2023-09-25T23:00:00+00:00,False,,51.115911,-0.184542,,18-24,Black/African/Caribbean/Black British - Any other Black/African/Caribbean background,Black,Police and Criminal Evidence Act 1984 (section 1),Offensive weapons,A no further action disposal,,False
Person search,2023-09-26T23:00:00+00:00,False,,51.116056,-0.191538,,25-34,Asian/Asian British - Indian,Asian,Misuse of Drugs Act 1971 (section 23),Controlled drugs,A no further action disposal,,False
Person search,2023-09-26T23:00:00+00:00,False,,51.115730,-0.188493,,over 34,Asian/Asian British - Pakistani,Other,Misuse of Drugs Act 1971 (section 23),,A no further action disposal,,False
Person search,2023-09-26T23:00:00+00:00,False,,50.832884,-0.171758,,18-24,,Other,Misuse of Drugs Act 1971 (section 23),Controlled drugs,A no further action disposal,False,True
Person search,2023-09-26T23:00:00+00:00,False,,50.823472,-0.135054,,,,White,Misuse of Drugs Act 1971 (section 23),Controlled drugs,A no further action disposal,,False
Person search,2023-09-26T23:00:00+00:00,False,,51.161150,-0.169781,,25-34,Black/African/Caribbean/Black British - Any other Black/African/Caribbean background,White,Police and Criminal Evidence Act 1984 (section 1),Stolen goods,Community resolution,True,False
Person search,2023-09-26T23:00:00+00:00,False,,51.117494,-0.189167,,25-34,White - English/Welsh/Scottish/Northern Irish/British,White,Misuse of Drugs Act 1971 (section 23),Controlled drugs,A no further action disposal,,False
Person search,2023-09-27T23:00:00+00:00,False,,50.809919,-0.543190,,18-24,White - English/Welsh/Scottish/Northern Irish/British,White,Misuse of Drugs Act 1971 (section 23),Controlled drugs,Caution (simple or conditional),,False
Person search,2023-09-27T23:00:00+00:00,False,,50.799419,0.287975,,18-24,White - English/Welsh/Scottish/Northern Irish/British,White,Police and Criminal Evidence Act 1984 (section 1),Article for use in theft,Community resolution,False,False
Person search,2023-09-27T23:00:00+00:00,False,,50.878333,0.555734,,10-17,White - English/Welsh/Scottish/Northern Irish/British,White,Misuse of Drugs Act 1971 (section 23),Controlled drugs,A no further action disposal,,False
Person search,2023-09-27T23:00:00+00:00,False,,50.787841,0.297725,,10-17,White - English/Welsh/Scottish/Northern Irish/British,White,Police and Criminal Evidence Act 1984 (section 1),Offensive weapons,Arrest,True,False
Person search,2023-09-27T23:00:00+00:00,False,,50.830462,-0.781123,,10-17,White - English/Welsh/Scottish/Northern Irish/British,White,Police and Criminal Evidence Act 1984 (section 1),Article for use in theft,Arrest,True,False
Person search,2023-09-27T23:00:00+00:00,False,,50.840901,0.464907,,10-17,White - English/Welsh/Scottish/Northern Irish/British,White,Misuse of Drugs Act 1971 (section 23),Controlled drugs,Community resolution,True,False
Person search,2023-09-27T23:00:00+00:00,False,,50.799419,0.287975,,10-17,White - English/Welsh/Scottish/Northern Irish/British,White,Police and Criminal Evidence Act 1984 (section 1),Article for use in theft,A no further action disposal,,False
Person search,2023-09-27T23:00:00+00:00,False,,50.781473,-0.683840,,18-24,White - English/Welsh/Scottish/Northern Irish/British,White,Police and Criminal Evidence Act 1984 (section 1),Article for use in theft,A no further action disposal,,False
Person search,2023-09-27T23:00:00+00:00,False,,50.787841,0.297725,,,White - English/Welsh/Scottish/Northern Irish/British,White,Police and Criminal Evidence Act 1984 (section 1),Offensive weapons,A no further action disposal,,False
Person search,2023-09-28T23:00:00+00:00,False,,50.821479,-0.138143,,18-24,White - Irish,White,Police and Criminal Evidence Act 1984 (section 1),Stolen goods,Arrest,True,False
Person search,2023-09-28T23:00:00+00:00,False,,50.822745,-0.142523,,18-24,White - English/Welsh/Scottish/Northern Irish/British,White,Misuse of Drugs Act 1971 (section 23),Controlled drugs,A no further action disposal,,False
Person search,2023-09-28T23:00:00+00:00,False,,50.880883,-0.000170,,over 34,White - English/Welsh/Scottish/Northern Irish/British,White,Police and Criminal Evidence Act 1984 (section 1),Article for use in theft,A no further action disposal,,False
Person search,2023-09-28T23:00:00+00:00,False,,50.823684,-0.133831,,18-24,,White,Misuse of Drugs Act 1971 (section 23),Controlled drugs,A no further action disposal,,False
Person search,2023-09-28T23:00:00+00:00,False,,50.789205,-0.671776,,10-17,White - English/Welsh/Scottish/Northern Irish/British,White,Police and Criminal Evidence Act 1984 (section 1),Articles for use in criminal damage,A no further action disposal,,False
Person search,2023-09-28T23:00:00+00:00,True,,51.113313,-0.186898,,18-24,Black/African/Caribbean/Black British - African,Black,Misuse of Drugs Act 1971 (section 23),,Community resolution,True,False
Person search,2023-09-28T23:00:00+00:00,False,,50.823684,-0.133831,,over 34,Mixed/Multiple ethnic groups - White and Black Caribbean,Black,Police and Criminal Evidence Act 1984 (section 1),Offensive weapons,A no further action disposal,,False
Person search,2023-09-28T23:00:00+00:00,False,,51.116206,-0.181516,,10-17,White - English/Welsh/Scottish/Northern Irish/British,White,Misuse of Drugs Act 1971 (section 23),Controlled drugs,Community resolution,True,False
Person search,2023-09-28T23:00:00+00:00,False,,50.828302,-0.414241,,over 34,Asian/Asian British - Pakistani,Asian,Police and Criminal Evidence Act 1984 (section 1),Stolen goods,Community resolution,,False
Person search,2023-09-28T23:00:00+00:00,False,,50.820152,-0.143421,,18-24,Black/African/Caribbean/Black British - African,Black,Psychoactive Substances Act 2016 (s36(2)),Psychoactive substances,,True,False
Person search,2023-09-28T23:00:00+00:00,False,,50.789205,-0.671776,,10-17,White - English/Welsh/Scottish/Northern Irish/British,White,Police and Criminal Evidence Act 1984 (section 1),Article for use in theft,A no further action disposal,,False
Person search,2023-09-28T23:00:00+00:00,False,,50.823684,-0.133831,,18-24,White - English/Welsh/Scottish/Northern Irish/British,White,Police and Criminal Evidence Act 1984 (section 1),Stolen goods,Arrest,,False
Person search,2023-09-28T23:00:00+00:00,False,,50.789205,-0.671776,,10-17,White - English/Welsh/Scottish/Northern Irish/British,White,Police and Criminal Evidence Act 1984 (section 1),Articles for use in criminal damage,A no further action disposal,,False
Person search,2023-09-28T23:00:00+00:00,False,,50.789205,-0.671776,,10-17,White - English/Welsh/Scottish/Northern Irish/British,White,Police and Criminal Evidence Act 1984 (section 1),Articles for use in criminal damage,A no further action disposal,,False
Person search,2023-09-28T23:00:00+00:00,False,,50.789205,-0.671776,,10-17,White - English/Welsh/Scottish/Northern Irish/British,White,Police and Criminal Evidence Act 1984 (section 1),Article for use in theft,A no further action disposal,,False
Person search,2023-09-29T23:00:00+00:00,False,,51.116206,-0.181516,,,White - Any other White background,White,Misuse of Drugs Act 1971 (section 23),Controlled drugs,A no further action disposal,,False
Person search,2023-09-29T23:00:00+00:00,False,,50.792318,0.321897,,10-17,White - English/Welsh/Scottish/Northern Irish/British,White,Police and Criminal Evidence Act 1984 (section 1),Offensive weapons,A no further action disposal,,False
Person search,2023-09-29T23:00:00+00:00,False,,51.098824,-0.209563,,25-34,,Black,Police and Criminal Evidence Act 1984 (section 1),Offensive weapons,Arrest,,False
Person search,2023-09-29T23:00:00+00:00,False,,51.116206,-0.181516,,25-34,Black/African/Caribbean/Black British - Any other Black/African/Caribbean background,Black,Police and Criminal Evidence Act 1984 (section 1),Offensive weapons,Arrest,,False
Person search,2023-09-29T23:00:00+00:00,False,,50.803622,0.280019,,18-24,White - English/Welsh/Scottish/Northern Irish/British,White,Police and Criminal Evidence Act 1984 (section 1),Offensive weapons,A no further action disposal,,False
Person search,2023-09-29T23:00:00+00:00,False,,50.787841,0.297725,,10-17,White - English/Welsh/Scottish/Northern Irish/British,White,Police and Criminal Evidence Act 1984 (section 1),Offensive weapons,Community resolution,,False
Person search,2023-09-29T23:00:00+00:00,False,,51.116206,-0.181516,,18-24,Black/African/Caribbean/Black British - Any other Black/African/Caribbean background,White,Police and Criminal Evidence Act 1984 (section 1),Offensive weapons,Arrest,,False
Person search,2023-09-29T23:00:00+00:00,True,,50.863236,-0.089253,,25-34,White - English/Welsh/Scottish/Northern Irish/British,White,Misuse of Drugs Act 1971 (section 23),Controlled drugs,Community resolution,,False
Person search,2023-09-29T23:00:00+00:00,False,,51.116206,-0.181516,,18-24,Mixed/Multiple ethnic groups - White and Black African,Black,Police and Criminal Evidence Act 1984 (section 1),Offensive weapons,Arrest,,False
Person search,2023-09-29T23:00:00+00:00,False,,51.098824,-0.209563,,25-34,,Black,Police and Criminal Evidence Act 1984 (section 1),Offensive weapons,Arrest,,False
Person search,2023-09-29T23:00:00+00:00,False,,50.792318,0.321897,,10-17,White - English/Welsh/Scottish/Northern Irish/British,White,Police and Criminal Evidence Act 1984 (section 1),Offensive weapons,A no further action disposal,,False
