Type,Date,Part of a policing operation,Policing operation,Latitude,Longitude,Gender,Age range,Self-defined ethnicity,Officer-defined ethnicity,Legislation,Object of search,Outcome,Outcome linked to object of search,Removal of more than just outer clothing
Person search,2023-08-31T23:02:00+00:00,False,,51.898317,-2.068652,Male,25-34,White - Any other White background,White,Misuse of Drugs Act 1971 (section 23),Controlled drugs,A no further action disposal,True,False
Person search,2023-09-01T11:59:00+00:00,False,,51.855862,-2.230697,Female,over 34,Black/African/Caribbean/Black British - Any other Black/African/Caribbean background,Black,Misuse of Drugs Act 1971 (section 23),Controlled drugs,Community resolution,True,False
Person search,2023-09-01T23:05:00+00:00,False,,51.863615,-2.242674,Male,18-24,White - English/Welsh/Scottish/Northern Irish/British,White,Misuse of Drugs Act 1971 (section 23),Controlled drugs,Arrest,True,False
Person search,2023-09-02T00:28:00+00:00,False,,51.899840,-2.077243,Male,over 34,Other ethnic group - Not stated,Other,Police and Criminal Evidence Act 1984 (section 1),Offensive weapons,A no further action disposal,True,False
Person search,2023-09-02T12:30:00+00:00,False,,51.704623,-1.972168,Male,10-17,White - English/Welsh/Scottish/Northern Irish/British,White,Police and Criminal Evidence Act 1984 (section 1),Offensive weapons,A no further action disposal,True,False
Person search,2023-09-02T20:55:00+00:00,False,,51.912059,-2.100699,Male,18-24,White - Irish,White,Police and Criminal Evidence Act 1984 (section 1),Stolen goods,Arrest,False,False
Vehicle search,2023-09-02T21:00:00+00:00,False,,51.912059,-2.100699,Other,,,,Misuse of Drugs Act 1971 (section 23),Controlled drugs,A no further action disposal,False,
Person search,2023-09-02T21:00:00+00:00,False,,51.912059,-2.100699,Female,18-24,White - English/Welsh/Scottish/Northern Irish/British,White,Misuse of Drugs Act 1971 (section 23),Controlled drugs,A no further action disposal,False,False
Person and Vehicle search,2023-09-02T21:33:00+00:00,False,,51.862512,-2.249915,Male,25-34,White - English/Welsh/Scottish/Northern Irish/British,White,Misuse of Drugs Act 1971 (section 23),Controlled drugs,A no further action disposal,False,
Person search,2023-09-02T21:52:00+00:00,False,,51.862512,-2.249915,Male,10-17,Other ethnic group - Not stated,Other,Misuse of Drugs Act 1971 (section 23),Controlled drugs,A no further action disposal,True,False
Person search,2023-09-02T22:01:00+00:00,False,,51.847737,-2.171253,Male,10-17,White - English/Welsh/Scottish/Northern Irish/British,White,Police and Criminal Evidence Act 1984 (section 1),Offensive weapons,A no further action disposal,False,False
Person search,2023-09-02T23:30:00+00:00,False,,51.861854,-2.242316,Male,,Mixed/Multiple ethnic groups - Any other Mixed/Multiple ethnic background,Other,Police and Criminal Evidence Act 1984 (section 1),Offensive weapons,A no further action disposal,False,False
Person search,2023-09-03T09:52:00+00:00,False,,51.815367,-2.280262,Male,over 34,White - English/Welsh/Scottish/Northern Irish/British,White,Police and Criminal Evidence Act 1984 (section 1),Stolen goods,A no further action disposal,False,False
Person search,2023-09-03T12:51:00+00:00,False,,51.842916,-2.221153,Male,over 34,White - English/Welsh/Scottish/Northern Irish/British,White,Misuse of Drugs Act 1971 (section 23),Controlled drugs,A no further action disposal,False,False
Person and Vehicle search,2023-09-03T13:30:00+00:00,False,,51.842916,-2.221153,Male,over 34,White - English/Welsh/Scottish/Northern Irish/British,White,Misuse of Drugs Act 1971 (section 23),Controlled drugs,A no further action disposal,False,
Person search,2023-09-03T20:40:00+00:00,False,,51.902859,-2.079908,Male,18-24,Other ethnic group - Not stated,Other,Misuse of Drugs Act 1971 (section 23),Controlled drugs,Community resolution,True,False
Person search,2023-09-03T23:31:00+00:00,False,,51.840997,-2.223291,Male,25-34,White - English/Welsh/Scottish/Northern Irish/British,White,Police and Criminal Evidence Act 1984 (section 1),Article for use in theft,Arrest,False,False
Person search,2023-09-04T12:30:00+00:00,False,,51.831686,-2.248234,Male,10-17,White - English/Welsh/Scottish/Northern Irish/British,White,Misuse of Drugs Act 1971 (section 23),Controlled drugs,Arrest,True,True
Person search,2023-09-04T18:20:00+00:00,False,,51.854279,-2.235771,Male,25-34,White - English/Welsh/Scottish/Northern Irish/British,White,Police and Criminal Evidence Act 1984 (section 1),Offensive weapons,Arrest,True,False
Vehicle search,2023-09-04T18:20:00+00:00,False,,51.852559,-2.236851,Other,,,,Police and Criminal Evidence Act 1984 (section 1),Offensive weapons,Arrest,True,
Person search,2023-09-04T20:30:00+00:00,False,,51.902859,-2.079908,Male,18-24,White - English/Welsh/Scottish/Northern Irish/British,White,Misuse of Drugs Act 1971 (section 23),Controlled drugs,A no further action disposal,False,False
Person search,2023-09-05T00:31:00+00:00,False,,51.997278,-2.124239,Male,over 34,White - Any other White background,White,Misuse of Drugs Act 1971 (section 23),Controlled drugs,A no further action disposal,True,False
Person search,2023-09-05T00:53:00+00:00,False,,51.997278,-2.124239,Male,18-24,White - English/Welsh/Scottish/Northern Irish/British,White,Misuse of Drugs Act 1971 (section 23),Controlled drugs,Community resolution,True,True
Person and Vehicle search,2023-09-05T09:10:00+00:00,False,,51.863077,-2.236118,Male,over 34,White - English/Welsh/Scottish/Northern Irish/British,White,Misuse of Drugs Act 1971 (section 23),Controlled drugs,Arrest,True,
Person search,2023-09-05T12:15:00+00:00,False,,51.908421,-2.107334,Male,over 34,White - English/Welsh/Scottish/Northern Irish/British,White,Misuse of Drugs Act 1971 (section 23),Controlled drugs,A no further action disposal,False,False
Person search,2023-09-06T00:13:00+00:00,False,,51.864561,-2.228622,Male,10-17,White - English/Welsh/Scottish/Northern Irish/British,White,Police and Criminal Evidence Act 1984 (section 1),Offensive weapons,A no further action disposal,False,False
Person and Vehicle search,2023-09-06T13:55:00+00:00,False,,51.741943,-2.203149,Male,25-34,White - Any other White background,White,Misuse of Drugs Act 1971 (section 23),Controlled drugs,Arrest,True,
Vehicle search,2023-09-06T15:11:00+00:00,False,,51.855478,-2.255397,Other,,,,Misuse of Drugs Act 1971 (section 23),Controlled drugs,A no further action disposal,True,
Person search,2023-09-06T17:24:00+00:00,False,,51.860102,-2.245719,Male,over 34,White - Irish,White,Misuse of Drugs Act 1971 (section 23),Controlled drugs,Arrest,True,False
Person search,2023-09-06T17:25:00+00:00,False,,51.860102,-2.245719,Male,over 34,White - English/Welsh/Scottish/Northern Irish/British,White,Misuse of Drugs Act 1971 (section 23),Controlled drugs,A no further action disposal,False,False
Person search,2023-09-07T08:26:00+00:00,False,,52.001972,-2.114536,Male,25-34,White - English/Welsh/Scottish/Northern Irish/British,White,Misuse of Drugs Act 1971 (section 23),Controlled drugs,A no further action disposal,True,False
Person search,2023-09-07T19:12:00+00:00,False,,51.868072,-2.248391,Male,over 34,White - English/Welsh/Scottish/Northern Irish/British,White,Misuse of Drugs Act 1971 (section 23),Controlled drugs,A no further action disposal,True,False
Person search,2023-09-07T19:25:00+00:00,False,,51.882325,-2.189094,Male,18-24,Other ethnic group - Not stated,Other,Misuse of Drugs Act 1971 (section 23),Controlled drugs,Arrest,True,False
Vehicle search,2023-09-07T23:20:00+00:00,False,,51.710921,-2.521650,Other,,,,Misuse of Drugs Act 1971 (section 23),Controlled drugs,A no further action disposal,False,
Person search,2023-09-07T23:20:00+00:00,False,,51.710921,-2.521650,Male,25-34,White - English/Welsh/Scottish/Northern Irish/British,White,Misuse of Drugs Act 1971 (section 23),Controlled drugs,A no further action disposal,False,False
Vehicle search,2023-09-08T17:20:00+00:00,False,,51.997650,-2.101474,Other,,,,Misuse of Drugs Act 1971 (section 23),Controlled drugs,Arrest,True,
Person search,2023-09-08T17:25:00+00:00,False,,51.997650,-2.101474,Male,over 34,White - English/Welsh/Scottish/Northern Irish/British,White,Misuse of Drugs Act 1971 (section 23),Controlled drugs,Arrest,True,False
Person and Vehicle search,2023-09-08T17:25:00+00:00,False,,51.997650,-2.101474,Male,over 34,White - English/Welsh/Scottish/Northern Irish/British,White,Misuse of Drugs Act 1971 (section 23),Controlled drugs,Arrest,True,
Person search,2023-09-08T20:15:00+00:00,False,,51.986954,-2.162610,Male,10-17,Other ethnic group - Any other ethnic group,Other,Police and Criminal Evidence Act 1984 (section 1),Offensive weapons,A no further action disposal,False,False
Person search,2023-09-08T22:20:00+00:00,False,,51.992927,-2.153893,Male,25-34,White - English/Welsh/Scottish/Northern Irish/British,White,Police and Criminal Evidence Act 1984 (section 1),Offensive weapons,Arrest,False,False
Person search,2023-09-08T23:05:00+00:00,False,,51.796116,-2.599833,Female,18-24,White - English/Welsh/Scottish/Northern Irish/British,White,Misuse of Drugs Act 1971 (section 23),Controlled drugs,A no further action disposal,False,False
Person and Vehicle search,2023-09-08T23:05:00+00:00,False,,51.796116,-2.599833,Male,18-24,White - English/Welsh/Scottish/Northern Irish/British,White,Misuse of Drugs Act 1971 (section 23),Controlled drugs,A no further action disposal,False,
Person search,2023-09-08T23:15:00+00:00,False,,51.796116,-2.599833,Male,18-24,White - English/Welsh/Scottish/Northern Irish/British,White,Misuse of Drugs Act 1971 (section 23),Controlled drugs,A no further action disposal,False,False
Person search,2023-09-09T01:38:00+00:00,False,,51.863615,-2.242674,Male,,Other ethnic group - Not stated,Other,Misuse of Drugs Act 1971 (section 23),Controlled drugs,A no further action disposal,False,False
Person search,2023-09-09T13:00:00+00:00,False,,51.860755,-2.243385,Male,25-34,White - English/Welsh/Scottish/Northern Irish/British,White,Police and Criminal Evidence Act 1984 (section 1),Offensive weapons,A no further action disposal,True,False
Person search,2023-09-09T18:50:00+00:00,False,,51.846839,-2.246518,Male,10-17,White - English/Welsh/Scottish/Northern Irish/British,White,Police and Criminal Evidence Act 1984 (section 1),Articles for use in criminal damage,A no further action disposal,False,False
Person search,2023-09-09T18:50:00+00:00,False,,51.846839,-2.246518,Male,10-17,White - English/Welsh/Scottish/Northern Irish/British,White,Police and Criminal Evidence Act 1984 (section 1),Articles for use in criminal damage,A no further action disposal,False,False
Person search,2023-09-09T18:50:00+00:00,False,,51.848256,-2.244217,Male,10-17,Other ethnic group - Not stated,Other,Police and Criminal Evidence Act 1984 (section 1),Articles for use in criminal damage,A no further action disposal,False,False
Person search,2023-09-09T19:02:00+00:00,False,,51.852503,-2.242498,Male,10-17,White - English/Welsh/Scottish/Northern Irish/British,White,Police and Criminal Evidence Act 1984 (section 1),Article for use in theft,A no further action disposal,False,False
Person and Vehicle search,2023-09-09T21:44:00+00:00,False,,51.783068,-2.541008,Female,25-34,White - English/Welsh/Scottish/Northern Irish/British,White,Poaching Prevention Act 1862 (section 2),Game or poaching equipment,A no further action disposal,True,
Person and Vehicle search,2023-09-09T21:44:00+00:00,False,,51.783068,-2.541008,Male,over 34,White - English/Welsh/Scottish/Northern Irish/British,White,Poaching Prevention Act 1862 (section 2),Game or poaching equipment,A no further action disposal,True,
Vehicle search,2023-09-09T21:48:00+00:00,False,,51.901681,-2.113074,Other,,,,Misuse of Drugs Act 1971 (section 23),Controlled drugs,A no further action disposal,False,
Person search,2023-09-09T21:55:00+00:00,False,,51.901681,-2.113074,Male,18-24,White - English/Welsh/Scottish/Northern Irish/British,White,Misuse of Drugs Act 1971 (section 23),Controlled drugs,A no further action disposal,False,True
Person search,2023-09-09T22:00:00+00:00,False,,51.901681,-2.113074,Female,18-24,White - Any other White background,White,Misuse of Drugs Act 1971 (section 23),Controlled drugs,A no further action disposal,False,False
Person search,2023-09-10T01:55:00+00:00,False,,51.860348,-2.235556,Male,18-24,White - English/Welsh/Scottish/Northern Irish/British,White,Police and Criminal Evidence Act 1984 (section 1),Article for use in theft,A no further action disposal,True,False
Person and Vehicle search,2023-09-10T14:24:00+00:00,False,,51.858353,-2.081528,Male,25-34,White - English/Welsh/Scottish/Northern Irish/British,White,Misuse of Drugs Act 1971 (section 23),Controlled drugs,Arrest,True,
Person search,2023-09-10T20:22:00+00:00,False,,51.820077,-2.265450,Male,,White - English/Welsh/Scottish/Northern Irish/British,White,Police and Criminal Evidence Act 1984 (section 1),Offensive weapons,A no further action disposal,True,False
Person search,2023-09-10T20:57:00+00:00,False,,51.819965,-2.266943,Male,,Other ethnic group - Not stated,Other,Misuse of Drugs Act 1971 (section 23),Controlled drugs,A no further action disposal,False,False
Person search,2023-09-11T00:45:00+00:00,False,,51.866896,-2.220268,Male,over 34,Other ethnic group - Not stated,Other,Misuse of Drugs Act 1971 (section 23),Controlled drugs,Arrest,False,False
Person search,2023-09-11T00:50:00+00:00,False,,51.865323,-2.220260,Male,over 34,White - English/Welsh/Scottish/Northern Irish/British,White,Misuse of Drugs Act 1971 (section 23),Controlled drugs,A no further action disposal,True,False
Vehicle search,2023-09-11T00:51:00+00:00,False,,51.866765,-2.217987,Other,,,,Misuse of Drugs Act 1971 (section 23),Controlled drugs,Arrest,True,
Person search,2023-09-11T11:00:00+00:00,False,,51.870228,-2.235898,Male,over 34,White - English/Welsh/Scottish/Northern Irish/British,White,Police and Criminal Evidence Act 1984 (section 1),Offensive weapons,A no further action disposal,False,False
Person search,2023-09-11T13:51:00+00:00,False,,52.005751,-2.119936,Male,10-17,White - English/Welsh/Scottish/Northern Irish/British,White,Police and Criminal Evidence Act 1984 (section 1),Offensive weapons,Community resolution,False,False
Person search,2023-09-11T14:11:00+00:00,False,,52.006092,-2.120781,Male,10-17,White - English/Welsh/Scottish/Northern Irish/British,White,Police and Criminal Evidence Act 1984 (section 1),Offensive weapons,A no further action disposal,False,False
Person search,2023-09-11T14:14:00+00:00,False,,52.006092,-2.120781,Male,10-17,White - English/Welsh/Scottish/Northern Irish/British,White,Police and Criminal Evidence Act 1984 (section 1),Articles for use in criminal damage,A no further action disposal,True,False
Person search,2023-09-11T20:06:00+00:00,False,,51.846119,-2.151548,Other,10-17,White - English/Welsh/Scottish/Northern Irish/British,White,Police and Criminal Evidence Act 1984 (section 1),Offensive weapons,A no further action disposal,True,False
Person search,2023-09-11T20:10:00+00:00,False,,51.846174,-2.150648,Male,10-17,White - English/Welsh/Scottish/Northern Irish/British,White,Police and Criminal Evidence Act 1984 (section 1),Offensive weapons,A no further action disposal,True,False
Person search,2023-09-11T21:00:00+00:00,False,,51.809472,-2.275178,Male,10-17,White - English/Welsh/Scottish/Northern Irish/British,White,Police and Criminal Evidence Act 1984 (section 1),Offensive weapons,A no further action disposal,False,False
Person search,2023-09-12T13:20:00+00:00,False,,51.865457,-2.247752,Male,over 34,White - English/Welsh/Scottish/Northern Irish/British,White,Misuse of Drugs Act 1971 (section 23),Controlled drugs,Arrest,True,True
Person search,2023-09-12T23:45:00+00:00,False,,51.897241,-2.101945,Male,18-24,White - English/Welsh/Scottish/Northern Irish/British,White,Police and Criminal Evidence Act 1984 (section 1),Article for use in theft,A no further action disposal,False,False
Person search,2023-09-12T23:55:00+00:00,False,,51.897241,-2.101945,Male,18-24,Other ethnic group - Not stated,Other,Police and Criminal Evidence Act 1984 (section 1),Article for use in theft,A no further action disposal,True,False
Person search,2023-09-13T00:03:00+00:00,False,,51.897241,-2.101945,Male,18-24,White - English/Welsh/Scottish/Northern Irish/British,White,Police and Criminal Evidence Act 1984 (section 1),Article for use in theft,A no further action disposal,False,False
Vehicle search,2023-09-13T21:51:00+00:00,False,,51.910219,-2.342330,Other,,,,Misuse of Drugs Act 1971 (section 23),Controlled drugs,Arrest,True,
Person search,2023-09-13T23:50:00+00:00,False,,51.866539,-2.241804,Male,over 34,Other ethnic group - Not stated,Other,Police and Criminal Evidence Act 1984 (section 1),Offensive weapons,Arrest,True,False
Person search,2023-09-14T00:23:00+00:00,False,,51.868253,-2.234653,Male,over 34,White - English/Welsh/Scottish/Northern Irish/British,White,Police and Criminal Evidence Act 1984 (section 1),Offensive weapons,A no further action disposal,False,False
Person search,2023-09-14T01:50:00+00:00,False,,51.992365,-2.150454,Male,25-34,White - English/Welsh/Scottish/Northern Irish/British,White,Police and Criminal Evidence Act 1984 (section 1),Articles for use in criminal damage,A no further action disposal,False,False
Person search,2023-09-14T15:10:00+00:00,False,,51.838820,-2.214238,Male,18-24,Mixed/Multiple ethnic groups - Any other Mixed/Multiple ethnic background,Other,Misuse of Drugs Act 1971 (section 23),Controlled drugs,Community resolution,True,False
Person search,2023-09-14T15:11:00+00:00,False,,51.838820,-2.214238,Male,25-34,Asian/Asian British - Indian,Asian,Misuse of Drugs Act 1971 (section 23),Controlled drugs,A no further action disposal,False,False
Person and Vehicle search,2023-09-14T20:35:00+00:00,False,,51.739056,-2.208798,Male,18-24,White - Any other White background,White,Misuse of Drugs Act 1971 (section 23),Controlled drugs,Summons / charged by post,False,
Person search,2023-09-14T21:22:00+00:00,False,,51.861852,-2.488717,Male,10-17,White - English/Welsh/Scottish/Northern Irish/British,White,Misuse of Drugs Act 1971 (section 23),Controlled drugs,A no further action disposal,False,False
Person search,2023-09-14T22:15:00+00:00,False,,51.883533,-2.236651,Male,over 34,Black/African/Caribbean/Black British - African,Black,Misuse of Drugs Act 1971 (section 23),Controlled drugs,Community resolution,True,False
Person search,2023-09-14T22:18:00+00:00,False,,51.883533,-2.236651,Male,over 34,Black/African/Caribbean/Black British - Any other Black/African/Caribbean background,Black,Misuse of Drugs Act 1971 (section 23),Controlled drugs,Arrest,False,False
Person and Vehicle search,2023-09-14T23:50:00+00:00,False,,51.829012,-2.504759,Male,25-34,Other ethnic group - Not stated,Other,Misuse of Drugs Act 1971 (section 23),Controlled drugs,Arrest,True,
Person search,2023-09-15T06:55:00+00:00,False,,51.898114,-2.077008,Male,18-24,White - English/Welsh/Scottish/Northern Irish/British,White,Police and Criminal Evidence Act 1984 (section 1),Offensive weapons,Arrest,False,False
Person search,2023-09-16T02:34:00+00:00,False,,51.748153,-2.229177,Female,18-24,White - English/Welsh/Scottish/Northern Irish/British,White,Misuse of Drugs Act 1971 (section 23),Controlled drugs,Community resolution,True,False
Person search,2023-09-16T02:42:00+00:00,False,,51.748153,-2.229177,Male,25-34,White - English/Welsh/Scottish/Northern Irish/British,White,Misuse of Drugs Act 1971 (section 23),Controlled drugs,A no further action disposal,False,False
Person search,2023-09-16T11:47:00+00:00,False,,51.609150,-2.197138,Male,25-34,Other ethnic group - Not stated,Other,Misuse of Drugs Act 1971 (section 23),Controlled drugs,A no further action disposal,False,False
Person search,2023-09-16T13:25:00+00:00,False,,51.719294,-2.533052,Female,25-34,White - English/Welsh/Scottish/Northern Irish/British,White,Police and Criminal Evidence Act 1984 (section 1),Offensive weapons,A no further action disposal,True,False
Person search,2023-09-16T13:40:00+00:00,False,,51.866896,-2.220268,Male,10-17,Mixed/Multiple ethnic groups - Any other Mixed/Multiple ethnic background,Other,Misuse of Drugs Act 1971 (section 23),Controlled drugs,A no further action disposal,True,True
Person search,2023-09-16T13:42:00+00:00,False,,51.866896,-2.220268,Male,10-17,White - English/Welsh/Scottish/Northern Irish/British,White,Misuse of Drugs Act 1971 (section 23),Controlled drugs,A no further action disposal,True,False
Person search,2023-09-16T13:48:00+00:00,False,,51.866896,-2.220268,Male,10-17,Mixed/Multiple ethnic groups - Any other Mixed/Multiple ethnic background,Other,Misuse of Drugs Act 1971 (section 23),Controlled drugs,A no further action disposal,True,False
Person and Vehicle search,2023-09-16T20:20:00+00:00,False,,51.847788,-2.161091,Male,10-17,White - English/Welsh/Scottish/Northern Irish/British,White,Misuse of Drugs Act 1971 (section 23),Controlled drugs,A no further action disposal,False,
Person search,2023-09-16T21:05:00+00:00,False,,51.900129,-2.075267,Male,25-34,Asian/Asian British - Indian,Asian,Misuse of Drugs Act 1971 (section 23),Controlled drugs,A no further action disposal,False,False
Person search,2023-09-17T07:30:00+00:00,False,,51.902771,-2.090315,Male,10-17,White - Any other White background,White,Police and Criminal Evidence Act 1984 (section 1),Offensive weapons,A no further action disposal,False,False
Person search,2023-09-17T21:27:00+00:00,False,,51.909686,-2.109721,Male,over 34,White - English/Welsh/Scottish/Northern Irish/British,White,Police and Criminal Evidence Act 1984 (section 1),Article for use in theft,Arrest,False,False
Person and Vehicle search,2023-09-18T01:56:00+00:00,False,,51.909686,-2.109721,Male,over 34,Other ethnic group - Not stated,Other,Police and Criminal Evidence Act 1984 (section 1),Stolen goods,Arrest,True,
Person and Vehicle search,2023-09-18T02:00:00+00:00,False,,51.909686,-2.109721,Male,over 34,White - Any other White background,White,Police and Criminal Evidence Act 1984 (section 1),Stolen goods,Arrest,True,
Person search,2023-09-18T12:05:00+00:00,False,,51.904549,-2.065652,Male,over 34,White - English/Welsh/Scottish/Northern Irish/British,White,Police and Criminal Evidence Act 1984 (section 1),Article for use in theft,A no further action disposal,False,False
Person and Vehicle search,2023-09-18T14:00:00+00:00,False,,51.860448,-2.230416,Male,25-34,Black/African/Caribbean/Black British - Caribbean,Black,Misuse of Drugs Act 1971 (section 23),Controlled drugs,Arrest,False,
Person search,2023-09-18T18:30:00+00:00,False,,51.912059,-2.100699,Male,over 34,White - English/Welsh/Scottish/Northern Irish/British,White,Police and Criminal Evidence Act 1984 (section 1),Offensive weapons,A no further action disposal,False,True
Person search,2023-09-18T20:15:00+00:00,False,,51.864561,-2.228622,Male,25-34,Other ethnic group - Not stated,Other,Misuse of Drugs Act 1971 (section 23),Controlled drugs,A no further action disposal,False,False
Person search,2023-09-19T07:05:00+00:00,False,,51.725258,-2.216567,Male,25-34,Other ethnic group - Not stated,Other,Police and Criminal Evidence Act 1984 (section 1),Stolen goods,A no further action disposal,False,False
Person search,2023-09-19T15:15:00+00:00,False,,51.864347,-2.241023,Male,18-24,Mixed/Multiple ethnic groups - White and Asian,Other,Misuse of Drugs Act 1971 (section 23),Controlled drugs,Community resolution,True,False
Person search,2023-09-19T17:00:00+00:00,False,,51.864339,-2.243009,Male,25-34,White - English/Welsh/Scottish/Northern Irish/British,White,Misuse of Drugs Act 1971 (section 23),Controlled drugs,A no further action disposal,False,False
Person search,2023-09-19T19:34:00+00:00,False,,51.870901,-2.197906,Female,over 34,White - English/Welsh/Scottish/Northern Irish/British,White,Misuse of Drugs Act 1971 (section 23),Controlled drugs,Arrest,False,False
Person search,2023-09-19T19:34:00+00:00,False,,51.870901,-2.197906,Female,25-34,White - English/Welsh/Scottish/Northern Irish/British,White,Misuse of Drugs Act 1971 (section 23),Controlled drugs,Arrest,False,False
Person search,2023-09-19T19:34:00+00:00,False,,51.870901,-2.197906,Female,over 34,White - English/Welsh/Scottish/Northern Irish/British,White,Misuse of Drugs Act 1971 (section 23),Controlled drugs,A no further action disposal,False,False
Person search,2023-09-19T19:34:00+00:00,False,,51.865133,-2.200611,Female,over 34,White - English/Welsh/Scottish/Northern Irish/British,White,Misuse of Drugs Act 1971 (section 23),Controlled drugs,Arrest,False,False
Vehicle search,2023-09-19T19:40:00+00:00,False,,51.870901,-2.197906,Other,,,,Misuse of Drugs Act 1971 (section 23),Controlled drugs,Arrest,True,
Person search,2023-09-19T21:15:00+00:00,False,,51.867471,-2.238962,Male,25-34,White - English/Welsh/Scottish/Northern Irish/British,White,Police and Criminal Evidence Act 1984 (section 1),Stolen goods,A no further action disposal,False,False
Person search,2023-09-19T21:30:00+00:00,False,,51.866545,-2.238725,Male,10-17,White - English/Welsh/Scottish/Northern Irish/British,White,Police and Criminal Evidence Act 1984 (section 1),Stolen goods,A no further action disposal,False,False
Person search,2023-09-19T21:34:00+00:00,False,,51.866545,-2.238725,Male,18-24,White - English/Welsh/Scottish/Northern Irish/British,White,Police and Criminal Evidence Act 1984 (section 1),Stolen goods,A no further action disposal,True,False
Person search,2023-09-19T21:35:00+00:00,False,,51.866545,-2.238725,Female,18-24,White - English/Welsh/Scottish/Northern Irish/British,White,Police and Criminal Evidence Act 1984 (section 1),Stolen goods,A no further action disposal,False,False
Person search,2023-09-19T22:55:00+00:00,False,,51.839980,-2.108898,Male,18-24,White - English/Welsh/Scottish/Northern Irish/British,White,Misuse of Drugs Act 1971 (section 23),Controlled drugs,Community resolution,True,False
Person search,2023-09-19T23:28:00+00:00,False,,51.966851,-1.964730,Male,over 34,White - English/Welsh/Scottish/Northern Irish/British,White,Police and Criminal Evidence Act 1984 (section 1),Article for use in theft,A no further action disposal,True,False
Person search,2023-09-20T10:15:00+00:00,False,,51.899840,-2.077243,Male,over 34,White - English/Welsh/Scottish/Northern Irish/British,White,Police and Criminal Evidence Act 1984 (section 1),Stolen goods,A no further action disposal,True,False
Person search,2023-09-21T00:30:00+00:00,False,,51.862182,-2.240227,Male,18-24,White - English/Welsh/Scottish/Northern Irish/British,White,Misuse of Drugs Act 1971 (section 23),Controlled drugs,A no further action disposal,False,False
Person search,2023-09-21T07:33:00+00:00,False,,51.866099,-2.232783,Female,over 34,White - English/Welsh/Scottish/Northern Irish/British,White,Misuse of Drugs Act 1971 (section 23),Controlled drugs,A no further action disposal,True,False
Person and Vehicle search,2023-09-23T12:46:00+00:00,False,,51.858055,-2.252910,Male,25-34,White - English/Welsh/Scottish/Northern Irish/British,White,Misuse of Drugs Act 1971 (section 23),Controlled drugs,A no further action disposal,False,
Person search,2023-09-23T12:51:00+00:00,False,,51.858242,-2.254087,Male,25-34,White - English/Welsh/Scottish/Northern Irish/British,White,Misuse of Drugs Act 1971 (section 23),Controlled drugs,A no further action disposal,False,False
Person search,2023-09-23T17:16:00+00:00,False,,51.855725,-2.514902,Male,,Other ethnic group - Not stated,Other,Police and Criminal Evidence Act 1984 (section 1),Offensive weapons,A no further action disposal,False,False
Person search,2023-09-25T10:48:00+00:00,False,,51.861206,-2.233571,Male,10-17,White - Any other White background,White,Misuse of Drugs Act 1971 (section 23),Controlled drugs,A no further action disposal,True,True
Person and Vehicle search,2023-09-25T14:33:00+00:00,False,,51.865744,-2.252111,Male,18-24,Mixed/Multiple ethnic groups - Any other Mixed/Multiple ethnic background,Other,Misuse of Drugs Act 1971 (section 23),Controlled drugs,Arrest,False,
Person search,2023-09-26T00:40:00+00:00,False,,51.867471,-2.238962,Male,18-24,White - English/Welsh/Scottish/Northern Irish/British,White,Misuse of Drugs Act 1971 (section 23),Controlled drugs,A no further action disposal,True,True
Person search,2023-09-26T00:40:00+00:00,False,,51.867471,-2.238962,Male,over 34,Black/African/Caribbean/Black British - Caribbean,Black,Misuse of Drugs Act 1971 (section 23),Controlled drugs,A no further action disposal,False,False
