Type,Date,Part of a policing operation,Policing operation,Latitude,Longitude,Gender,Age range,Self-defined ethnicity,Officer-defined ethnicity,Legislation,Object of search,Outcome,Outcome linked to object of search,Removal of more than just outer clothing
Person search,2024-03-01T00:45:00+00:00,False,,52.064731,-2.156941,Female,18-24,White - English/Welsh/Scottish/Northern Irish/British,White,Misuse of Drugs Act 1971 (section 23),Controlled drugs,Community resolution,True,False
Person and Vehicle search,2024-03-01T00:45:00+00:00,False,,52.064731,-2.156941,Male,18-24,White - English/Welsh/Scottish/Northern Irish/British,White,Misuse of Drugs Act 1971 (section 23),Controlled drugs,Community resolution,True,
Person search,2024-03-01T20:23:00+00:00,False,,51.864339,-2.243009,Male,18-24,Mixed/Multiple ethnic groups - Any other Mixed/Multiple ethnic background,Other,Misuse of Drugs Act 1971 (section 23),Controlled drugs,A no further action disposal,True,False
Person search,2024-03-01T20:39:00+00:00,False,,51.864339,-2.243009,Male,18-24,Mixed/Multiple ethnic groups - Any other Mixed/Multiple ethnic background,Other,Misuse of Drugs Act 1971 (section 23),Controlled drugs,Community resolution,True,False
Person search,2024-03-01T20:45:00+00:00,False,,51.864339,-2.243009,Male,18-24,Mixed/Multiple ethnic groups - Any other Mixed/Multiple ethnic background,Other,Misuse of Drugs Act 1971 (section 23),Controlled drugs,A no further action disposal,True,False
Person search,2024-03-01T20:54:00+00:00,False,,51.864339,-2.243009,Male,18-24,Mixed/Multiple ethnic groups - Any other Mixed/Multiple ethnic background,Other,Misuse of Drugs Act 1971 (section 23),Controlled drugs,A no further action disposal,True,False
Vehicle search,2024-03-02T00:50:00+00:00,False,,51.845678,-2.247382,Other,,,,Misuse of Drugs Act 1971 (section 23),Controlled drugs,A no further action disposal,False,
Person search,2024-03-02T14:00:00+00:00,False,,51.661815,-2.377132,Male,18-24,White - English/Welsh/Scottish/Northern Irish/British,White,Police and Criminal Evidence Act 1984 (section 1),Article for use in theft,A no further action disposal,True,False
Person search,2024-03-02T20:15:00+00:00,False,,51.902405,-2.117523,Female,18-24,White - English/Welsh/Scottish/Northern Irish/British,White,Police and Criminal Evidence Act 1984 (section 1),Offensive weapons,A no further action disposal,True,False
Person and Vehicle search,2024-03-03T00:42:00+00:00,False,,51.909686,-2.109721,Male,18-24,White - Any other White background,White,Misuse of Drugs Act 1971 (section 23),Controlled drugs,Arrest,True,
Person and Vehicle search,2024-03-03T18:20:00+00:00,False,,51.839980,-2.108898,Male,18-24,White - English/Welsh/Scottish/Northern Irish/British,White,Misuse of Drugs Act 1971 (section 23),Controlled drugs,Arrest,True,
Person search,2024-03-03T21:28:00+00:00,False,,51.864813,-2.246268,Male,over 34,White - English/Welsh/Scottish/Northern Irish/British,White,Misuse of Drugs Act 1971 (section 23),Controlled drugs,Community resolution,True,False
Person and Vehicle search,2024-03-04T11:00:00+00:00,False,,51.906223,-2.120251,Male,18-24,White - English/Welsh/Scottish/Northern Irish/British,White,Misuse of Drugs Act 1971 (section 23),Controlled drugs,Community resolution,True,
Person and Vehicle search,2024-03-04T11:00:00+00:00,True,,51.907358,-2.118597,Male,18-24,White - English/Welsh/Scottish/Northern Irish/British,White,Misuse of Drugs Act 1971 (section 23),Controlled drugs,A no further action disposal,True,
Person search,2024-03-04T13:00:00+00:00,False,,,,Male,over 34,White - English/Welsh/Scottish/Northern Irish/British,White,Misuse of Drugs Act 1971 (section 23),Controlled drugs,A no further action disposal,True,False
Person search,2024-03-04T13:00:00+00:00,False,,51.909259,-2.104458,Male,over 34,White - English/Welsh/Scottish/Northern Irish/British,White,Misuse of Drugs Act 1971 (section 23),Controlled drugs,A no further action disposal,True,False
Person search,2024-03-04T13:29:00+00:00,False,,51.896883,-2.099721,Male,18-24,White - English/Welsh/Scottish/Northern Irish/British,White,Misuse of Drugs Act 1971 (section 23),Controlled drugs,A no further action disposal,False,False
Person and Vehicle search,2024-03-04T13:30:00+00:00,False,,51.896883,-2.099721,Male,over 34,Asian/Asian British - Any other Asian background,Asian,Misuse of Drugs Act 1971 (section 23),Controlled drugs,A no further action disposal,False,
Person search,2024-03-04T14:20:00+00:00,False,,51.859571,-2.232851,Male,10-17,White - English/Welsh/Scottish/Northern Irish/British,White,Misuse of Drugs Act 1971 (section 23),Controlled drugs,Community resolution,True,False
Person search,2024-03-04T14:20:00+00:00,False,,51.859571,-2.232851,Male,18-24,Mixed/Multiple ethnic groups - White and Black African,Other,Misuse of Drugs Act 1971 (section 23),Controlled drugs,Community resolution,True,False
Person search,2024-03-04T14:20:00+00:00,False,,51.859571,-2.232851,Female,10-17,White - English/Welsh/Scottish/Northern Irish/British,White,Misuse of Drugs Act 1971 (section 23),Controlled drugs,A no further action disposal,True,False
Person search,2024-03-05T15:35:00+00:00,True,,51.864347,-2.241023,Male,over 34,Black/African/Caribbean/Black British - African,Black,Misuse of Drugs Act 1971 (section 23),Controlled drugs,A no further action disposal,False,False
Person search,2024-03-05T23:12:00+00:00,False,,51.830723,-2.276788,Female,over 34,White - English/Welsh/Scottish/Northern Irish/British,White,Police and Criminal Evidence Act 1984 (section 1),Article for use in theft,A no further action disposal,False,False
Person search,2024-03-05T23:17:00+00:00,False,,51.830723,-2.276788,Male,over 34,White - English/Welsh/Scottish/Northern Irish/British,White,Police and Criminal Evidence Act 1984 (section 1),Stolen goods,A no further action disposal,True,False
Person search,2024-03-06T08:57:00+00:00,False,,51.862182,-2.240227,Male,18-24,Other ethnic group - Not stated,Other,Misuse of Drugs Act 1971 (section 23),Controlled drugs,A no further action disposal,False,False
Person and Vehicle search,2024-03-06T10:50:00+00:00,False,,51.860966,-2.249862,Male,18-24,White - Any other White background,White,Misuse of Drugs Act 1971 (section 23),Controlled drugs,Summons / charged by post,True,
Person search,2024-03-06T15:13:00+00:00,False,,51.866099,-2.232783,Male,10-17,Other ethnic group - Not stated,Other,Police and Criminal Evidence Act 1984 (section 1),Stolen goods,A no further action disposal,False,False
Person search,2024-03-06T15:13:00+00:00,False,,51.864813,-2.246268,Male,10-17,Other ethnic group - Not stated,Other,Police and Criminal Evidence Act 1984 (section 1),Stolen goods,A no further action disposal,False,False
Person search,2024-03-06T15:13:00+00:00,False,,51.864813,-2.246268,Male,10-17,Other ethnic group - Not stated,Other,Police and Criminal Evidence Act 1984 (section 1),Stolen goods,A no further action disposal,False,False
Person search,2024-03-06T20:08:00+00:00,False,,51.860210,-2.228164,Male,over 34,White - English/Welsh/Scottish/Northern Irish/British,White,Misuse of Drugs Act 1971 (section 23),Controlled drugs,A no further action disposal,True,False
Person search,2024-03-06T20:41:00+00:00,False,,51.907903,-2.113220,Female,25-34,White - English/Welsh/Scottish/Northern Irish/British,White,Misuse of Drugs Act 1971 (section 23),Controlled drugs,A no further action disposal,False,False
Person search,2024-03-06T20:41:00+00:00,False,,51.907903,-2.113220,Female,25-34,White - English/Welsh/Scottish/Northern Irish/British,White,Misuse of Drugs Act 1971 (section 23),Controlled drugs,A no further action disposal,False,False
Person search,2024-03-07T11:19:00+00:00,False,,51.856883,-2.230964,Male,25-34,White - English/Welsh/Scottish/Northern Irish/British,White,Misuse of Drugs Act 1971 (section 23),Controlled drugs,Community resolution,True,False
Person search,2024-03-07T11:40:00+00:00,False,,51.862182,-2.240227,Male,18-24,,,Misuse of Drugs Act 1971 (section 23),Controlled drugs,Arrest,True,False
Person search,2024-03-07T12:00:00+00:00,False,,51.862182,-2.240227,Male,,,,Misuse of Drugs Act 1971 (section 23),Controlled drugs,A no further action disposal,False,False
Vehicle search,2024-03-07T12:10:00+00:00,False,,51.862182,-2.240227,Male,,,,Misuse of Drugs Act 1971 (section 23),Controlled drugs,A no further action disposal,False,
Person and Vehicle search,2024-03-07T13:21:00+00:00,False,,51.905898,-2.294344,Male,25-34,White - English/Welsh/Scottish/Northern Irish/British,White,Police and Criminal Evidence Act 1984 (section 1),Offensive weapons,A no further action disposal,False,
Person search,2024-03-07T16:55:00+00:00,True,,51.858585,-2.257400,Male,10-17,White - Any other White background,White,Misuse of Drugs Act 1971 (section 23),Controlled drugs,Community resolution,True,False
Person search,2024-03-07T16:55:00+00:00,False,,51.870901,-2.197906,Male,25-34,White - Any other White background,White,Misuse of Drugs Act 1971 (section 23),Controlled drugs,Community resolution,True,False
Person search,2024-03-07T16:55:00+00:00,True,,51.858585,-2.257400,Male,10-17,Asian/Asian British - Any other Asian background,Asian,Misuse of Drugs Act 1971 (section 23),Controlled drugs,A no further action disposal,True,False
Person and Vehicle search,2024-03-07T16:56:00+00:00,False,,51.870901,-2.197906,Male,25-34,White - English/Welsh/Scottish/Northern Irish/British,White,Misuse of Drugs Act 1971 (section 23),Controlled drugs,Arrest,True,
Person and Vehicle search,2024-03-07T17:00:00+00:00,False,,51.870901,-2.197906,Male,25-34,Other ethnic group - Not stated,Other,Misuse of Drugs Act 1971 (section 23),Controlled drugs,A no further action disposal,False,
Person search,2024-03-07T17:09:00+00:00,False,,51.870901,-2.197906,Female,25-34,White - English/Welsh/Scottish/Northern Irish/British,White,Misuse of Drugs Act 1971 (section 23),Controlled drugs,A no further action disposal,False,False
Person search,2024-03-07T19:20:00+00:00,False,,51.854848,-2.210496,Male,18-24,White - English/Welsh/Scottish/Northern Irish/British,White,Misuse of Drugs Act 1971 (section 23),Controlled drugs,A no further action disposal,False,False
Person search,2024-03-07T19:27:00+00:00,False,,51.854848,-2.210496,Male,25-34,White - English/Welsh/Scottish/Northern Irish/British,White,Misuse of Drugs Act 1971 (section 23),Controlled drugs,A no further action disposal,False,False
Vehicle search,2024-03-07T19:27:00+00:00,False,,51.851986,-2.212370,Male,,,,Misuse of Drugs Act 1971 (section 23),Controlled drugs,A no further action disposal,False,
Person and Vehicle search,2024-03-07T19:55:00+00:00,False,,51.854848,-2.210496,Female,18-24,White - English/Welsh/Scottish/Northern Irish/British,White,Misuse of Drugs Act 1971 (section 23),Controlled drugs,A no further action disposal,True,
Person search,2024-03-07T20:15:00+00:00,False,,51.911102,-2.069136,Female,18-24,Black/African/Caribbean/Black British - Any other Black/African/Caribbean background,Black,Police and Criminal Evidence Act 1984 (section 1),Offensive weapons,A no further action disposal,True,False
Person search,2024-03-07T20:17:00+00:00,False,,51.744391,-2.216688,Male,10-17,White - English/Welsh/Scottish/Northern Irish/British,White,Police and Criminal Evidence Act 1984 (section 1),Stolen goods,A no further action disposal,False,False
Person search,2024-03-07T20:20:00+00:00,False,,51.744922,-2.216690,Male,10-17,Mixed/Multiple ethnic groups - Any other Mixed/Multiple ethnic background,Other,Police and Criminal Evidence Act 1984 (section 1),Stolen goods,A no further action disposal,False,False
Person and Vehicle search,2024-03-07T21:13:00+00:00,False,,51.893393,-2.090253,Male,25-34,Asian/Asian British - Any other Asian background,Asian,Police and Criminal Evidence Act 1984 (section 1),Stolen goods,A no further action disposal,False,
Person search,2024-03-08T04:40:00+00:00,False,,51.860521,-2.251661,Male,25-34,White - English/Welsh/Scottish/Northern Irish/British,White,Misuse of Drugs Act 1971 (section 23),Controlled drugs,A no further action disposal,False,False
Person search,2024-03-08T19:00:00+00:00,False,,51.931166,-2.405130,Male,10-17,White - English/Welsh/Scottish/Northern Irish/British,White,Police and Criminal Evidence Act 1984 (section 1),Offensive weapons,Community resolution,False,False
Person search,2024-03-08T19:00:00+00:00,False,,51.933487,-2.404700,Male,10-17,White - English/Welsh/Scottish/Northern Irish/British,White,Police and Criminal Evidence Act 1984 (section 1),Offensive weapons,A no further action disposal,False,False
Person search,2024-03-08T19:10:00+00:00,False,,51.931166,-2.405130,Male,10-17,White - English/Welsh/Scottish/Northern Irish/British,White,Police and Criminal Evidence Act 1984 (section 1),Offensive weapons,A no further action disposal,False,False
Person search,2024-03-08T19:13:00+00:00,False,,51.931166,-2.405130,Male,10-17,White - English/Welsh/Scottish/Northern Irish/British,White,Police and Criminal Evidence Act 1984 (section 1),Offensive weapons,A no further action disposal,True,False
Person search,2024-03-08T19:15:00+00:00,False,,51.792711,-2.620174,Female,10-17,White - English/Welsh/Scottish/Northern Irish/British,White,Police and Criminal Evidence Act 1984 (section 1),Articles for use in criminal damage,A no further action disposal,False,False
Person search,2024-03-08T19:15:00+00:00,False,,51.792711,-2.620174,Male,10-17,White - English/Welsh/Scottish/Northern Irish/British,White,Police and Criminal Evidence Act 1984 (section 1),Articles for use in criminal damage,A no further action disposal,True,False
Person search,2024-03-08T19:16:00+00:00,False,,51.792711,-2.620174,Male,10-17,White - English/Welsh/Scottish/Northern Irish/British,White,Police and Criminal Evidence Act 1984 (section 1),Articles for use in criminal damage,A no further action disposal,True,False
Person and Vehicle search,2024-03-08T20:20:00+00:00,False,,51.866765,-2.217987,Male,18-24,White - Any other White background,White,Misuse of Drugs Act 1971 (section 23),Controlled drugs,Arrest,True,
Person search,2024-03-08T22:16:00+00:00,False,,51.931166,-2.405130,Male,10-17,White - English/Welsh/Scottish/Northern Irish/British,White,Police and Criminal Evidence Act 1984 (section 1),Offensive weapons,Community resolution,False,False
Vehicle search,2024-03-08T22:23:00+00:00,False,,51.866765,-2.217987,Other,,,,Misuse of Drugs Act 1971 (section 23),Controlled drugs,Arrest,True,
Vehicle search,2024-03-09T00:00:00+00:00,False,,51.842508,-2.227552,Other,,,,Police and Criminal Evidence Act 1984 (section 1),Offensive weapons,A no further action disposal,False,
Person and Vehicle search,2024-03-09T00:10:00+00:00,False,,51.612846,-2.652732,Male,18-24,Other ethnic group - Not stated,Other,Misuse of Drugs Act 1971 (section 23),Controlled drugs,A no further action disposal,True,
Person search,2024-03-09T00:23:00+00:00,False,,51.612846,-2.652732,Female,10-17,White - English/Welsh/Scottish/Northern Irish/British,White,Misuse of Drugs Act 1971 (section 23),Controlled drugs,A no further action disposal,False,False
Person search,2024-03-09T19:25:00+00:00,False,,51.931166,-2.405130,Male,10-17,Mixed/Multiple ethnic groups - White and Black Caribbean,Other,Misuse of Drugs Act 1971 (section 23),Controlled drugs,Community resolution,True,False
Person search,2024-03-09T19:30:00+00:00,False,,51.931166,-2.405130,Male,10-17,White - English/Welsh/Scottish/Northern Irish/British,White,Misuse of Drugs Act 1971 (section 23),Controlled drugs,A no further action disposal,False,False
Person search,2024-03-09T19:33:00+00:00,False,,51.931166,-2.405130,Male,10-17,Black/African/Caribbean/Black British - Caribbean,Black,Misuse of Drugs Act 1971 (section 23),Controlled drugs,Community resolution,True,False
Person search,2024-03-09T21:29:00+00:00,False,,51.706080,-1.959043,Male,25-34,White - English/Welsh/Scottish/Northern Irish/British,White,Misuse of Drugs Act 1971 (section 23),Controlled drugs,Arrest,False,False
Person and Vehicle search,2024-03-09T23:22:00+00:00,False,,51.839980,-2.108898,Male,18-24,White - English/Welsh/Scottish/Northern Irish/British,White,Misuse of Drugs Act 1971 (section 23),Controlled drugs,A no further action disposal,False,
Person search,2024-03-09T23:45:00+00:00,False,,51.842508,-2.227552,Female,25-34,White - English/Welsh/Scottish/Northern Irish/British,White,Police and Criminal Evidence Act 1984 (section 1),Offensive weapons,A no further action disposal,False,False
Person search,2024-03-10T23:06:00+00:00,False,,51.838417,-2.241174,Male,18-24,Asian/Asian British - Indian,Asian,Misuse of Drugs Act 1971 (section 23),Controlled drugs,Arrest,True,False
Person search,2024-03-11T03:10:00+00:00,False,,51.903133,-2.073049,Male,over 34,White - English/Welsh/Scottish/Northern Irish/British,White,Police and Criminal Evidence Act 1984 (section 1),Article for use in theft,A no further action disposal,False,False
Person search,2024-03-11T03:20:00+00:00,False,,51.863420,-2.245781,Male,10-17,Mixed/Multiple ethnic groups - White and Black Caribbean,Other,Police and Criminal Evidence Act 1984 (section 1),Offensive weapons,A no further action disposal,True,False
Person search,2024-03-11T03:20:00+00:00,False,,51.863420,-2.245781,Male,10-17,Mixed/Multiple ethnic groups - Any other Mixed/Multiple ethnic background,Other,Police and Criminal Evidence Act 1984 (section 1),Offensive weapons,A no further action disposal,False,False
Person search,2024-03-11T19:55:00+00:00,False,,51.850326,-2.158530,Male,18-24,White - English/Welsh/Scottish/Northern Irish/British,White,Misuse of Drugs Act 1971 (section 23),Controlled drugs,Community resolution,True,False
Person search,2024-03-11T19:55:00+00:00,False,,51.850326,-2.158530,Male,10-17,White - English/Welsh/Scottish/Northern Irish/British,White,Misuse of Drugs Act 1971 (section 23),Controlled drugs,A no further action disposal,False,False
Person search,2024-03-12T09:36:00+00:00,False,,51.866157,-2.248323,Male,over 34,Black/African/Caribbean/Black British - Caribbean,Black,Police and Criminal Evidence Act 1984 (section 1),Offensive weapons,A no further action disposal,False,False
Person search,2024-03-12T11:42:00+00:00,False,,51.900643,-2.073568,Female,over 34,White - English/Welsh/Scottish/Northern Irish/British,White,Police and Criminal Evidence Act 1984 (section 1),Article for use in theft,Community resolution,False,False
Person search,2024-03-12T13:29:00+00:00,False,,51.857538,-2.233726,Male,25-34,White - English/Welsh/Scottish/Northern Irish/British,White,Misuse of Drugs Act 1971 (section 23),Controlled drugs,A no further action disposal,True,False
Person search,2024-03-12T15:50:00+00:00,False,,51.862270,-2.241142,Male,over 34,White - English/Welsh/Scottish/Northern Irish/British,White,Police and Criminal Evidence Act 1984 (section 1),Stolen goods,A no further action disposal,True,False
Person search,2024-03-12T15:55:00+00:00,False,,51.862270,-2.241142,Female,over 34,White - English/Welsh/Scottish/Northern Irish/British,White,Misuse of Drugs Act 1971 (section 23),Controlled drugs,A no further action disposal,True,False
Person search,2024-03-12T23:35:00+00:00,False,,51.903355,-2.077598,Male,over 34,White - English/Welsh/Scottish/Northern Irish/British,White,Police and Criminal Evidence Act 1984 (section 1),Stolen goods,A no further action disposal,False,False
Person search,2024-03-13T03:53:00+00:00,False,,51.894318,-2.064751,Male,over 34,White - English/Welsh/Scottish/Northern Irish/British,White,Police and Criminal Evidence Act 1984 (section 1),Article for use in theft,Arrest,True,False
Person search,2024-03-13T04:53:00+00:00,False,,51.825863,-1.800312,Male,25-34,White - English/Welsh/Scottish/Northern Irish/British,White,Police and Criminal Evidence Act 1984 (section 1),Article for use in theft,A no further action disposal,True,False
Person and Vehicle search,2024-03-13T04:53:00+00:00,False,,51.825863,-1.800312,Male,over 34,White - English/Welsh/Scottish/Northern Irish/British,White,Police and Criminal Evidence Act 1984 (section 1),Article for use in theft,A no further action disposal,True,
Person search,2024-03-13T14:00:00+00:00,False,,51.864339,-2.243009,Female,25-34,White - Any other White background,White,Police and Criminal Evidence Act 1984 (section 1),Stolen goods,A no further action disposal,True,False
Person search,2024-03-13T14:05:00+00:00,False,,51.864339,-2.243009,Male,18-24,White - Any other White background,White,Police and Criminal Evidence Act 1984 (section 1),Stolen goods,Community resolution,True,False
Person search,2024-03-13T15:21:00+00:00,False,,51.864339,-2.243009,Female,10-17,White - Any other White background,White,Police and Criminal Evidence Act 1984 (section 1),Stolen goods,A no further action disposal,True,False
Person search,2024-03-14T13:18:00+00:00,False,,51.901406,-2.074078,Male,over 34,Other ethnic group - Not stated,Other,Misuse of Drugs Act 1971 (section 23),Controlled drugs,A no further action disposal,False,False
Person and Vehicle search,2024-03-14T13:50:00+00:00,False,,51.857621,-2.236732,Male,25-34,Asian/Asian British - Pakistani,Asian,Police and Criminal Evidence Act 1984 (section 1),Offensive weapons,A no further action disposal,False,
Person and Vehicle search,2024-03-14T13:53:00+00:00,False,,51.857621,-2.236732,Male,18-24,Black/African/Caribbean/Black British - Caribbean,Black,Police and Criminal Evidence Act 1984 (section 1),Offensive weapons,A no further action disposal,True,
Person and Vehicle search,2024-03-14T17:00:00+00:00,False,,51.750278,-2.213138,Male,over 34,White - Any other White background,White,Misuse of Drugs Act 1971 (section 23),Controlled drugs,Arrest,True,
Person search,2024-03-14T18:50:00+00:00,False,,51.861051,-2.230216,Male,25-34,White - English/Welsh/Scottish/Northern Irish/British,White,Police and Criminal Evidence Act 1984 (section 1),Stolen goods,A no further action disposal,False,False
Person search,2024-03-14T19:14:00+00:00,False,,51.861219,-2.231727,Male,over 34,White - English/Welsh/Scottish/Northern Irish/British,White,Police and Criminal Evidence Act 1984 (section 1),Articles for use in criminal damage,A no further action disposal,True,False
Person and Vehicle search,2024-03-14T19:29:00+00:00,False,,51.860979,-2.234731,Male,25-34,White - Any other White background,White,Misuse of Drugs Act 1971 (section 23),Controlled drugs,A no further action disposal,False,
Person search,2024-03-15T00:27:00+00:00,False,,52.064731,-2.156941,Male,25-34,Asian/Asian British - Pakistani,Asian,Misuse of Drugs Act 1971 (section 23),Controlled drugs,A no further action disposal,False,False
Person search,2024-03-15T00:59:00+00:00,False,,51.944222,-2.071763,Male,over 34,White - English/Welsh/Scottish/Northern Irish/British,White,Misuse of Drugs Act 1971 (section 23),Controlled drugs,A no further action disposal,False,False
Person and Vehicle search,2024-03-15T01:25:00+00:00,False,,51.944222,-2.071763,Male,over 34,Mixed/Multiple ethnic groups - White and Black Caribbean,Other,Misuse of Drugs Act 1971 (section 23),Controlled drugs,A no further action disposal,False,
Person search,2024-03-15T11:35:00+00:00,False,,51.864506,-2.242476,Female,over 34,White - English/Welsh/Scottish/Northern Irish/British,White,Misuse of Drugs Act 1971 (section 23),Controlled drugs,Arrest,True,False
Person and Vehicle search,2024-03-15T12:15:00+00:00,False,,51.999601,-2.112039,Male,18-24,White - English/Welsh/Scottish/Northern Irish/British,White,Misuse of Drugs Act 1971 (section 23),Controlled drugs,Arrest,True,
Person search,2024-03-16T00:25:00+00:00,False,,51.900129,-2.075267,Male,25-34,White - English/Welsh/Scottish/Northern Irish/British,White,Misuse of Drugs Act 1971 (section 23),Controlled drugs,Arrest,True,False
Person search,2024-03-16T02:55:00+00:00,False,,51.862270,-2.241142,Male,18-24,White - English/Welsh/Scottish/Northern Irish/British,White,Misuse of Drugs Act 1971 (section 23),Controlled drugs,Arrest,True,False
Person search,2024-03-16T16:14:00+00:00,False,,51.699734,-2.238916,Male,10-17,White - English/Welsh/Scottish/Northern Irish/British,White,Sporting Events Act 1985 (section 7),Evidence of offences under the Act,Caution (simple or conditional),True,False
Person search,2024-03-16T20:11:00+00:00,False,,51.861677,-2.245394,Male,10-17,White - English/Welsh/Scottish/Northern Irish/British,White,Police and Criminal Evidence Act 1984 (section 1),Offensive weapons,A no further action disposal,True,False
Person search,2024-03-16T20:32:00+00:00,False,,51.835258,-2.214787,Male,over 34,Other ethnic group - Not stated,Other,Misuse of Drugs Act 1971 (section 23),Controlled drugs,Arrest,True,False
Person search,2024-03-17T01:34:00+00:00,False,,51.886456,-2.207709,Male,18-24,White - English/Welsh/Scottish/Northern Irish/British,White,Misuse of Drugs Act 1971 (section 23),Controlled drugs,A no further action disposal,False,False
Person search,2024-03-17T02:05:00+00:00,False,,51.863615,-2.242674,Male,25-34,White - Any other White background,White,Misuse of Drugs Act 1971 (section 23),Controlled drugs,A no further action disposal,True,False
Person search,2024-03-17T12:20:00+00:00,False,,51.909686,-2.109721,Male,25-34,Asian/Asian British - Indian,Asian,Police and Criminal Evidence Act 1984 (section 1),Stolen goods,A no further action disposal,True,False
Person search,2024-03-17T12:20:00+00:00,False,,51.909686,-2.109721,Male,25-34,Asian/Asian British - Indian,Asian,Police and Criminal Evidence Act 1984 (section 1),Stolen goods,A no further action disposal,True,False
Person search,2024-03-17T14:15:00+00:00,False,,51.913658,-2.044178,Male,10-17,White - English/Welsh/Scottish/Northern Irish/British,White,Police and Criminal Evidence Act 1984 (section 1),Article for use in theft,Arrest,False,False
Person search,2024-03-17T17:50:00+00:00,False,,51.858055,-2.252910,Male,over 34,White - English/Welsh/Scottish/Northern Irish/British,White,Police and Criminal Evidence Act 1984 (section 1),Offensive weapons,Arrest,False,False
Person search,2024-03-17T18:31:00+00:00,False,,51.726150,-2.526772,Male,over 34,White - English/Welsh/Scottish/Northern Irish/British,White,Misuse of Drugs Act 1971 (section 23),Controlled drugs,A no further action disposal,True,False
Person search,2024-03-18T03:20:00+00:00,False,,51.858418,-2.259650,Female,18-24,White - English/Welsh/Scottish/Northern Irish/British,White,Police and Criminal Evidence Act 1984 (section 1),Offensive weapons,A no further action disposal,False,False
Person search,2024-03-18T17:30:00+00:00,False,,51.880805,-2.205300,Male,,Asian/Asian British - Any other Asian background,Asian,Police and Criminal Evidence Act 1984 (section 1),Offensive weapons,A no further action disposal,False,False
Person search,2024-03-18T18:00:00+00:00,False,,51.878728,-2.205712,Male,25-34,Asian/Asian British - Pakistani,Asian,Police and Criminal Evidence Act 1984 (section 1),Offensive weapons,A no further action disposal,False,False
Person search,2024-03-18T22:40:00+00:00,False,,51.847343,-2.232889,Male,over 34,White - English/Welsh/Scottish/Northern Irish/British,White,Police and Criminal Evidence Act 1984 (section 1),Articles for use in criminal damage,Arrest,False,False
Person search,2024-03-20T13:25:00+00:00,False,,51.871786,-2.216298,Female,10-17,Mixed/Multiple ethnic groups - Any other Mixed/Multiple ethnic background,Other,Police and Criminal Evidence Act 1984 (section 1),Stolen goods,A no further action disposal,True,False
Person search,2024-03-20T13:30:00+00:00,False,,51.871786,-2.216298,Female,over 34,Mixed/Multiple ethnic groups - Any other Mixed/Multiple ethnic background,Other,Police and Criminal Evidence Act 1984 (section 1),Stolen goods,A no further action disposal,True,False
Person search,2024-03-20T13:47:00+00:00,False,,51.871786,-2.216298,Male,over 34,White - Any other White background,White,Police and Criminal Evidence Act 1984 (section 1),Stolen goods,A no further action disposal,False,False
Person search,2024-03-20T14:30:00+00:00,False,,51.861210,-2.236373,Male,25-34,Asian/Asian British - Any other Asian background,Asian,Misuse of Drugs Act 1971 (section 23),Controlled drugs,A no further action disposal,True,False
Person search,2024-03-20T21:11:00+00:00,False,,51.746212,-2.218869,Male,over 34,White - English/Welsh/Scottish/Northern Irish/British,White,Police and Criminal Evidence Act 1984 (section 1),Stolen goods,A no further action disposal,True,False
Person search,2024-03-20T22:20:00+00:00,False,,51.860966,-2.249862,Female,18-24,White - English/Welsh/Scottish/Northern Irish/British,White,Misuse of Drugs Act 1971 (section 23),Controlled drugs,Community resolution,True,False
Person search,2024-03-21T04:49:00+00:00,False,,51.721905,-1.948039,Male,18-24,White - English/Welsh/Scottish/Northern Irish/British,White,Misuse of Drugs Act 1971 (section 23),Controlled drugs,A no further action disposal,True,False
Person search,2024-03-21T04:55:00+00:00,False,,51.721905,-1.948039,Male,18-24,Other ethnic group - Not stated,Other,Misuse of Drugs Act 1971 (section 23),Controlled drugs,Community resolution,True,False
Person search,2024-03-21T15:07:00+00:00,False,,52.094018,-1.764086,Male,25-34,White - English/Welsh/Scottish/Northern Irish/British,White,Police and Criminal Evidence Act 1984 (section 1),Article for use in theft,Arrest,False,False
Person search,2024-03-21T20:59:00+00:00,False,,51.861677,-2.245394,Male,18-24,Other ethnic group - Not stated,Other,Misuse of Drugs Act 1971 (section 23),Controlled drugs,Arrest,False,False
Person search,2024-03-21T23:55:00+00:00,False,,51.864813,-2.246268,Male,25-34,White - English/Welsh/Scottish/Northern Irish/British,White,Police and Criminal Evidence Act 1984 (section 1),Offensive weapons,Community resolution,False,False
Person search,2024-03-22T02:12:00+00:00,False,,51.858609,-2.258837,Male,25-34,White - Any other White background,White,Police and Criminal Evidence Act 1984 (section 1),Article for use in theft,Arrest,False,False
Person search,2024-03-22T05:07:00+00:00,False,,51.854093,-2.183719,Male,over 34,White - English/Welsh/Scottish/Northern Irish/British,White,Police and Criminal Evidence Act 1984 (section 1),Articles for use in criminal damage,A no further action disposal,False,False
Person search,2024-03-22T10:15:00+00:00,False,,51.868099,-2.252516,Male,25-34,White - English/Welsh/Scottish/Northern Irish/British,White,Police and Criminal Evidence Act 1984 (section 1),Offensive weapons,A no further action disposal,False,False
Person search,2024-03-22T13:00:00+00:00,False,,51.933700,-2.408236,Male,over 34,White - English/Welsh/Scottish/Northern Irish/British,White,Misuse of Drugs Act 1971 (section 23),Controlled drugs,A no further action disposal,True,False
Person search,2024-03-22T16:34:00+00:00,False,,51.906972,-2.073520,Male,18-24,White - English/Welsh/Scottish/Northern Irish/British,White,Police and Criminal Evidence Act 1984 (section 1),Offensive weapons,Arrest,False,False
Person search,2024-03-22T16:38:00+00:00,False,,51.906972,-2.073520,Male,10-17,White - English/Welsh/Scottish/Northern Irish/British,White,Police and Criminal Evidence Act 1984 (section 1),Offensive weapons,Arrest,False,False
Person search,2024-03-22T20:45:00+00:00,False,,51.854673,-2.236499,Male,over 34,White - English/Welsh/Scottish/Northern Irish/British,White,Police and Criminal Evidence Act 1984 (section 1),Offensive weapons,Arrest,True,False
Person and Vehicle search,2024-03-22T22:23:00+00:00,False,,51.849287,-2.262196,Male,18-24,White - English/Welsh/Scottish/Northern Irish/British,White,Misuse of Drugs Act 1971 (section 23),Controlled drugs,A no further action disposal,False,
Person search,2024-03-22T22:35:00+00:00,False,,51.849287,-2.262196,Male,18-24,White - Any other White background,White,Misuse of Drugs Act 1971 (section 23),Controlled drugs,A no further action disposal,False,False
Person search,2024-03-23T19:28:00+00:00,False,,51.849367,-2.163434,Male,18-24,White - English/Welsh/Scottish/Northern Irish/British,White,Police and Criminal Evidence Act 1984 (section 1),Offensive weapons,A no further action disposal,True,False
Vehicle search,2024-03-23T22:14:00+00:00,False,,51.845642,-2.144578,Other,,,,Misuse of Drugs Act 1971 (section 23),Controlled drugs,A no further action disposal,True,
Person search,2024-03-24T00:15:00+00:00,False,,51.743414,-2.215177,Male,18-24,White - English/Welsh/Scottish/Northern Irish/British,White,Misuse of Drugs Act 1971 (section 23),Controlled drugs,Arrest,True,False
Person search,2024-03-24T00:20:00+00:00,False,,51.743414,-2.215177,Male,10-17,White - English/Welsh/Scottish/Northern Irish/British,White,Misuse of Drugs Act 1971 (section 23),Controlled drugs,Arrest,True,False
Person search,2024-03-24T00:25:00+00:00,False,,51.743414,-2.215177,Male,18-24,White - English/Welsh/Scottish/Northern Irish/British,White,Misuse of Drugs Act 1971 (section 23),Controlled drugs,A no further action disposal,False,False
Person search,2024-03-24T01:50:00+00:00,False,,51.900679,-2.072303,Male,25-34,Black/African/Caribbean/Black British - Any other Black/African/Caribbean background,Black,Misuse of Drugs Act 1971 (section 23),Controlled drugs,A no further action disposal,False,False
Person search,2024-03-24T15:10:00+00:00,False,,51.900452,-2.076503,Male,over 34,White - English/Welsh/Scottish/Northern Irish/British,White,Police and Criminal Evidence Act 1984 (section 1),Stolen goods,A no further action disposal,True,False
Person search,2024-03-25T15:50:00+00:00,False,,51.863612,-2.239668,Male,over 34,Other ethnic group - Not stated,Other,Police and Criminal Evidence Act 1984 (section 1),Offensive weapons,Arrest,False,False
