Type,Date,Part of a policing operation,Policing operation,Latitude,Longitude,Gender,Age range,Self-defined ethnicity,Officer-defined ethnicity,Legislation,Object of search,Outcome,Outcome linked to object of search,Removal of more than just outer clothing
Person search,2023-11-01T00:35:00+00:00,False,,50.820770,-0.143850,,18-24,Mixed/Multiple ethnic groups - White and Black Caribbean,Black,Psychoactive Substances Act 2016 (s36(2)),Psychoactive substances,A no further action disposal,,False
Person search,2023-11-01T00:40:00+00:00,False,,50.823684,-0.133831,,,White - English/Welsh/Scottish/Northern Irish/British,White,Police and Criminal Evidence Act 1984 (section 1),Offensive weapons,A no further action disposal,,False
Person search,2023-11-01T00:45:00+00:00,False,,50.827101,-0.135392,,18-24,Asian/Asian British - Any other Asian background,Asian,Psychoactive Substances Act 2016 (s36(2)),Psychoactive substances,,,False
Person search,2023-11-01T01:30:00+00:00,False,,50.764848,0.289764,,25-34,White - English/Welsh/Scottish/Northern Irish/British,White,Misuse of Drugs Act 1971 (section 23),Controlled drugs,Community resolution,True,False
Person search,2023-11-01T02:00:00+00:00,False,,50.832550,-0.117381,,18-24,Mixed/Multiple ethnic groups - White and Asian,Asian,Misuse of Drugs Act 1971 (section 23),,A no further action disposal,,False
Person search,2023-11-01T02:33:00+00:00,False,,50.883304,0.010156,,18-24,Black/African/Caribbean/Black British - Caribbean,Black,Misuse of Drugs Act 1971 (section 23),,A no further action disposal,,False
Person search,2023-11-01T12:00:00+00:00,False,,50.829041,-0.374844,,over 34,White - English/Welsh/Scottish/Northern Irish/British,White,Misuse of Drugs Act 1971 (section 23),Controlled drugs,Arrest,True,False
Person search,2023-11-01T15:15:00+00:00,False,,51.116389,-0.186909,,over 34,Mixed/Multiple ethnic groups - White and Black Caribbean,Black,Misuse of Drugs Act 1971 (section 23),,Community resolution,True,False
Person search,2023-11-01T15:25:00+00:00,False,,51.116206,-0.181516,,18-24,White - English/Welsh/Scottish/Northern Irish/British,White,Misuse of Drugs Act 1971 (section 23),Controlled drugs,A no further action disposal,False,False
Person search,2023-11-01T15:57:00+00:00,False,,51.119124,-0.191646,,25-34,Black/African/Caribbean/Black British - Any other Black/African/Caribbean background,Black,Misuse of Drugs Act 1971 (section 23),Controlled drugs,A no further action disposal,,False
Person search,2023-11-01T20:40:00+00:00,False,,50.808777,-0.541026,,10-17,White - English/Welsh/Scottish/Northern Irish/British,White,Police and Criminal Evidence Act 1984 (section 1),Articles for use in criminal damage,A no further action disposal,,False
Person search,2023-11-01T20:40:00+00:00,False,,50.812414,-0.537719,,10-17,White - English/Welsh/Scottish/Northern Irish/British,White,Police and Criminal Evidence Act 1984 (section 1),Articles for use in criminal damage,A no further action disposal,,False
Person search,2023-11-02T01:00:00+00:00,False,,50.820502,-0.132134,,over 34,,White,Police and Criminal Evidence Act 1984 (section 1),Article for use in theft,Arrest,True,False
Person search,2023-11-02T06:16:00+00:00,False,,50.787841,0.297725,,,White - English/Welsh/Scottish/Northern Irish/British,White,Police and Criminal Evidence Act 1984 (section 1),Article for use in theft,A no further action disposal,,False
Person search,2023-11-02T06:30:00+00:00,False,,50.773848,0.298557,,over 34,White - English/Welsh/Scottish/Northern Irish/British,White,Police and Criminal Evidence Act 1984 (section 1),Article for use in theft,A no further action disposal,,False
Person search,2023-11-02T09:11:00+00:00,False,,50.810659,-0.369999,,over 34,White - English/Welsh/Scottish/Northern Irish/British,White,Police and Criminal Evidence Act 1984 (section 1),Offensive weapons,A no further action disposal,,False
Person search,2023-11-02T10:15:00+00:00,False,,50.820492,-0.127009,,over 34,Black/African/Caribbean/Black British - Caribbean,Black,Misuse of Drugs Act 1971 (section 23),Controlled drugs,A no further action disposal,,False
Person search,2023-11-02T11:00:00+00:00,False,,50.820492,-0.127009,,25-34,,Black,Misuse of Drugs Act 1971 (section 23),,A no further action disposal,True,False
Person search,2023-11-03T02:22:00+00:00,False,,50.869185,-0.088347,,18-24,White - English/Welsh/Scottish/Northern Irish/British,White,Police and Criminal Evidence Act 1984 (section 1),Offensive weapons,Community resolution,False,False
Person search,2023-11-03T02:30:00+00:00,False,,50.823684,-0.133831,,18-24,,Black,Police and Criminal Evidence Act 1984 (section 1),Offensive weapons,Community resolution,False,False
Person search,2023-11-03T02:55:00+00:00,False,,50.823684,-0.133831,,18-24,White - English/Welsh/Scottish/Northern Irish/British,White,Police and Criminal Evidence Act 1984 (section 1),Offensive weapons,Community resolution,False,False
Person search,2023-11-03T11:15:00+00:00,False,,,,,over 34,White - English/Welsh/Scottish/Northern Irish/British,White,Misuse of Drugs Act 1971 (section 23),Controlled drugs,Arrest,True,False
Person search,2023-11-03T12:10:00+00:00,False,,51.156262,-0.160908,,25-34,Mixed/Multiple ethnic groups - White and Black African,White,Police and Criminal Evidence Act 1984 (section 1),Stolen goods,A no further action disposal,True,False
Person search,2023-11-03T15:20:00+00:00,False,,51.116100,-0.190907,,25-34,White - English/Welsh/Scottish/Northern Irish/British,White,Police and Criminal Evidence Act 1984 (section 1),Stolen goods,A no further action disposal,,False
Person search,2023-11-03T15:25:00+00:00,False,,51.116100,-0.190907,,25-34,White - English/Welsh/Scottish/Northern Irish/British,White,Police and Criminal Evidence Act 1984 (section 1),Stolen goods,A no further action disposal,,False
Person search,2023-11-03T15:35:00+00:00,False,,,,,over 34,Black/African/Caribbean/Black British - African,Black,Police and Criminal Evidence Act 1984 (section 1),Stolen goods,A no further action disposal,,False
Person search,2023-11-03T15:41:00+00:00,False,,50.768374,0.279320,,25-34,White - English/Welsh/Scottish/Northern Irish/British,White,Police and Criminal Evidence Act 1984 (section 1),Stolen goods,A no further action disposal,,False
Person search,2023-11-03T15:41:00+00:00,False,,,,,25-34,White - English/Welsh/Scottish/Northern Irish/British,White,Police and Criminal Evidence Act 1984 (section 1),Stolen goods,A no further action disposal,,False
Person search,2023-11-03T17:30:00+00:00,True,,51.113300,-0.180694,,over 34,Asian/Asian British - Pakistani,Asian,Misuse of Drugs Act 1971 (section 23),,A no further action disposal,,False
Person search,2023-11-03T17:34:00+00:00,False,,51.116206,-0.181516,,25-34,White - Any other White background,White,Misuse of Drugs Act 1971 (section 23),Controlled drugs,Summons / charged by post,True,False
Person search,2023-11-03T19:50:00+00:00,False,,50.842736,-0.111602,,18-24,Mixed/Multiple ethnic groups - White and Black Caribbean,Black,Misuse of Drugs Act 1971 (section 23),Controlled drugs,Summons / charged by post,False,False
Person search,2023-11-03T21:34:00+00:00,False,,50.809443,-0.544639,,,Black/African/Caribbean/Black British - Any other Black/African/Caribbean background,Black,Police and Criminal Evidence Act 1984 (section 1),Detailed object of search unavailable,A no further action disposal,False,False
Person search,2023-11-03T22:29:00+00:00,False,,50.891409,-0.279125,,18-24,White - English/Welsh/Scottish/Northern Irish/British,White,Misuse of Drugs Act 1971 (section 23),Controlled drugs,Arrest,True,False
Person search,2023-11-03T22:31:00+00:00,False,,50.891409,-0.279125,,18-24,,White,Misuse of Drugs Act 1971 (section 23),Controlled drugs,A no further action disposal,,False
Person search,2023-11-03T23:13:00+00:00,False,,50.823208,-0.143910,,25-34,Black/African/Caribbean/Black British - Caribbean,Black,Misuse of Drugs Act 1971 (section 23),Controlled drugs,Arrest,True,False
Person search,2023-11-03T23:21:00+00:00,False,,50.822312,-0.145805,,25-34,,White,Misuse of Drugs Act 1971 (section 23),Controlled drugs,A no further action disposal,,True
Person search,2023-11-03T23:55:00+00:00,False,,50.783531,-0.674178,,,White - English/Welsh/Scottish/Northern Irish/British,White,Police and Criminal Evidence Act 1984 (section 1),Offensive weapons,A no further action disposal,,False
Person search,2023-11-04T01:15:00+00:00,False,,50.856083,0.578518,,,White - English/Welsh/Scottish/Northern Irish/British,White,Misuse of Drugs Act 1971 (section 23),Controlled drugs,A no further action disposal,False,False
Person search,2023-11-04T07:28:00+00:00,False,,50.740290,-0.782856,,25-34,White - English/Welsh/Scottish/Northern Irish/British,White,Firearms Act 1968 (section 47),Firearms,Arrest,,False
Person search,2023-11-04T12:17:00+00:00,False,,50.828302,-0.414241,,18-24,White - English/Welsh/Scottish/Northern Irish/British,White,Police and Criminal Evidence Act 1984 (section 1),Offensive weapons,A no further action disposal,True,False
Person search,2023-11-04T12:55:00+00:00,False,,50.823684,-0.133831,,25-34,White - English/Welsh/Scottish/Northern Irish/British,White,Police and Criminal Evidence Act 1984 (section 1),Article for use in theft,A no further action disposal,,False
Person search,2023-11-04T13:00:00+00:00,False,,50.827912,-0.160380,,over 34,Black/African/Caribbean/Black British - African,Black,Police and Criminal Evidence Act 1984 (section 1),Article for use in theft,A no further action disposal,,False
Person search,2023-11-04T15:55:00+00:00,False,,,,,over 34,White - English/Welsh/Scottish/Northern Irish/British,White,Police and Criminal Evidence Act 1984 (section 1),Offensive weapons,A no further action disposal,False,False
Person search,2023-11-04T16:20:00+00:00,True,,51.116206,-0.181516,,25-34,Mixed/Multiple ethnic groups - White and Asian,Asian,Misuse of Drugs Act 1971 (section 23),Controlled drugs,A no further action disposal,,False
Person search,2023-11-04T16:20:00+00:00,True,,51.116206,-0.181516,,25-34,Black/African/Caribbean/Black British - Caribbean,Black,Misuse of Drugs Act 1971 (section 23),Controlled drugs,A no further action disposal,True,False
Person search,2023-11-04T19:35:00+00:00,False,,50.872053,0.004939,,18-24,White - English/Welsh/Scottish/Northern Irish/British,White,Misuse of Drugs Act 1971 (section 23),Controlled drugs,Arrest,True,False
Person search,2023-11-04T20:58:00+00:00,True,,50.873993,0.011362,,over 34,White - English/Welsh/Scottish/Northern Irish/British,White,Police and Criminal Evidence Act 1984 (section 1),Fireworks,A no further action disposal,True,False
Person search,2023-11-04T21:00:00+00:00,False,,50.823684,-0.133831,,over 34,White - Any other White background,White,Misuse of Drugs Act 1971 (section 23),Controlled drugs,A no further action disposal,,False
Person search,2023-11-04T22:30:00+00:00,False,,50.875620,0.015597,,18-24,White - English/Welsh/Scottish/Northern Irish/British,White,Misuse of Drugs Act 1971 (section 23),Controlled drugs,A no further action disposal,False,False
Person search,2023-11-04T22:30:00+00:00,False,,50.875106,0.010969,,18-24,White - English/Welsh/Scottish/Northern Irish/British,White,Misuse of Drugs Act 1971 (section 23),Controlled drugs,A no further action disposal,False,False
Person search,2023-11-04T23:10:00+00:00,False,,50.933361,0.804010,,18-24,White - English/Welsh/Scottish/Northern Irish/British,White,Misuse of Drugs Act 1971 (section 23),Controlled drugs,A no further action disposal,,True
Person search,2023-11-04T23:45:00+00:00,False,,50.873993,0.011362,,18-24,White - English/Welsh/Scottish/Northern Irish/British,White,Police and Criminal Evidence Act 1984 (section 1),Fireworks,A no further action disposal,True,False
Person search,2023-11-05T02:10:00+00:00,False,,50.822312,-0.145805,,18-24,,Black,Police and Criminal Evidence Act 1984 (section 1),Offensive weapons,A no further action disposal,,False
Person search,2023-11-05T11:35:00+00:00,False,,50.824050,-0.371961,,,,Asian,Misuse of Drugs Act 1971 (section 23),Controlled drugs,A no further action disposal,,False
Person search,2023-11-05T12:15:00+00:00,False,,50.832093,-0.366384,,over 34,White - English/Welsh/Scottish/Northern Irish/British,White,Misuse of Drugs Act 1971 (section 23),Controlled drugs,Arrest,,False
Person search,2023-11-05T12:15:00+00:00,False,,50.828302,-0.414241,,25-34,White - English/Welsh/Scottish/Northern Irish/British,White,Misuse of Drugs Act 1971 (section 23),Controlled drugs,Arrest,True,False
Person search,2023-11-05T16:35:00+00:00,False,,51.102150,-0.193737,,25-34,Mixed/Multiple ethnic groups - Any other Mixed/Multiple ethnic background,White,Misuse of Drugs Act 1971 (section 23),,Arrest,,False
Person search,2023-11-05T16:54:00+00:00,False,,50.812414,-0.537719,,over 34,White - English/Welsh/Scottish/Northern Irish/British,White,Police and Criminal Evidence Act 1984 (section 1),Article for use in theft,A no further action disposal,,False
Person search,2023-11-05T17:00:00+00:00,False,,51.102150,-0.193737,,18-24,White - Any other White background,White,Misuse of Drugs Act 1971 (section 23),Controlled drugs,A no further action disposal,,False
Person search,2023-11-05T18:51:00+00:00,False,,50.839834,0.474978,,25-34,,Black,Police and Criminal Evidence Act 1984 (section 1),Offensive weapons,A no further action disposal,,False
Person search,2023-11-05T19:11:00+00:00,False,,50.791636,-0.688676,,over 34,White - English/Welsh/Scottish/Northern Irish/British,White,Misuse of Drugs Act 1971 (section 23),Controlled drugs,A no further action disposal,,False
Person search,2023-11-05T22:25:00+00:00,False,,50.827103,-0.414693,,18-24,White - English/Welsh/Scottish/Northern Irish/British,White,Misuse of Drugs Act 1971 (section 23),Controlled drugs,Arrest,False,False
Person search,2023-11-05T22:25:00+00:00,False,,50.827103,-0.414693,,25-34,White - English/Welsh/Scottish/Northern Irish/British,White,Misuse of Drugs Act 1971 (section 23),Controlled drugs,Arrest,False,False
Person search,2023-11-06T00:15:00+00:00,False,,51.063575,-0.331419,,10-17,White - Irish,White,Misuse of Drugs Act 1971 (section 23),,A no further action disposal,,False
Person search,2023-11-06T04:50:00+00:00,False,,50.828946,-0.150158,,18-24,Mixed/Multiple ethnic groups - White and Black Caribbean,Black,Police and Criminal Evidence Act 1984 (section 1),Offensive weapons,A no further action disposal,,False
Person search,2023-11-06T15:30:00+00:00,False,,50.819426,-0.430939,,10-17,White - English/Welsh/Scottish/Northern Irish/British,White,Police and Criminal Evidence Act 1984 (section 1),Offensive weapons,A no further action disposal,,False
Person search,2023-11-06T15:43:00+00:00,False,,50.819426,-0.430939,,10-17,White - English/Welsh/Scottish/Northern Irish/British,White,Police and Criminal Evidence Act 1984 (section 1),Offensive weapons,A no further action disposal,,False
Person search,2023-11-06T15:50:00+00:00,False,,51.005922,-0.106707,,25-34,White - English/Welsh/Scottish/Northern Irish/British,White,Firearms Act 1968 (section 47),Firearms,Arrest,,False
Person search,2023-11-06T17:15:00+00:00,False,,50.821071,-0.145230,,10-17,,White,Misuse of Drugs Act 1971 (section 23),,A no further action disposal,,False
Person search,2023-11-06T17:52:00+00:00,False,,50.957923,-0.133948,,25-34,White - English/Welsh/Scottish/Northern Irish/British,White,Police and Criminal Evidence Act 1984 (section 1),Offensive weapons,Arrest,,False
Person search,2023-11-06T18:00:00+00:00,False,,50.821071,-0.145230,,10-17,,White,Misuse of Drugs Act 1971 (section 23),,A no further action disposal,,False
Person search,2023-11-06T18:37:00+00:00,False,,50.824393,-0.146575,,25-34,White - English/Welsh/Scottish/Northern Irish/British,White,Police and Criminal Evidence Act 1984 (section 1),Offensive weapons,A no further action disposal,,False
Person search,2023-11-06T18:55:00+00:00,False,,51.114337,-0.188604,,18-24,Asian/Asian British - Pakistani,Asian,Misuse of Drugs Act 1971 (section 23),Controlled drugs,,True,False
Person search,2023-11-06T19:15:00+00:00,False,,50.835543,-0.217499,,over 34,White - English/Welsh/Scottish/Northern Irish/British,White,Misuse of Drugs Act 1971 (section 23),Controlled drugs,Arrest,True,False
Person search,2023-11-06T19:56:00+00:00,False,,51.155990,-0.163049,,25-34,,Black,Police and Criminal Evidence Act 1984 (section 1),Offensive weapons,A no further action disposal,,False
Person search,2023-11-06T20:15:00+00:00,False,,51.098266,-0.201915,,10-17,White - English/Welsh/Scottish/Northern Irish/British,White,Police and Criminal Evidence Act 1984 (section 1),Fireworks,A no further action disposal,,False
Person search,2023-11-06T20:20:00+00:00,False,,,,,10-17,White - English/Welsh/Scottish/Northern Irish/British,White,Police and Criminal Evidence Act 1984 (section 1),Fireworks,Arrest,True,False
Person search,2023-11-07T00:47:00+00:00,False,,51.124981,-0.183129,,25-34,White - English/Welsh/Scottish/Northern Irish/British,White,Police and Criminal Evidence Act 1984 (section 1),Article for use in theft,Arrest,,False
Person search,2023-11-07T04:48:00+00:00,False,,50.823684,-0.133831,,25-34,White - English/Welsh/Scottish/Northern Irish/British,White,Police and Criminal Evidence Act 1984 (section 1),Offensive weapons,A no further action disposal,,False
Person search,2023-11-07T07:16:00+00:00,False,,51.155990,-0.163049,,25-34,White - English/Welsh/Scottish/Northern Irish/British,White,Police and Criminal Evidence Act 1984 (section 1),Stolen goods,Summons / charged by post,,False
Person search,2023-11-07T10:50:00+00:00,False,,50.823472,-0.135054,,18-24,White - Any other White background,White,Misuse of Drugs Act 1971 (section 23),Controlled drugs,Arrest,False,True
Person search,2023-11-07T11:40:00+00:00,False,,51.156262,-0.160908,,,White - Gypsy or Irish Traveller,White,Police and Criminal Evidence Act 1984 (section 1),Stolen goods,Community resolution,True,False
Person search,2023-11-07T12:31:00+00:00,False,,51.115893,-0.185129,,over 34,White - English/Welsh/Scottish/Northern Irish/British,White,Police and Criminal Evidence Act 1984 (section 1),Stolen goods,Community resolution,,False
Person search,2023-11-07T15:25:00+00:00,False,,50.815314,-0.365238,,over 34,White - English/Welsh/Scottish/Northern Irish/British,White,Misuse of Drugs Act 1971 (section 23),Controlled drugs,Arrest,True,True
Person search,2023-11-07T15:54:00+00:00,False,,50.853787,0.558228,,25-34,White - English/Welsh/Scottish/Northern Irish/British,White,Misuse of Drugs Act 1971 (section 23),Controlled drugs,A no further action disposal,,False
Person search,2023-11-07T19:52:00+00:00,False,,50.785710,-0.678344,,25-34,White - English/Welsh/Scottish/Northern Irish/British,White,Misuse of Drugs Act 1971 (section 23),Controlled drugs,Arrest,True,False
Person search,2023-11-07T20:50:00+00:00,False,,50.828302,-0.414241,,18-24,White - English/Welsh/Scottish/Northern Irish/British,White,Misuse of Drugs Act 1971 (section 23),Controlled drugs,A no further action disposal,,False
Person search,2023-11-07T23:05:00+00:00,False,,50.819798,-0.140964,,18-24,Mixed/Multiple ethnic groups - Any other Mixed/Multiple ethnic background,White,Misuse of Drugs Act 1971 (section 23),Controlled drugs,Arrest,True,False
Person search,2023-11-08T00:40:00+00:00,False,,50.884144,0.010519,,25-34,White - English/Welsh/Scottish/Northern Irish/British,White,Misuse of Drugs Act 1971 (section 23),,Arrest,,False
Person search,2023-11-08T01:30:00+00:00,False,,50.826934,-0.133922,,over 34,,White,Misuse of Drugs Act 1971 (section 23),,Arrest,True,False
Person search,2023-11-08T01:44:00+00:00,False,,50.827101,-0.135392,,over 34,,White,Misuse of Drugs Act 1971 (section 23),,A no further action disposal,,False
Person search,2023-11-08T01:52:00+00:00,False,,50.833793,-0.272724,,10-17,White - Any other White background,White,Misuse of Drugs Act 1971 (section 23),Controlled drugs,A no further action disposal,,False
Person search,2023-11-08T10:20:00+00:00,False,,50.818399,-0.127150,,over 34,Black/African/Caribbean/Black British - African,Black,Misuse of Drugs Act 1971 (section 23),Controlled drugs,A no further action disposal,,False
Person search,2023-11-08T16:20:00+00:00,False,,50.823684,-0.133831,,25-34,White - English/Welsh/Scottish/Northern Irish/British,White,Misuse of Drugs Act 1971 (section 23),Controlled drugs,Arrest,True,False
Person search,2023-11-08T22:40:00+00:00,False,,50.789205,-0.671776,,18-24,White - English/Welsh/Scottish/Northern Irish/British,White,Misuse of Drugs Act 1971 (section 23),Controlled drugs,Community resolution,,False
Person search,2023-11-08T23:10:00+00:00,False,,50.769697,0.291049,,18-24,White - English/Welsh/Scottish/Northern Irish/British,White,Misuse of Drugs Act 1971 (section 23),,Community resolution,True,False
Person search,2023-11-08T23:35:00+00:00,False,,50.771365,0.291272,,over 34,White - English/Welsh/Scottish/Northern Irish/British,White,Misuse of Drugs Act 1971 (section 23),Controlled drugs,A no further action disposal,,False
Person search,2023-11-08T23:40:00+00:00,False,,50.771365,0.291272,,25-34,White - English/Welsh/Scottish/Northern Irish/British,White,Misuse of Drugs Act 1971 (section 23),Controlled drugs,A no further action disposal,True,False
Person search,2023-11-09T03:30:00+00:00,False,,51.113300,-0.180694,,18-24,Black/African/Caribbean/Black British - Caribbean,Black,Police and Criminal Evidence Act 1984 (section 1),Article for use in theft,Arrest,True,False
Person search,2023-11-09T04:54:00+00:00,False,,50.825475,-0.137743,,18-24,White - English/Welsh/Scottish/Northern Irish/British,White,Police and Criminal Evidence Act 1984 (section 1),Stolen goods,A no further action disposal,,False
Person search,2023-11-09T05:14:00+00:00,False,,50.818804,-0.117139,,18-24,White - English/Welsh/Scottish/Northern Irish/British,White,Police and Criminal Evidence Act 1984 (section 1),Offensive weapons,A no further action disposal,,False
Person search,2023-11-09T09:20:00+00:00,False,,50.823684,-0.133831,,25-34,,White,Police and Criminal Evidence Act 1984 (section 1),Stolen goods,Arrest,True,False
Person search,2023-11-09T10:40:00+00:00,False,,50.822690,-0.103309,,over 34,,White,Misuse of Drugs Act 1971 (section 23),Controlled drugs,Arrest,True,False
Person search,2023-11-09T12:50:00+00:00,False,,50.824108,-0.145607,,18-24,Mixed/Multiple ethnic groups - White and Black Caribbean,White,Police and Criminal Evidence Act 1984 (section 1),Offensive weapons,A no further action disposal,,False
Person search,2023-11-09T15:00:00+00:00,False,,51.068803,-0.320897,,25-34,White - English/Welsh/Scottish/Northern Irish/British,White,Misuse of Drugs Act 1971 (section 23),Controlled drugs,Arrest,,False
Person search,2023-11-09T16:09:00+00:00,False,,50.771408,0.099828,,25-34,White - English/Welsh/Scottish/Northern Irish/British,White,Misuse of Drugs Act 1971 (section 23),Controlled drugs,A no further action disposal,,False
Person search,2023-11-09T16:09:00+00:00,False,,50.858704,0.564494,,18-24,White - English/Welsh/Scottish/Northern Irish/British,White,Misuse of Drugs Act 1971 (section 23),Controlled drugs,A no further action disposal,,False
Person search,2023-11-09T16:30:00+00:00,False,,50.877352,0.021045,,18-24,White - English/Welsh/Scottish/Northern Irish/British,White,Police and Criminal Evidence Act 1984 (section 1),Stolen goods,A no further action disposal,,False
Person search,2023-11-09T17:32:00+00:00,False,,51.062497,-0.327719,,10-17,Black/African/Caribbean/Black British - Caribbean,Black,Misuse of Drugs Act 1971 (section 23),,A no further action disposal,,False
Person search,2023-11-09T17:35:00+00:00,False,,51.062497,-0.327719,,10-17,Black/African/Caribbean/Black British - African,Black,Misuse of Drugs Act 1971 (section 23),,A no further action disposal,,False
Person search,2023-11-09T17:38:00+00:00,False,,51.062497,-0.327719,,10-17,Black/African/Caribbean/Black British - African,Black,Misuse of Drugs Act 1971 (section 23),,A no further action disposal,,False
Person search,2023-11-09T18:13:00+00:00,False,,50.774764,0.096305,,10-17,White - English/Welsh/Scottish/Northern Irish/British,White,Police and Criminal Evidence Act 1984 (section 1),Stolen goods,Community resolution,False,False
Person search,2023-11-09T20:00:00+00:00,False,,51.024045,-0.452488,,10-17,White - English/Welsh/Scottish/Northern Irish/British,White,Police and Criminal Evidence Act 1984 (section 1),Stolen goods,A no further action disposal,,False
Person search,2023-11-09T20:00:00+00:00,False,,51.024045,-0.452488,,10-17,White - English/Welsh/Scottish/Northern Irish/British,White,Police and Criminal Evidence Act 1984 (section 1),Stolen goods,A no further action disposal,,False
Person search,2023-11-10T02:02:00+00:00,False,,50.789205,-0.671776,,10-17,White - English/Welsh/Scottish/Northern Irish/British,White,Police and Criminal Evidence Act 1984 (section 1),Articles for use in criminal damage,A no further action disposal,,False
Person search,2023-11-10T02:48:00+00:00,False,,50.836180,-0.804449,,10-17,Mixed/Multiple ethnic groups - White and Black Caribbean,Black,Misuse of Drugs Act 1971 (section 23),Controlled drugs,A no further action disposal,,False
Person search,2023-11-10T03:00:00+00:00,False,,50.823258,-0.130136,,18-24,White - English/Welsh/Scottish/Northern Irish/British,White,Misuse of Drugs Act 1971 (section 23),Controlled drugs,Arrest,True,False
Person search,2023-11-10T03:50:00+00:00,False,,50.786548,0.268250,,18-24,White - English/Welsh/Scottish/Northern Irish/British,White,Misuse of Drugs Act 1971 (section 23),Controlled drugs,A no further action disposal,True,False
Person search,2023-11-10T05:40:00+00:00,False,,50.830133,-0.292285,,25-34,White - English/Welsh/Scottish/Northern Irish/British,White,Police and Criminal Evidence Act 1984 (section 1),Offensive weapons,Arrest,,False
Person search,2023-11-10T12:25:00+00:00,False,,50.767451,0.290911,,over 34,White - English/Welsh/Scottish/Northern Irish/British,White,Police and Criminal Evidence Act 1984 (section 1),Stolen goods,A no further action disposal,,False
Person search,2023-11-10T12:25:00+00:00,False,,50.767451,0.290911,,over 34,White - English/Welsh/Scottish/Northern Irish/British,White,Police and Criminal Evidence Act 1984 (section 1),Stolen goods,A no further action disposal,,False
Person search,2023-11-10T15:04:00+00:00,False,,50.768480,0.292564,,25-34,White - English/Welsh/Scottish/Northern Irish/British,White,Misuse of Drugs Act 1971 (section 23),Controlled drugs,A no further action disposal,False,False
Person search,2023-11-10T17:30:00+00:00,False,,50.823684,-0.133831,,10-17,,White,Police and Criminal Evidence Act 1984 (section 1),Article for use in theft,A no further action disposal,,False
Person search,2023-11-10T17:30:00+00:00,False,,50.833079,-0.104536,,10-17,,White,Police and Criminal Evidence Act 1984 (section 1),Article for use in theft,A no further action disposal,,False
Person search,2023-11-10T17:46:00+00:00,False,,50.827636,-0.170302,,25-34,,White,Misuse of Drugs Act 1971 (section 23),Controlled drugs,Arrest,True,False
Person search,2023-11-10T17:46:00+00:00,False,,50.826878,-0.133825,,over 34,,Black,Misuse of Drugs Act 1971 (section 23),Controlled drugs,Arrest,True,False
Person search,2023-11-10T17:46:00+00:00,False,,50.792318,0.056494,,over 34,,White,Misuse of Drugs Act 1971 (section 23),Controlled drugs,Arrest,True,False
Person search,2023-11-10T17:46:00+00:00,False,,50.827636,-0.170302,,25-34,,White,Misuse of Drugs Act 1971 (section 23),Controlled drugs,Arrest,True,False
Person search,2023-11-10T17:46:00+00:00,False,,50.827636,-0.170302,,over 34,,White,Misuse of Drugs Act 1971 (section 23),Controlled drugs,Arrest,True,False
Person search,2023-11-10T22:37:00+00:00,False,,51.067148,-0.315291,,18-24,White - English/Welsh/Scottish/Northern Irish/British,White,Misuse of Drugs Act 1971 (section 23),Controlled drugs,Community resolution,True,False
Person search,2023-11-10T22:40:00+00:00,False,,50.818959,-0.376425,,over 34,White - English/Welsh/Scottish/Northern Irish/British,White,Misuse of Drugs Act 1971 (section 23),Controlled drugs,Community resolution,True,False
Person search,2023-11-10T22:55:00+00:00,False,,51.068803,-0.320897,,18-24,White - English/Welsh/Scottish/Northern Irish/British,White,Misuse of Drugs Act 1971 (section 23),Controlled drugs,A no further action disposal,,False
Person search,2023-11-11T00:10:00+00:00,False,,50.767451,0.290911,,25-34,White - English/Welsh/Scottish/Northern Irish/British,White,Police and Criminal Evidence Act 1984 (section 1),Stolen goods,A no further action disposal,,False
Person search,2023-11-11T00:20:00+00:00,False,,,,,18-24,White - English/Welsh/Scottish/Northern Irish/British,White,Police and Criminal Evidence Act 1984 (section 1),Stolen goods,A no further action disposal,,False
Person search,2023-11-11T03:05:00+00:00,False,,50.825082,-0.154314,,over 34,,White,Police and Criminal Evidence Act 1984 (section 1),Article for use in theft,Arrest,,False
Person search,2023-11-11T14:30:00+00:00,False,,51.155990,-0.163049,,over 34,White - Irish,White,Police and Criminal Evidence Act 1984 (section 1),Stolen goods,Community resolution,True,False
Person search,2023-11-11T15:39:00+00:00,False,,51.116206,-0.181516,,10-17,,Asian,Police and Criminal Evidence Act 1984 (section 1),Offensive weapons,Arrest,True,False
Person search,2023-11-11T15:43:00+00:00,False,,51.115010,-0.189092,,10-17,Asian/Asian British - Pakistani,Asian,Police and Criminal Evidence Act 1984 (section 1),Offensive weapons,A no further action disposal,,False
Person search,2023-11-11T15:52:00+00:00,False,,51.115010,-0.189092,,,Mixed/Multiple ethnic groups - White and Asian,Asian,Police and Criminal Evidence Act 1984 (section 1),Offensive weapons,A no further action disposal,,False
Person search,2023-11-11T15:52:00+00:00,False,,51.115010,-0.189092,,,Asian/Asian British - Indian,Asian,Police and Criminal Evidence Act 1984 (section 1),Offensive weapons,A no further action disposal,,False
Person search,2023-11-11T15:52:00+00:00,False,,51.115010,-0.189092,,10-17,Asian/Asian British - Pakistani,Asian,Police and Criminal Evidence Act 1984 (section 1),Offensive weapons,A no further action disposal,,False
Person search,2023-11-11T16:00:00+00:00,False,,51.116206,-0.181516,,10-17,White - English/Welsh/Scottish/Northern Irish/British,White,Police and Criminal Evidence Act 1984 (section 1),Stolen goods,Community resolution,True,False
Person search,2023-11-11T17:58:00+00:00,False,,50.793729,0.317866,,over 34,White - English/Welsh/Scottish/Northern Irish/British,White,Police and Criminal Evidence Act 1984 (section 1),Stolen goods,Community resolution,True,False
Person search,2023-11-11T18:00:00+00:00,False,,50.793729,0.317866,,over 34,White - English/Welsh/Scottish/Northern Irish/British,White,Police and Criminal Evidence Act 1984 (section 1),Stolen goods,Community resolution,True,False
Person search,2023-11-11T18:45:00+00:00,False,,50.823148,-0.139582,,25-34,White - Any other White background,White,Misuse of Drugs Act 1971 (section 23),Controlled drugs,Community resolution,True,False
Person search,2023-11-11T19:20:00+00:00,False,,50.835776,-0.257327,,18-24,White - English/Welsh/Scottish/Northern Irish/British,White,Misuse of Drugs Act 1971 (section 23),Controlled drugs,Summons / charged by post,True,False
Person search,2023-11-11T19:20:00+00:00,False,,50.835776,-0.257327,,10-17,White - English/Welsh/Scottish/Northern Irish/British,White,Misuse of Drugs Act 1971 (section 23),Controlled drugs,Arrest,True,False
Person search,2023-11-11T20:01:00+00:00,False,,50.846766,0.496627,,over 34,White - English/Welsh/Scottish/Northern Irish/British,White,Police and Criminal Evidence Act 1984 (section 1),Offensive weapons,A no further action disposal,False,False
Person search,2023-11-11T20:30:00+00:00,False,,50.823684,-0.133831,,over 34,White - English/Welsh/Scottish/Northern Irish/British,White,Misuse of Drugs Act 1971 (section 23),Controlled drugs,A no further action disposal,,False
Person search,2023-11-11T21:30:00+00:00,False,,50.827103,-0.414693,,over 34,White - English/Welsh/Scottish/Northern Irish/British,White,Police and Criminal Evidence Act 1984 (section 1),Offensive weapons,A no further action disposal,,False
Person search,2023-11-11T21:42:00+00:00,False,,50.947540,-0.019576,,10-17,White - English/Welsh/Scottish/Northern Irish/British,White,Police and Criminal Evidence Act 1984 (section 1),Offensive weapons,Arrest,,False
Person search,2023-11-11T21:48:00+00:00,False,,50.947540,-0.019576,,10-17,White - English/Welsh/Scottish/Northern Irish/British,White,Police and Criminal Evidence Act 1984 (section 1),Offensive weapons,A no further action disposal,,False
Person search,2023-11-11T22:15:00+00:00,False,,51.116100,-0.190907,,18-24,White - English/Welsh/Scottish/Northern Irish/British,White,Misuse of Drugs Act 1971 (section 23),Controlled drugs,A no further action disposal,,False
Person search,2023-11-11T22:20:00+00:00,False,,51.116100,-0.190907,,18-24,White - English/Welsh/Scottish/Northern Irish/British,White,Misuse of Drugs Act 1971 (section 23),Controlled drugs,A no further action disposal,,False
Person search,2023-11-11T23:29:00+00:00,False,,50.827388,-0.132512,,10-17,White - English/Welsh/Scottish/Northern Irish/British,White,Police and Criminal Evidence Act 1984 (section 1),Offensive weapons,A no further action disposal,,False
Person search,2023-11-12T01:50:00+00:00,False,,50.789205,-0.671776,,25-34,White - English/Welsh/Scottish/Northern Irish/British,White,Police and Criminal Evidence Act 1984 (section 1),Offensive weapons,Arrest,True,False
Person search,2023-11-12T03:10:00+00:00,False,,50.772859,0.102177,,over 34,White - English/Welsh/Scottish/Northern Irish/British,White,Police and Criminal Evidence Act 1984 (section 1),Article for use in theft,Arrest,False,False
Person search,2023-11-12T07:40:00+00:00,False,,50.820120,-0.136380,,over 34,Black/African/Caribbean/Black British - African,Other,Police and Criminal Evidence Act 1984 (section 1),Offensive weapons,Arrest,,False
Person search,2023-11-12T13:00:00+00:00,False,,51.006417,-0.106715,,18-24,,White,Police and Criminal Evidence Act 1984 (section 1),Stolen goods,Summons / charged by post,,False
Person search,2023-11-12T16:08:00+00:00,False,,51.116100,-0.190907,,over 34,Black/African/Caribbean/Black British - Caribbean,Black,Misuse of Drugs Act 1971 (section 23),,A no further action disposal,,False
Person search,2023-11-12T16:08:00+00:00,False,,51.116206,-0.181516,,over 34,Black/African/Caribbean/Black British - Caribbean,Black,Misuse of Drugs Act 1971 (section 23),,A no further action disposal,,False
Person search,2023-11-12T16:30:00+00:00,False,,50.828302,-0.414241,,25-34,White - English/Welsh/Scottish/Northern Irish/British,White,Misuse of Drugs Act 1971 (section 23),Controlled drugs,Summons / charged by post,True,False
Person search,2023-11-12T16:41:00+00:00,False,,50.828302,-0.414241,,10-17,Mixed/Multiple ethnic groups - Any other Mixed/Multiple ethnic background,White,Misuse of Drugs Act 1971 (section 23),Controlled drugs,A no further action disposal,,False
Person search,2023-11-12T18:00:00+00:00,False,,50.835142,-0.225992,,10-17,White - English/Welsh/Scottish/Northern Irish/British,White,Police and Criminal Evidence Act 1984 (section 1),Offensive weapons,Arrest,,False
Person search,2023-11-12T20:11:00+00:00,False,,50.832446,-0.736794,,,White - English/Welsh/Scottish/Northern Irish/British,White,Misuse of Drugs Act 1971 (section 23),Controlled drugs,A no further action disposal,False,False
Person search,2023-11-12T20:50:00+00:00,False,,50.837897,-0.751943,,25-34,White - English/Welsh/Scottish/Northern Irish/British,White,Police and Criminal Evidence Act 1984 (section 1),Article for use in theft,Arrest,False,False
Person search,2023-11-12T21:32:00+00:00,False,,50.999132,-0.113383,,18-24,White - English/Welsh/Scottish/Northern Irish/British,White,Police and Criminal Evidence Act 1984 (section 1),Article for use in theft,Arrest,False,False
Person search,2023-11-12T21:50:00+00:00,False,,50.797966,-0.672706,,25-34,White - English/Welsh/Scottish/Northern Irish/British,White,Police and Criminal Evidence Act 1984 (section 1),Offensive weapons,A no further action disposal,,False
Person search,2023-11-12T22:07:00+00:00,False,,50.828302,-0.414241,,18-24,White - English/Welsh/Scottish/Northern Irish/British,White,Misuse of Drugs Act 1971 (section 23),Controlled drugs,A no further action disposal,,False
Person search,2023-11-12T22:09:00+00:00,False,,50.828302,-0.414241,,18-24,White - English/Welsh/Scottish/Northern Irish/British,White,Misuse of Drugs Act 1971 (section 23),Controlled drugs,A no further action disposal,,False
Person search,2023-11-12T23:44:00+00:00,False,,50.995207,-0.097039,,over 34,White - English/Welsh/Scottish/Northern Irish/British,White,Misuse of Drugs Act 1971 (section 23),Controlled drugs,A no further action disposal,,False
Person search,2023-11-13T00:53:00+00:00,False,,50.999132,-0.113383,,over 34,White - English/Welsh/Scottish/Northern Irish/British,White,Misuse of Drugs Act 1971 (section 23),Controlled drugs,Community resolution,True,False
Person search,2023-11-13T08:08:00+00:00,False,,51.113242,-0.170802,,18-24,Black/African/Caribbean/Black British - Caribbean,Black,Misuse of Drugs Act 1971 (section 23),Controlled drugs,Arrest,True,False
Person search,2023-11-13T10:13:00+00:00,False,,50.854492,0.561720,,over 34,Mixed/Multiple ethnic groups - White and Asian,White,Police and Criminal Evidence Act 1984 (section 1),Offensive weapons,A no further action disposal,,False
Person search,2023-11-13T12:35:00+00:00,False,,50.861619,-0.142755,,25-34,White - English/Welsh/Scottish/Northern Irish/British,Asian,Misuse of Drugs Act 1971 (section 23),Controlled drugs,Arrest,True,False
Person search,2023-11-13T17:55:00+00:00,False,,51.116100,-0.190907,,,,Asian,Misuse of Drugs Act 1971 (section 23),,A no further action disposal,False,False
Person search,2023-11-13T17:57:00+00:00,False,,51.115893,-0.185129,,18-24,Black/African/Caribbean/Black British - Caribbean,Black,Misuse of Drugs Act 1971 (section 23),,A no further action disposal,,False
Person search,2023-11-13T18:00:00+00:00,True,,51.068803,-0.320897,,10-17,Mixed/Multiple ethnic groups - White and Asian,Asian,Misuse of Drugs Act 1971 (section 23),,A no further action disposal,False,False
Person search,2023-11-13T18:03:00+00:00,False,,51.116100,-0.190907,,18-24,Mixed/Multiple ethnic groups - White and Black Caribbean,Black,Misuse of Drugs Act 1971 (section 23),,A no further action disposal,,False
Person search,2023-11-13T18:20:00+00:00,False,,51.115911,-0.184542,,25-34,Asian/Asian British - Any other Asian background,Asian,Misuse of Drugs Act 1971 (section 23),,A no further action disposal,,False
Person search,2023-11-13T20:11:00+00:00,False,,51.115240,-0.188212,,18-24,Black/African/Caribbean/Black British - African,Black,Misuse of Drugs Act 1971 (section 23),,A no further action disposal,,False
Person search,2023-11-14T00:29:00+00:00,False,,50.828302,-0.414241,,25-34,White - English/Welsh/Scottish/Northern Irish/British,White,Police and Criminal Evidence Act 1984 (section 1),Article for use in theft,A no further action disposal,,False
Person search,2023-11-14T00:55:00+00:00,False,,50.767509,0.281511,,over 34,Black/African/Caribbean/Black British - African,White,Police and Criminal Evidence Act 1984 (section 1),Offensive weapons,A no further action disposal,True,False
Person search,2023-11-14T07:05:00+00:00,False,,51.157100,-0.162176,,,Black/African/Caribbean/Black British - African,Black,Police and Criminal Evidence Act 1984 (section 1),Stolen goods,Arrest,,False
Person search,2023-11-14T13:15:00+00:00,False,,50.817612,-0.114063,,18-24,,White,Misuse of Drugs Act 1971 (section 23),Controlled drugs,A no further action disposal,,False
Person search,2023-11-14T14:05:00+00:00,True,,50.819728,-0.128743,,10-17,,Black,Police and Criminal Evidence Act 1984 (section 1),Offensive weapons,A no further action disposal,,False
Person search,2023-11-15T00:10:00+00:00,False,,50.842454,-0.119170,,over 34,,Asian,Misuse of Drugs Act 1971 (section 23),Controlled drugs,A no further action disposal,,False
Person search,2023-11-15T00:13:00+00:00,False,,50.823684,-0.133831,,18-24,White - Any other White background,White,Misuse of Drugs Act 1971 (section 23),Controlled drugs,Arrest,True,False
Person search,2023-11-15T01:36:00+00:00,False,,50.774304,0.274409,,18-24,,White,Misuse of Drugs Act 1971 (section 23),Controlled drugs,Arrest,True,False
Person search,2023-11-15T01:36:00+00:00,False,,50.787841,0.297725,,25-34,,Black,Misuse of Drugs Act 1971 (section 23),Controlled drugs,A no further action disposal,True,False
Person search,2023-11-15T09:02:00+00:00,False,,50.783502,-0.678775,,25-34,White - English/Welsh/Scottish/Northern Irish/British,White,Police and Criminal Evidence Act 1984 (section 1),Offensive weapons,A no further action disposal,,False
Person search,2023-11-15T13:45:00+00:00,False,,50.858704,0.564494,,over 34,White - English/Welsh/Scottish/Northern Irish/British,White,Police and Criminal Evidence Act 1984 (section 1),Stolen goods,A no further action disposal,,False
Person search,2023-11-15T13:50:00+00:00,False,,50.823307,-0.136026,,over 34,,Black,Police and Criminal Evidence Act 1984 (section 1),Offensive weapons,Arrest,True,False
Person search,2023-11-15T14:24:00+00:00,False,,50.824108,-0.145607,,18-24,,White,Police and Criminal Evidence Act 1984 (section 1),Stolen goods,Arrest,True,False
Person search,2023-11-15T16:35:00+00:00,False,,50.855426,0.583014,,,,White,Misuse of Drugs Act 1971 (section 23),Controlled drugs,A no further action disposal,,False
Person search,2023-11-15T16:40:00+00:00,False,,50.855426,0.583014,,over 34,White - English/Welsh/Scottish/Northern Irish/British,White,Misuse of Drugs Act 1971 (section 23),Controlled drugs,A no further action disposal,,False
Person search,2023-11-15T19:26:00+00:00,False,,50.821305,-0.530342,,over 34,White - English/Welsh/Scottish/Northern Irish/British,White,Misuse of Drugs Act 1971 (section 23),Controlled drugs,A no further action disposal,,False
Person search,2023-11-15T19:26:00+00:00,False,,50.789205,-0.671776,,over 34,White - English/Welsh/Scottish/Northern Irish/British,White,Misuse of Drugs Act 1971 (section 23),Controlled drugs,A no further action disposal,,False
Person search,2023-11-15T20:40:00+00:00,False,,50.820355,-0.105732,,25-34,White - Any other White background,White,Misuse of Drugs Act 1971 (section 23),Controlled drugs,Arrest,True,True
Person search,2023-11-15T23:35:00+00:00,False,,50.999042,-0.110593,,25-34,Asian/Asian British - Any other Asian background,Asian,Police and Criminal Evidence Act 1984 (section 1),Offensive weapons,A no further action disposal,,False
Person search,2023-11-16T00:34:00+00:00,False,,50.816367,-0.363384,,over 34,Mixed/Multiple ethnic groups - Any other Mixed/Multiple ethnic background,White,Police and Criminal Evidence Act 1984 (section 1),Offensive weapons,Arrest,False,False
Person search,2023-11-16T02:29:00+00:00,False,,50.809892,-0.371757,,25-34,White - English/Welsh/Scottish/Northern Irish/British,White,Misuse of Drugs Act 1971 (section 23),Controlled drugs,A no further action disposal,,False
Person search,2023-11-16T02:29:00+00:00,False,,50.828302,-0.414241,,25-34,White - English/Welsh/Scottish/Northern Irish/British,White,Misuse of Drugs Act 1971 (section 23),Controlled drugs,A no further action disposal,,False
Person search,2023-11-16T02:55:00+00:00,False,,50.809892,-0.371757,,25-34,White - English/Welsh/Scottish/Northern Irish/British,White,Misuse of Drugs Act 1971 (section 23),Controlled drugs,A no further action disposal,False,False
Person search,2023-11-16T02:55:00+00:00,False,,50.809892,-0.371757,,over 34,White - English/Welsh/Scottish/Northern Irish/British,White,Misuse of Drugs Act 1971 (section 23),Controlled drugs,A no further action disposal,True,False
Person search,2023-11-16T03:00:00+00:00,False,,50.809892,-0.371757,,over 34,White - English/Welsh/Scottish/Northern Irish/British,White,Misuse of Drugs Act 1971 (section 23),Controlled drugs,A no further action disposal,,False
Person search,2023-11-16T13:28:00+00:00,False,,51.097898,-0.201387,,18-24,Black/African/Caribbean/Black British - Caribbean,Black,Misuse of Drugs Act 1971 (section 23),Controlled drugs,A no further action disposal,,False
Person search,2023-11-16T13:30:00+00:00,False,,50.827103,-0.414693,,10-17,White - English/Welsh/Scottish/Northern Irish/British,White,Police and Criminal Evidence Act 1984 (section 1),Offensive weapons,Arrest,True,False
Person search,2023-11-16T15:32:00+00:00,False,,50.821866,-0.324389,,over 34,White - English/Welsh/Scottish/Northern Irish/British,White,Police and Criminal Evidence Act 1984 (section 1),Article for use in theft,,False,False
Person search,2023-11-16T15:32:00+00:00,False,,50.828302,-0.414241,,over 34,White - English/Welsh/Scottish/Northern Irish/British,White,Police and Criminal Evidence Act 1984 (section 1),Article for use in theft,,False,True
Person search,2023-11-16T19:40:00+00:00,False,,50.838265,-0.779954,,10-17,White - Any other White background,White,Police and Criminal Evidence Act 1984 (section 1),Offensive weapons,A no further action disposal,,False
Person search,2023-11-17T14:05:00+00:00,False,,50.813140,-0.368607,,10-17,White - English/Welsh/Scottish/Northern Irish/British,White,Misuse of Drugs Act 1971 (section 23),Controlled drugs,Arrest,True,False
Person search,2023-11-17T17:58:00+00:00,False,,50.829662,-0.135219,,18-24,Asian/Asian British - Indian,Asian,Misuse of Drugs Act 1971 (section 23),,A no further action disposal,,False
Person search,2023-11-17T18:06:00+00:00,False,,,,,over 34,,White,Misuse of Drugs Act 1971 (section 23),,A no further action disposal,False,False
Person search,2023-11-17T18:43:00+00:00,False,,50.828424,-0.141616,,25-34,White - English/Welsh/Scottish/Northern Irish/British,White,Police and Criminal Evidence Act 1984 (section 1),Offensive weapons,A no further action disposal,True,False
Person search,2023-11-17T20:20:00+00:00,False,,50.828424,-0.141616,,25-34,White - Any other White background,White,Misuse of Drugs Act 1971 (section 23),Controlled drugs,A no further action disposal,,False
Person search,2023-11-17T21:00:00+00:00,False,,51.062443,-0.330846,,10-17,Other ethnic group - Any other ethnic group,White,Misuse of Drugs Act 1971 (section 23),Controlled drugs,Arrest,False,False
Person search,2023-11-18T00:05:00+00:00,False,,50.864390,0.244043,,18-24,White - English/Welsh/Scottish/Northern Irish/British,White,Misuse of Drugs Act 1971 (section 23),Controlled drugs,Community resolution,True,False
Person search,2023-11-18T00:45:00+00:00,False,,50.821675,-0.143673,,over 34,White - English/Welsh/Scottish/Northern Irish/British,White,Police and Criminal Evidence Act 1984 (section 1),Offensive weapons,A no further action disposal,,False
Person search,2023-11-18T01:18:00+00:00,False,,51.233967,-0.201801,,25-34,White - Any other White background,White,Misuse of Drugs Act 1971 (section 23),,A no further action disposal,,False
Person search,2023-11-18T01:45:00+00:00,False,,50.828302,-0.414241,,18-24,White - English/Welsh/Scottish/Northern Irish/British,White,Police and Criminal Evidence Act 1984 (section 1),Articles for use in criminal damage,A no further action disposal,,False
Person search,2023-11-18T02:42:00+00:00,False,,50.824758,-0.136749,,18-24,,White,Police and Criminal Evidence Act 1984 (section 1),Stolen goods,A no further action disposal,,False
Person search,2023-11-18T03:04:00+00:00,False,,50.828424,-0.141616,,18-24,White - English/Welsh/Scottish/Northern Irish/British,White,Police and Criminal Evidence Act 1984 (section 1),Stolen goods,A no further action disposal,True,False
Person search,2023-11-18T03:05:00+00:00,False,,50.788962,0.028325,,,Black/African/Caribbean/Black British - Caribbean,White,Misuse of Drugs Act 1971 (section 23),,A no further action disposal,,False
Person search,2023-11-18T04:00:00+00:00,False,,50.823684,-0.133831,,25-34,,Black,Misuse of Drugs Act 1971 (section 23),Controlled drugs,Community resolution,True,False
Person search,2023-11-18T13:20:00+00:00,False,,50.823684,-0.133831,,over 34,White - English/Welsh/Scottish/Northern Irish/British,White,Police and Criminal Evidence Act 1984 (section 1),Stolen goods,Arrest,False,False
Person search,2023-11-18T15:00:00+00:00,False,,50.867110,-0.122353,,25-34,,Other,Misuse of Drugs Act 1971 (section 23),,A no further action disposal,,False
Person search,2023-11-18T15:25:00+00:00,True,,50.817998,-0.376487,,25-34,White - English/Welsh/Scottish/Northern Irish/British,White,Misuse of Drugs Act 1971 (section 23),,A no further action disposal,,False
Person search,2023-11-18T16:00:00+00:00,True,,50.819402,-0.374649,,10-17,White - English/Welsh/Scottish/Northern Irish/British,White,Misuse of Drugs Act 1971 (section 23),,A no further action disposal,,False
Person search,2023-11-18T16:00:00+00:00,False,,50.818959,-0.376425,,18-24,White - English/Welsh/Scottish/Northern Irish/British,White,Misuse of Drugs Act 1971 (section 23),,A no further action disposal,,False
Person search,2023-11-18T16:10:00+00:00,True,,50.818959,-0.376425,,10-17,White - English/Welsh/Scottish/Northern Irish/British,White,Misuse of Drugs Act 1971 (section 23),Controlled drugs,A no further action disposal,,False
Person search,2023-11-18T16:15:00+00:00,True,,50.818959,-0.376425,,10-17,White - English/Welsh/Scottish/Northern Irish/British,White,Misuse of Drugs Act 1971 (section 23),,A no further action disposal,,False
Person search,2023-11-18T16:20:00+00:00,True,,50.817998,-0.376487,,18-24,White - English/Welsh/Scottish/Northern Irish/British,White,Misuse of Drugs Act 1971 (section 23),,A no further action disposal,,False
Person search,2023-11-18T16:35:00+00:00,False,,51.062497,-0.327719,,over 34,Asian/Asian British - Indian,Asian,Police and Criminal Evidence Act 1984 (section 1),Offensive weapons,A no further action disposal,True,False
Person search,2023-11-18T16:45:00+00:00,False,,50.818959,-0.376425,,18-24,White - English/Welsh/Scottish/Northern Irish/British,White,Misuse of Drugs Act 1971 (section 23),,A no further action disposal,,False
Person search,2023-11-18T17:00:00+00:00,True,,50.817998,-0.376487,,25-34,White - English/Welsh/Scottish/Northern Irish/British,White,Misuse of Drugs Act 1971 (section 23),,A no further action disposal,True,False
Person search,2023-11-18T17:20:00+00:00,True,,50.818959,-0.376425,,25-34,White - English/Welsh/Scottish/Northern Irish/British,White,Misuse of Drugs Act 1971 (section 23),,,True,False
Person search,2023-11-18T17:36:00+00:00,False,,50.830859,-0.167662,,10-17,,Black,Police and Criminal Evidence Act 1984 (section 1),Offensive weapons,A no further action disposal,,False
Person search,2023-11-18T17:42:00+00:00,True,,50.818959,-0.376425,,18-24,White - English/Welsh/Scottish/Northern Irish/British,White,Misuse of Drugs Act 1971 (section 23),,A no further action disposal,,False
Person search,2023-11-18T17:45:00+00:00,False,,50.818959,-0.376425,,10-17,White - English/Welsh/Scottish/Northern Irish/British,White,Misuse of Drugs Act 1971 (section 23),,A no further action disposal,False,False
Person search,2023-11-18T17:46:00+00:00,True,,50.818959,-0.376425,,over 34,White - English/Welsh/Scottish/Northern Irish/British,White,Misuse of Drugs Act 1971 (section 23),Controlled drugs,A no further action disposal,,False
Person search,2023-11-18T18:55:00+00:00,False,,51.115010,-0.189092,,25-34,Asian/Asian British - Indian,Asian,Misuse of Drugs Act 1971 (section 23),Controlled drugs,Arrest,True,False
Person search,2023-11-18T19:07:00+00:00,False,,51.103330,-0.222559,,10-17,,Black,Misuse of Drugs Act 1971 (section 23),Controlled drugs,A no further action disposal,,False
Person search,2023-11-18T19:09:00+00:00,False,,51.103330,-0.222559,,10-17,Mixed/Multiple ethnic groups - White and Black African,Black,Misuse of Drugs Act 1971 (section 23),Controlled drugs,A no further action disposal,,False
Person search,2023-11-18T21:05:00+00:00,False,,50.840648,-0.123191,,over 34,White - English/Welsh/Scottish/Northern Irish/British,White,Misuse of Drugs Act 1971 (section 23),,A no further action disposal,False,False
Person search,2023-11-18T21:16:00+00:00,False,,50.841040,-0.122725,,over 34,White - English/Welsh/Scottish/Northern Irish/British,White,Misuse of Drugs Act 1971 (section 23),,A no further action disposal,,False
Person search,2023-11-18T21:20:00+00:00,False,,50.823684,-0.133831,,18-24,White - Any other White background,White,Misuse of Drugs Act 1971 (section 23),Controlled drugs,Arrest,True,False
Person search,2023-11-18T22:35:00+00:00,False,,50.840755,-0.135501,,over 34,White - English/Welsh/Scottish/Northern Irish/British,White,Misuse of Drugs Act 1971 (section 23),Controlled drugs,A no further action disposal,True,False
Person search,2023-11-18T22:51:00+00:00,False,,51.112289,-0.191084,,18-24,White - English/Welsh/Scottish/Northern Irish/British,White,Misuse of Drugs Act 1971 (section 23),Controlled drugs,Community resolution,True,False
Person search,2023-11-19T00:07:00+00:00,False,,51.115010,-0.189092,,18-24,Asian/Asian British - Any other Asian background,Asian,Police and Criminal Evidence Act 1984 (section 1),Offensive weapons,Arrest,True,False
Person search,2023-11-19T01:30:00+00:00,False,,50.781643,0.294612,,25-34,White - English/Welsh/Scottish/Northern Irish/British,White,Misuse of Drugs Act 1971 (section 23),Controlled drugs,Community resolution,True,False
Person search,2023-11-19T01:40:00+00:00,False,,50.785153,-0.672090,,over 34,White - English/Welsh/Scottish/Northern Irish/British,White,Misuse of Drugs Act 1971 (section 23),,A no further action disposal,,False
Person search,2023-11-19T01:50:00+00:00,False,,50.787841,0.297725,,10-17,White - English/Welsh/Scottish/Northern Irish/British,White,Misuse of Drugs Act 1971 (section 23),,Arrest,True,False
Person search,2023-11-19T01:58:00+00:00,False,,50.785153,-0.672090,,over 34,White - English/Welsh/Scottish/Northern Irish/British,White,Misuse of Drugs Act 1971 (section 23),Controlled drugs,Caution (simple or conditional),True,False
Person search,2023-11-19T03:00:00+00:00,False,,50.850192,-0.190545,,18-24,White - English/Welsh/Scottish/Northern Irish/British,White,Police and Criminal Evidence Act 1984 (section 1),Offensive weapons,A no further action disposal,,False
Person search,2023-11-19T03:00:00+00:00,False,,50.823684,-0.133831,,18-24,White - English/Welsh/Scottish/Northern Irish/British,White,Police and Criminal Evidence Act 1984 (section 1),Offensive weapons,A no further action disposal,,False
Person search,2023-11-19T03:15:00+00:00,False,,50.828424,-0.141616,,,White - English/Welsh/Scottish/Northern Irish/British,White,Police and Criminal Evidence Act 1984 (section 1),Offensive weapons,A no further action disposal,True,True
Person search,2023-11-19T14:46:00+00:00,False,,50.819284,-0.411146,,10-17,White - English/Welsh/Scottish/Northern Irish/British,White,Police and Criminal Evidence Act 1984 (section 1),Offensive weapons,A no further action disposal,,False
Person search,2023-11-19T15:00:00+00:00,False,,51.156949,-0.162267,,25-34,White - Any other White background,White,Police and Criminal Evidence Act 1984 (section 1),Stolen goods,Community resolution,True,False
Person search,2023-11-19T16:50:00+00:00,False,,50.830594,-0.135026,,25-34,White - Any other White background,White,Police and Criminal Evidence Act 1984 (section 1),Offensive weapons,A no further action disposal,,False
Person search,2023-11-19T17:35:00+00:00,False,,50.863277,0.554456,,over 34,White - English/Welsh/Scottish/Northern Irish/British,White,Misuse of Drugs Act 1971 (section 23),Controlled drugs,Arrest,True,False
Person search,2023-11-19T19:02:00+00:00,False,,51.156949,-0.162267,,18-24,Black/African/Caribbean/Black British - Caribbean,Black,Misuse of Drugs Act 1971 (section 23),Controlled drugs,A no further action disposal,,False
Person search,2023-11-19T19:08:00+00:00,False,,50.820645,-0.136033,,25-34,White - English/Welsh/Scottish/Northern Irish/British,White,Police and Criminal Evidence Act 1984 (section 1),Offensive weapons,A no further action disposal,,True
Person search,2023-11-19T22:15:00+00:00,False,,50.827636,-0.170302,,over 34,Other ethnic group - Any other ethnic group,White,Police and Criminal Evidence Act 1984 (section 1),Offensive weapons,A no further action disposal,,False
Person search,2023-11-19T22:15:00+00:00,False,,50.827636,-0.170302,,over 34,Other ethnic group - Any other ethnic group,White,Police and Criminal Evidence Act 1984 (section 1),Offensive weapons,A no further action disposal,,False
Person search,2023-11-20T01:20:00+00:00,False,,50.823177,-0.403766,,18-24,White - Any other White background,White,Police and Criminal Evidence Act 1984 (section 1),Offensive weapons,A no further action disposal,,False
Person search,2023-11-20T01:50:00+00:00,False,,50.823292,-0.155464,,18-24,Mixed/Multiple ethnic groups - Any other Mixed/Multiple ethnic background,White,Police and Criminal Evidence Act 1984 (section 1),Offensive weapons,A no further action disposal,,False
Person search,2023-11-20T10:04:00+00:00,False,,51.293127,-0.489886,,over 34,White - Any other White background,White,Police and Criminal Evidence Act 1984 (section 1),Article for use in theft,A no further action disposal,,False
Person search,2023-11-20T10:45:00+00:00,False,,50.837463,-0.124810,,18-24,White - English/Welsh/Scottish/Northern Irish/British,White,Misuse of Drugs Act 1971 (section 23),Controlled drugs,Community resolution,True,False
Person search,2023-11-20T10:52:00+00:00,False,,51.115240,-0.188212,,over 34,White - English/Welsh/Scottish/Northern Irish/British,White,Police and Criminal Evidence Act 1984 (section 1),Article for use in theft,A no further action disposal,True,False
Person search,2023-11-20T11:40:00+00:00,False,,50.827388,-0.132512,,over 34,,White,Misuse of Drugs Act 1971 (section 23),Controlled drugs,A no further action disposal,,False
Person search,2023-11-20T11:50:00+00:00,False,,50.828905,-0.134028,,over 34,White - English/Welsh/Scottish/Northern Irish/British,White,Misuse of Drugs Act 1971 (section 23),,Community resolution,True,False
Person search,2023-11-20T11:50:00+00:00,False,,50.828428,-0.133436,,over 34,White - English/Welsh/Scottish/Northern Irish/British,White,Misuse of Drugs Act 1971 (section 23),Controlled drugs,Arrest,,False
Person search,2023-11-20T19:29:00+00:00,False,,51.068803,-0.320897,,25-34,White - English/Welsh/Scottish/Northern Irish/British,White,Misuse of Drugs Act 1971 (section 23),Controlled drugs,Arrest,,False
Person search,2023-11-20T20:00:00+00:00,False,,50.777937,0.116788,,25-34,Mixed/Multiple ethnic groups - White and Black African,Black,Misuse of Drugs Act 1971 (section 23),,A no further action disposal,,False
Person search,2023-11-20T20:29:00+00:00,False,,50.782514,0.123251,,25-34,White - English/Welsh/Scottish/Northern Irish/British,White,Misuse of Drugs Act 1971 (section 23),Controlled drugs,A no further action disposal,,False
Person search,2023-11-20T23:54:00+00:00,False,,50.781498,0.124752,,25-34,Mixed/Multiple ethnic groups - White and Black Caribbean,Black,Misuse of Drugs Act 1971 (section 23),Controlled drugs,Summons / charged by post,True,False
Person search,2023-11-21T00:50:00+00:00,False,,50.809547,-0.375403,,25-34,White - English/Welsh/Scottish/Northern Irish/British,White,Police and Criminal Evidence Act 1984 (section 1),Offensive weapons,A no further action disposal,,False
Person search,2023-11-21T04:45:00+00:00,False,,50.823684,-0.133831,,25-34,,Black,Police and Criminal Evidence Act 1984 (section 1),Article for use in theft,A no further action disposal,,False
Person search,2023-11-21T11:05:00+00:00,False,,50.794125,-0.688507,,18-24,White - Any other White background,White,Police and Criminal Evidence Act 1984 (section 1),Article for use in theft,Community resolution,False,False
Person search,2023-11-21T11:10:00+00:00,False,,50.794125,-0.688507,,25-34,White - Any other White background,White,Police and Criminal Evidence Act 1984 (section 1),Article for use in theft,Community resolution,True,False
Vehicle search,2023-11-21T11:20:00+00:00,False,,50.794125,-0.688507,,,,,Police and Criminal Evidence Act 1984 (section 1),Article for use in theft,Caution (simple or conditional),False,
Person search,2023-11-21T13:30:00+00:00,False,,50.820036,-0.138328,,over 34,White - English/Welsh/Scottish/Northern Irish/British,White,Police and Criminal Evidence Act 1984 (section 1),Article for use in theft,A no further action disposal,,False
Person search,2023-11-21T15:49:00+00:00,False,,50.858704,0.564494,,over 34,White - English/Welsh/Scottish/Northern Irish/British,White,Police and Criminal Evidence Act 1984 (section 1),Article for use in theft,Community resolution,False,False
Person search,2023-11-21T16:40:00+00:00,False,,50.823684,-0.133831,,25-34,White - English/Welsh/Scottish/Northern Irish/British,White,Misuse of Drugs Act 1971 (section 23),Controlled drugs,Community resolution,True,False
Person search,2023-11-21T17:36:00+00:00,False,,50.829993,-0.158353,,25-34,White - English/Welsh/Scottish/Northern Irish/British,White,Misuse of Drugs Act 1971 (section 23),Controlled drugs,A no further action disposal,,False
Person search,2023-11-21T17:50:00+00:00,False,,50.837198,-0.772526,,over 34,White - English/Welsh/Scottish/Northern Irish/British,White,Police and Criminal Evidence Act 1984 (section 1),Stolen goods,A no further action disposal,,False
Person search,2023-11-21T19:43:00+00:00,False,,51.133122,-0.032120,,18-24,Black/African/Caribbean/Black British - Caribbean,Black,Police and Criminal Evidence Act 1984 (section 1),Article for use in theft,A no further action disposal,,False
Person search,2023-11-21T20:30:00+00:00,False,,50.818469,-0.387728,,25-34,,White,Misuse of Drugs Act 1971 (section 23),,A no further action disposal,,False
Person search,2023-11-21T22:50:00+00:00,False,,50.828302,-0.414241,,over 34,White - English/Welsh/Scottish/Northern Irish/British,White,Police and Criminal Evidence Act 1984 (section 1),Offensive weapons,A no further action disposal,,False
Person search,2023-11-21T23:00:00+00:00,False,,50.828302,-0.414241,,25-34,White - English/Welsh/Scottish/Northern Irish/British,White,Police and Criminal Evidence Act 1984 (section 1),Offensive weapons,A no further action disposal,,False
Person search,2023-11-22T01:49:00+00:00,False,,50.821479,-0.138143,,,,Black,Police and Criminal Evidence Act 1984 (section 1),Stolen goods,A no further action disposal,,False
Person search,2023-11-22T02:07:00+00:00,False,,50.827622,-0.130259,,25-34,White - English/Welsh/Scottish/Northern Irish/British,White,Police and Criminal Evidence Act 1984 (section 1),Article for use in theft,A no further action disposal,,False
Person search,2023-11-22T04:00:00+00:00,False,,50.835330,-0.795226,,10-17,White - English/Welsh/Scottish/Northern Irish/British,White,Misuse of Drugs Act 1971 (section 23),Controlled drugs,A no further action disposal,,False
Person search,2023-11-22T05:47:00+00:00,False,,50.832479,-0.853250,,10-17,White - English/Welsh/Scottish/Northern Irish/British,White,Police and Criminal Evidence Act 1984 (section 1),Article for use in theft,Arrest,True,False
Person search,2023-11-22T07:10:00+00:00,False,,50.830462,-0.781123,,18-24,,Black,Misuse of Drugs Act 1971 (section 23),Controlled drugs,Arrest,True,False
Person search,2023-11-22T11:00:00+00:00,False,,51.116094,-0.168018,,over 34,White - English/Welsh/Scottish/Northern Irish/British,White,Misuse of Drugs Act 1971 (section 23),Controlled drugs,A no further action disposal,,False
Person search,2023-11-22T11:00:00+00:00,True,,51.116094,-0.168018,,over 34,White - English/Welsh/Scottish/Northern Irish/British,White,Misuse of Drugs Act 1971 (section 23),Controlled drugs,Summons / charged by post,True,False
Person search,2023-11-22T11:10:00+00:00,False,,50.833161,-0.139766,,25-34,White - English/Welsh/Scottish/Northern Irish/British,White,Misuse of Drugs Act 1971 (section 23),Controlled drugs,Arrest,False,False
Person search,2023-11-22T13:30:00+00:00,False,,50.835733,-0.139749,,25-34,Mixed/Multiple ethnic groups - Any other Mixed/Multiple ethnic background,Black,Misuse of Drugs Act 1971 (section 23),Controlled drugs,Arrest,True,False
Person search,2023-11-22T17:10:00+00:00,False,,50.789205,-0.671776,,25-34,White - English/Welsh/Scottish/Northern Irish/British,White,Police and Criminal Evidence Act 1984 (section 1),Article for use in theft,A no further action disposal,,False
Person search,2023-11-22T18:00:00+00:00,False,,50.823684,-0.133831,,10-17,White - English/Welsh/Scottish/Northern Irish/British,White,Police and Criminal Evidence Act 1984 (section 1),Stolen goods,A no further action disposal,True,False
Person search,2023-11-22T20:10:00+00:00,False,,50.823684,-0.133831,,over 34,White - Any other White background,White,Police and Criminal Evidence Act 1984 (section 1),Stolen goods,Arrest,,False
Person search,2023-11-22T20:36:00+00:00,False,,50.873003,0.252147,,18-24,White - English/Welsh/Scottish/Northern Irish/British,White,Misuse of Drugs Act 1971 (section 23),Controlled drugs,Community resolution,True,False
Person search,2023-11-22T20:48:00+00:00,False,,50.873003,0.252147,,18-24,White - English/Welsh/Scottish/Northern Irish/British,White,Misuse of Drugs Act 1971 (section 23),Controlled drugs,A no further action disposal,,False
Person search,2023-11-22T20:50:00+00:00,False,,50.873003,0.252147,,18-24,White - English/Welsh/Scottish/Northern Irish/British,White,Misuse of Drugs Act 1971 (section 23),Controlled drugs,Community resolution,True,False
Person search,2023-11-22T20:55:00+00:00,False,,51.146421,-0.161856,,18-24,Black/African/Caribbean/Black British - Any other Black/African/Caribbean background,Black,Police and Criminal Evidence Act 1984 (section 1),Article for use in theft,A no further action disposal,,False
Person search,2023-11-22T21:26:00+00:00,False,,51.161150,-0.169781,,25-34,,Black,Police and Criminal Evidence Act 1984 (section 1),Article for use in theft,A no further action disposal,False,False
Person search,2023-11-22T22:39:00+00:00,False,,50.823684,-0.133831,,10-17,Black/African/Caribbean/Black British - African,Black,Police and Criminal Evidence Act 1984 (section 1),Article for use in theft,Arrest,,False
Person search,2023-11-22T23:00:00+00:00,False,,50.823684,-0.133831,,10-17,White - English/Welsh/Scottish/Northern Irish/British,White,Police and Criminal Evidence Act 1984 (section 1),Article for use in theft,Arrest,False,False
Person search,2023-11-23T00:13:00+00:00,False,,54.581622,-6.572286,,10-17,White - English/Welsh/Scottish/Northern Irish/British,White,Police and Criminal Evidence Act 1984 (section 1),Stolen goods,A no further action disposal,True,False
Person search,2023-11-23T03:00:00+00:00,False,,50.821071,-0.145230,,18-24,,White,Misuse of Drugs Act 1971 (section 23),Controlled drugs,A no further action disposal,,False
Person search,2023-11-23T11:36:00+00:00,False,,50.968123,-0.195850,,25-34,White - English/Welsh/Scottish/Northern Irish/British,White,Misuse of Drugs Act 1971 (section 23),,A no further action disposal,,False
Person search,2023-11-23T12:00:00+00:00,False,,50.822592,-0.139121,,25-34,White - English/Welsh/Scottish/Northern Irish/British,White,Police and Criminal Evidence Act 1984 (section 1),Stolen goods,Arrest,True,False
Person search,2023-11-23T12:20:00+00:00,False,,50.834263,-0.171918,,10-17,White - English/Welsh/Scottish/Northern Irish/British,White,Police and Criminal Evidence Act 1984 (section 1),Article for use in theft,Arrest,,False
Person search,2023-11-23T13:20:00+00:00,False,,50.816876,-0.114689,,25-34,Black/African/Caribbean/Black British - Any other Black/African/Caribbean background,Black,Misuse of Drugs Act 1971 (section 23),Controlled drugs,Community resolution,True,False
Vehicle search,2023-11-23T14:15:00+00:00,False,,51.068587,-0.365994,,,,,Misuse of Drugs Act 1971 (section 23),Controlled drugs,A no further action disposal,,
Person search,2023-11-23T17:40:00+00:00,False,,50.999132,-0.113383,,over 34,White - Any other White background,White,Misuse of Drugs Act 1971 (section 23),Controlled drugs,Arrest,,False
Person search,2023-11-23T17:54:00+00:00,False,,51.114334,-0.199448,,,Black/African/Caribbean/Black British - Caribbean,Black,Police and Criminal Evidence Act 1984 (section 1),Offensive weapons,Arrest,,False
Person search,2023-11-23T19:48:00+00:00,False,,51.027032,-0.447198,,10-17,White - English/Welsh/Scottish/Northern Irish/British,White,Firearms Act 1968 (section 47),Firearms,A no further action disposal,,False
Person search,2023-11-23T19:55:00+00:00,False,,50.784196,-0.697311,,over 34,White - English/Welsh/Scottish/Northern Irish/British,White,Misuse of Drugs Act 1971 (section 23),Controlled drugs,Arrest,,False
Person search,2023-11-23T20:45:00+00:00,False,,50.831195,-0.143948,,over 34,White - Any other White background,White,Police and Criminal Evidence Act 1984 (section 1),Offensive weapons,A no further action disposal,,False
Person search,2023-11-23T22:00:00+00:00,False,,50.781708,-0.685578,,over 34,White - English/Welsh/Scottish/Northern Irish/British,White,Misuse of Drugs Act 1971 (section 23),Controlled drugs,A no further action disposal,,False
Person search,2023-11-23T22:06:00+00:00,False,,50.780694,-0.686514,,,White - English/Welsh/Scottish/Northern Irish/British,White,Misuse of Drugs Act 1971 (section 23),Controlled drugs,Summons / charged by post,True,False
Person search,2023-11-24T00:35:00+00:00,False,,50.818794,-0.117636,,over 34,,White,Police and Criminal Evidence Act 1984 (section 1),Offensive weapons,A no further action disposal,,False
Person search,2023-11-24T01:10:00+00:00,False,,51.115240,-0.188212,,over 34,White - English/Welsh/Scottish/Northern Irish/British,White,Police and Criminal Evidence Act 1984 (section 1),Stolen goods,A no further action disposal,,False
Person search,2023-11-24T01:21:00+00:00,False,,50.823106,-0.151638,,25-34,White - English/Welsh/Scottish/Northern Irish/British,White,Police and Criminal Evidence Act 1984 (section 1),Article for use in theft,A no further action disposal,,False
Person search,2023-11-24T03:26:00+00:00,False,,50.823684,-0.133831,,over 34,,White,Misuse of Drugs Act 1971 (section 23),,Arrest,True,False
Person search,2023-11-24T12:35:00+00:00,False,,50.817835,-0.546947,,25-34,White - English/Welsh/Scottish/Northern Irish/British,White,Misuse of Drugs Act 1971 (section 23),,Summons / charged by post,,False
Person search,2023-11-24T15:30:00+00:00,False,,50.812405,-0.386262,,over 34,White - English/Welsh/Scottish/Northern Irish/British,White,Police and Criminal Evidence Act 1984 (section 1),Offensive weapons,A no further action disposal,,False
Person search,2023-11-24T16:35:00+00:00,False,,51.006417,-0.106715,,over 34,White - English/Welsh/Scottish/Northern Irish/British,White,Police and Criminal Evidence Act 1984 (section 1),Stolen goods,A no further action disposal,,False
Person search,2023-11-24T16:54:00+00:00,False,,51.061485,-0.326114,,25-34,White - English/Welsh/Scottish/Northern Irish/British,White,Misuse of Drugs Act 1971 (section 23),,A no further action disposal,,False
Person search,2023-11-24T17:04:00+00:00,False,,50.825995,0.238453,,25-34,White - English/Welsh/Scottish/Northern Irish/British,White,Misuse of Drugs Act 1971 (section 23),Controlled drugs,A no further action disposal,,False
Person search,2023-11-24T17:15:00+00:00,False,,50.832195,-0.781660,,18-24,Mixed/Multiple ethnic groups - Any other Mixed/Multiple ethnic background,Black,Misuse of Drugs Act 1971 (section 23),Controlled drugs,A no further action disposal,False,False
Vehicle search,2023-11-24T21:40:00+00:00,False,,50.867110,-0.122353,,,,,Misuse of Drugs Act 1971 (section 23),,Arrest,,
Person search,2023-11-24T21:40:00+00:00,False,,50.869863,-0.149960,,18-24,Mixed/Multiple ethnic groups - White and Asian,Asian,Misuse of Drugs Act 1971 (section 23),Controlled drugs,Arrest,True,True
Person search,2023-11-24T22:22:00+00:00,False,,50.956183,-0.134404,,25-34,White - Gypsy or Irish Traveller,Black,Police and Criminal Evidence Act 1984 (section 1),Article for use in theft,Arrest,True,False
Person search,2023-11-24T23:40:00+00:00,False,,50.823684,-0.133831,,18-24,White - English/Welsh/Scottish/Northern Irish/British,White,Misuse of Drugs Act 1971 (section 23),,Arrest,,False
Person search,2023-11-25T02:55:00+00:00,False,,50.811707,-0.369082,,over 34,,White,Police and Criminal Evidence Act 1984 (section 1),Offensive weapons,A no further action disposal,,False
Person search,2023-11-25T04:34:00+00:00,False,,50.823684,-0.133831,,18-24,Other ethnic group - Arab,Other,Misuse of Drugs Act 1971 (section 23),Controlled drugs,Arrest,True,False
Person search,2023-11-25T12:20:00+00:00,False,,50.836416,-0.216358,,10-17,White - English/Welsh/Scottish/Northern Irish/British,White,Police and Criminal Evidence Act 1984 (section 1),Article for use in theft,Arrest,True,False
Person search,2023-11-25T14:11:00+00:00,False,,51.097106,0.033440,,10-17,White - English/Welsh/Scottish/Northern Irish/British,White,Misuse of Drugs Act 1971 (section 23),,A no further action disposal,,False
Person search,2023-11-25T14:15:00+00:00,False,,50.966906,0.096185,,10-17,White - English/Welsh/Scottish/Northern Irish/British,White,Misuse of Drugs Act 1971 (section 23),Controlled drugs,A no further action disposal,,False
Person search,2023-11-25T14:20:00+00:00,False,,51.096539,0.032444,,10-17,White - English/Welsh/Scottish/Northern Irish/British,White,Misuse of Drugs Act 1971 (section 23),Controlled drugs,A no further action disposal,,False
Person search,2023-11-25T15:00:00+00:00,False,,51.139848,-0.184976,,10-17,White - English/Welsh/Scottish/Northern Irish/British,White,Misuse of Drugs Act 1971 (section 23),Controlled drugs,A no further action disposal,,False
Person search,2023-11-25T15:00:00+00:00,False,,51.139848,-0.184976,,10-17,White - English/Welsh/Scottish/Northern Irish/British,White,Misuse of Drugs Act 1971 (section 23),Controlled drugs,A no further action disposal,,False
Person search,2023-11-25T16:00:00+00:00,False,,50.841040,-0.122725,,10-17,White - English/Welsh/Scottish/Northern Irish/British,White,Police and Criminal Evidence Act 1984 (section 1),Article for use in theft,Arrest,,False
Person search,2023-11-25T16:30:00+00:00,False,,50.822299,-0.136506,,18-24,White - English/Welsh/Scottish/Northern Irish/British,White,Police and Criminal Evidence Act 1984 (section 1),Article for use in theft,Community resolution,True,False
Person search,2023-11-25T19:05:00+00:00,False,,50.771298,0.102944,,over 34,White - Any other White background,White,Police and Criminal Evidence Act 1984 (section 1),Offensive weapons,A no further action disposal,,False
Person search,2023-11-25T20:00:00+00:00,False,,51.116206,-0.181516,,,White - English/Welsh/Scottish/Northern Irish/British,White,Misuse of Drugs Act 1971 (section 23),,A no further action disposal,,False
Person search,2023-11-25T20:30:00+00:00,False,,50.823684,-0.133831,,18-24,White - Any other White background,White,Misuse of Drugs Act 1971 (section 23),Controlled drugs,Arrest,True,False
Person search,2023-11-26T03:15:00+00:00,False,,50.822592,-0.139121,,over 34,,Other,Police and Criminal Evidence Act 1984 (section 1),Stolen goods,A no further action disposal,,False
Person search,2023-11-26T05:40:00+00:00,False,,50.834252,-0.141072,,,,Other,Police and Criminal Evidence Act 1984 (section 1),Stolen goods,Arrest,True,False
Person search,2023-11-26T08:30:00+00:00,False,,50.867110,-0.122353,,25-34,Black/African/Caribbean/Black British - Caribbean,Black,Police and Criminal Evidence Act 1984 (section 1),Article for use in theft,Arrest,True,False
Person search,2023-11-26T08:50:00+00:00,False,,50.833743,-0.272081,,over 34,White - English/Welsh/Scottish/Northern Irish/British,White,Police and Criminal Evidence Act 1984 (section 1),Article for use in theft,A no further action disposal,,False
Person search,2023-11-26T13:55:00+00:00,False,,51.027486,-0.444131,,over 34,White - Any other White background,White,Police and Criminal Evidence Act 1984 (section 1),Offensive weapons,Arrest,True,False
Person search,2023-11-26T14:16:00+00:00,False,,50.835811,-0.779208,,18-24,Other ethnic group - Any other ethnic group,White,Police and Criminal Evidence Act 1984 (section 1),Article for use in theft,A no further action disposal,False,False
Person search,2023-11-26T14:16:00+00:00,False,,50.843380,-0.760177,,10-17,Other ethnic group - Any other ethnic group,White,Police and Criminal Evidence Act 1984 (section 1),Article for use in theft,A no further action disposal,False,False
Person search,2023-11-26T15:45:00+00:00,False,,50.838272,0.468035,,25-34,White - English/Welsh/Scottish/Northern Irish/British,White,Police and Criminal Evidence Act 1984 (section 1),Offensive weapons,A no further action disposal,,False
Person search,2023-11-26T17:25:00+00:00,False,,50.821143,-0.323549,,10-17,White - English/Welsh/Scottish/Northern Irish/British,White,Police and Criminal Evidence Act 1984 (section 1),Article for use in theft,A no further action disposal,,False
Person search,2023-11-26T17:30:00+00:00,False,,50.823684,-0.133831,,18-24,White - English/Welsh/Scottish/Northern Irish/British,White,Police and Criminal Evidence Act 1984 (section 1),Article for use in theft,A no further action disposal,,False
Person search,2023-11-26T17:35:00+00:00,False,,50.821143,-0.323549,,10-17,White - English/Welsh/Scottish/Northern Irish/British,White,Police and Criminal Evidence Act 1984 (section 1),Article for use in theft,A no further action disposal,,False
Person search,2023-11-26T19:30:00+00:00,False,,50.821143,-0.323549,,10-17,White - English/Welsh/Scottish/Northern Irish/British,White,Police and Criminal Evidence Act 1984 (section 1),Article for use in theft,A no further action disposal,,False
Person search,2023-11-26T20:15:00+00:00,False,,50.821023,-0.132653,,25-34,White - English/Welsh/Scottish/Northern Irish/British,White,Misuse of Drugs Act 1971 (section 23),Controlled drugs,Arrest,True,False
Person search,2023-11-26T20:48:00+00:00,False,,50.921730,0.159435,,25-34,White - English/Welsh/Scottish/Northern Irish/British,White,Misuse of Drugs Act 1971 (section 23),Controlled drugs,Arrest,True,False
Person search,2023-11-26T20:59:00+00:00,False,,50.924922,0.159484,,25-34,White - English/Welsh/Scottish/Northern Irish/British,White,Misuse of Drugs Act 1971 (section 23),Controlled drugs,Arrest,,False
Person search,2023-11-27T08:50:00+00:00,False,,51.136016,-0.029890,,25-34,White - English/Welsh/Scottish/Northern Irish/British,White,Misuse of Drugs Act 1971 (section 23),Controlled drugs,Community resolution,True,False
Person search,2023-11-27T08:50:00+00:00,False,,51.136016,-0.029890,,25-34,Mixed/Multiple ethnic groups - White and Black Caribbean,Black,Misuse of Drugs Act 1971 (section 23),Controlled drugs,Community resolution,True,False
Person search,2023-11-27T08:59:00+00:00,False,,51.136016,-0.029890,,25-34,White - English/Welsh/Scottish/Northern Irish/British,White,Misuse of Drugs Act 1971 (section 23),Controlled drugs,Community resolution,True,False
Person search,2023-11-27T11:30:00+00:00,False,,50.823684,-0.133831,,over 34,,Black,Police and Criminal Evidence Act 1984 (section 1),Stolen goods,Arrest,False,False
Person search,2023-11-27T12:20:00+00:00,False,,51.113750,-0.195385,,over 34,White - English/Welsh/Scottish/Northern Irish/British,White,Misuse of Drugs Act 1971 (section 23),,Arrest,,False
Person search,2023-11-27T12:30:00+00:00,False,,51.113750,-0.195385,,over 34,White - English/Welsh/Scottish/Northern Irish/British,White,Misuse of Drugs Act 1971 (section 23),Controlled drugs,Summons / charged by post,,False
Person search,2023-11-27T19:42:00+00:00,False,,50.825575,-0.163326,,over 34,,White,Police and Criminal Evidence Act 1984 (section 1),Offensive weapons,A no further action disposal,,False
Person search,2023-11-27T20:20:00+00:00,False,,51.156262,-0.160908,,10-17,White - English/Welsh/Scottish/Northern Irish/British,White,Police and Criminal Evidence Act 1984 (section 1),Stolen goods,Arrest,,False
Person search,2023-11-27T20:20:00+00:00,False,,51.156949,-0.162267,,10-17,White - English/Welsh/Scottish/Northern Irish/British,White,Police and Criminal Evidence Act 1984 (section 1),Stolen goods,Arrest,,False
Person search,2023-11-27T20:20:00+00:00,False,,51.156262,-0.160908,,10-17,White - English/Welsh/Scottish/Northern Irish/British,White,Police and Criminal Evidence Act 1984 (section 1),Stolen goods,Arrest,True,False
Person search,2023-11-27T20:20:00+00:00,False,,51.161150,-0.169781,,,Black/African/Caribbean/Black British - Caribbean,Black,Police and Criminal Evidence Act 1984 (section 1),Stolen goods,Arrest,True,False
Person search,2023-11-27T22:05:00+00:00,False,,50.859377,0.557170,,over 34,White - English/Welsh/Scottish/Northern Irish/British,White,Police and Criminal Evidence Act 1984 (section 1),Stolen goods,A no further action disposal,,False
Person search,2023-11-27T22:30:00+00:00,False,,50.823684,-0.133831,,25-34,White - Any other White background,White,Misuse of Drugs Act 1971 (section 23),Controlled drugs,Arrest,True,False
Person search,2023-11-28T01:15:00+00:00,False,,50.789205,-0.671776,,18-24,White - English/Welsh/Scottish/Northern Irish/British,White,Police and Criminal Evidence Act 1984 (section 1),Offensive weapons,Arrest,,False
Person search,2023-11-28T02:40:00+00:00,False,,51.116206,-0.181516,,over 34,Asian/Asian British - Pakistani,Asian,Misuse of Drugs Act 1971 (section 23),Controlled drugs,Arrest,True,False
Person search,2023-11-28T06:20:00+00:00,False,,50.828302,-0.414241,,18-24,White - English/Welsh/Scottish/Northern Irish/British,White,Police and Criminal Evidence Act 1984 (section 1),Offensive weapons,A no further action disposal,,False
Person search,2023-11-28T06:56:00+00:00,False,,50.823684,-0.133831,,over 34,White - Any other White background,White,Misuse of Drugs Act 1971 (section 23),Controlled drugs,Arrest,,False
Person search,2023-11-28T08:07:00+00:00,False,,50.827277,-0.169748,,over 34,White - Any other White background,White,Misuse of Drugs Act 1971 (section 23),,A no further action disposal,,False
Person search,2023-11-28T11:40:00+00:00,False,,50.836206,-0.337907,,25-34,,White,Misuse of Drugs Act 1971 (section 23),Controlled drugs,A no further action disposal,,False
Person search,2023-11-28T11:45:00+00:00,False,,50.835815,-0.336998,,25-34,,White,Misuse of Drugs Act 1971 (section 23),Controlled drugs,A no further action disposal,,False
Person search,2023-11-28T16:30:00+00:00,False,,50.831992,-0.237686,,10-17,White - English/Welsh/Scottish/Northern Irish/British,White,Misuse of Drugs Act 1971 (section 23),Controlled drugs,Community resolution,True,False
Person search,2023-11-28T20:00:00+00:00,False,,50.821620,-0.139614,,over 34,White - English/Welsh/Scottish/Northern Irish/British,White,Police and Criminal Evidence Act 1984 (section 1),Offensive weapons,Arrest,True,False
Person search,2023-11-28T20:20:00+00:00,False,,50.855892,0.572084,,over 34,White - Any other White background,White,Misuse of Drugs Act 1971 (section 23),Controlled drugs,A no further action disposal,,False
Person search,2023-11-28T20:23:00+00:00,False,,50.855363,0.569156,,18-24,White - Any other White background,White,Misuse of Drugs Act 1971 (section 23),Controlled drugs,A no further action disposal,,False
Person search,2023-11-28T20:50:00+00:00,False,,50.787841,0.297725,,18-24,,Black,Misuse of Drugs Act 1971 (section 23),,A no further action disposal,,False
Person search,2023-11-28T20:50:00+00:00,False,,50.787841,0.297725,,18-24,,Black,Misuse of Drugs Act 1971 (section 23),,A no further action disposal,,False
Person search,2023-11-28T22:52:00+00:00,False,,51.156856,-0.159768,,over 34,White - English/Welsh/Scottish/Northern Irish/British,White,Police and Criminal Evidence Act 1984 (section 1),Stolen goods,A no further action disposal,,False
Person search,2023-11-29T17:22:00+00:00,False,,50.823284,-0.121701,,over 34,White - English/Welsh/Scottish/Northern Irish/British,White,Misuse of Drugs Act 1971 (section 23),,A no further action disposal,,False
Person search,2023-11-30T00:40:00+00:00,False,,51.038947,0.083972,,18-24,,White,Misuse of Drugs Act 1971 (section 23),Controlled drugs,A no further action disposal,,False
Person search,2023-11-30T00:40:00+00:00,False,,50.966906,0.096185,,18-24,,White,Misuse of Drugs Act 1971 (section 23),Controlled drugs,A no further action disposal,,False
Person search,2023-11-30T01:30:00+00:00,False,,50.787841,0.297725,,25-34,White - English/Welsh/Scottish/Northern Irish/British,White,Misuse of Drugs Act 1971 (section 23),,A no further action disposal,,False
Person search,2023-11-30T01:40:00+00:00,False,,50.770165,0.290561,,10-17,White - English/Welsh/Scottish/Northern Irish/British,White,Misuse of Drugs Act 1971 (section 23),,A no further action disposal,,False
Person search,2023-11-30T02:14:00+00:00,False,,50.787841,0.297725,,over 34,White - English/Welsh/Scottish/Northern Irish/British,White,Misuse of Drugs Act 1971 (section 23),Controlled drugs,Arrest,True,False
Person search,2023-11-30T07:25:00+00:00,True,,51.101685,-0.185185,,over 34,White - Any other White background,White,Misuse of Drugs Act 1971 (section 23),Controlled drugs,A no further action disposal,,False
Person search,2023-11-30T09:55:00+00:00,False,,50.856496,-0.155476,,over 34,White - English/Welsh/Scottish/Northern Irish/British,White,Misuse of Drugs Act 1971 (section 23),Controlled drugs,A no further action disposal,,False
Person search,2023-11-30T11:15:00+00:00,False,,51.116206,-0.181516,,18-24,White - English/Welsh/Scottish/Northern Irish/British,White,Police and Criminal Evidence Act 1984 (section 1),Offensive weapons,Arrest,True,False
Person search,2023-11-30T12:00:00+00:00,False,,51.084763,-0.197584,,25-34,White - English/Welsh/Scottish/Northern Irish/British,White,Misuse of Drugs Act 1971 (section 23),Controlled drugs,Arrest,,False
Person search,2023-11-30T12:10:00+00:00,False,,50.769697,0.291049,,25-34,,Black,Police and Criminal Evidence Act 1984 (section 1),Stolen goods,A no further action disposal,,False
Person search,2023-11-30T13:15:00+00:00,False,,50.824147,-0.142439,,over 34,,White,Police and Criminal Evidence Act 1984 (section 1),Stolen goods,A no further action disposal,True,False
Person search,2023-11-30T13:20:00+00:00,False,,51.116206,-0.181516,,25-34,White - English/Welsh/Scottish/Northern Irish/British,White,Police and Criminal Evidence Act 1984 (section 1),Article for use in theft,Arrest,True,False
Person search,2023-11-30T16:00:00+00:00,False,,50.769839,0.277795,,18-24,White - English/Welsh/Scottish/Northern Irish/British,White,Misuse of Drugs Act 1971 (section 23),Controlled drugs,Community resolution,True,False
Person search,2023-11-30T17:35:00+00:00,False,,50.842905,-0.133810,,18-24,White - English/Welsh/Scottish/Northern Irish/British,White,Police and Criminal Evidence Act 1984 (section 1),Offensive weapons,A no further action disposal,,False
Person search,2023-11-30T19:00:00+00:00,False,,50.823684,-0.133831,,over 34,White - English/Welsh/Scottish/Northern Irish/British,White,Misuse of Drugs Act 1971 (section 23),Controlled drugs,A no further action disposal,False,False
Person search,2023-11-30T19:50:00+00:00,False,,50.828302,-0.414241,,10-17,,White,Police and Criminal Evidence Act 1984 (section 1),Offensive weapons,Arrest,False,False
Person search,2023-11-30T19:50:00+00:00,False,,50.798098,-0.682011,,10-17,,White,Misuse of Drugs Act 1971 (section 23),Controlled drugs,A no further action disposal,,False
Person search,2023-11-30T19:58:00+00:00,False,,50.798098,-0.682011,,10-17,White - English/Welsh/Scottish/Northern Irish/British,White,Police and Criminal Evidence Act 1984 (section 1),Offensive weapons,A no further action disposal,,False
Person search,2023-11-30T20:00:00+00:00,False,,50.823684,-0.133831,,over 34,White - English/Welsh/Scottish/Northern Irish/British,White,Misuse of Drugs Act 1971 (section 23),Controlled drugs,A no further action disposal,True,False
Person search,2023-11-30T20:10:00+00:00,False,,50.798098,-0.682011,,10-17,White - English/Welsh/Scottish/Northern Irish/British,White,Misuse of Drugs Act 1971 (section 23),Controlled drugs,Community resolution,True,False
Person search,2023-11-30T20:15:00+00:00,False,,50.825292,-0.155627,,25-34,,White,Misuse of Drugs Act 1971 (section 23),,A no further action disposal,,False
Person search,2023-11-30T20:15:00+00:00,False,,50.823684,-0.133831,,over 34,White - English/Welsh/Scottish/Northern Irish/British,White,Misuse of Drugs Act 1971 (section 23),Controlled drugs,A no further action disposal,,False
Person search,2023-11-30T20:40:00+00:00,False,,54.656924,-6.628095,,over 34,White - Any other White background,White,Misuse of Drugs Act 1971 (section 23),Controlled drugs,Arrest,True,False
Person search,2023-11-30T20:50:00+00:00,False,,50.827103,-0.414693,,10-17,,White,Police and Criminal Evidence Act 1984 (section 1),Offensive weapons,Arrest,False,False
Person search,2023-11-30T22:26:00+00:00,False,,50.823684,-0.133831,,over 34,Black/African/Caribbean/Black British - Caribbean,Black,Misuse of Drugs Act 1971 (section 23),Controlled drugs,A no further action disposal,,False
Person search,2023-11-30T22:26:00+00:00,False,,50.823684,-0.133831,,25-34,Black/African/Caribbean/Black British - African,Black,Misuse of Drugs Act 1971 (section 23),Controlled drugs,A no further action disposal,,False
