Type,Date,Part of a policing operation,Policing operation,Latitude,Longitude,Gender,Age range,Self-defined ethnicity,Officer-defined ethnicity,Legislation,Object of search,Outcome,Outcome linked to object of search,Removal of more than just outer clothing
Person search,2024-05-01T00:51:53+00:00,,,51.333225,-2.951633,Male,over 34,White - English/Welsh/Scottish/Northern Irish/British,White,Police and Criminal Evidence Act 1984 (section 1),Offensive weapons,,,False
Person search,2024-05-01T02:13:43+00:00,,,51.461216,-2.495536,Male,18-24,Other ethnic group - Not stated,White,Misuse of Drugs Act 1971 (section 23),Controlled drugs,A no further action disposal,True,False
Person and Vehicle search,2024-05-01T03:00:23+00:00,,,,,Male,18-24,White - Any other White background,White,Misuse of Drugs Act 1971 (section 23),Controlled drugs,Arrest,True,False
Person and Vehicle search,2024-05-01T03:10:58+00:00,,,51.020122,-3.089749,Male,over 34,White - English/Welsh/Scottish/Northern Irish/British,White,Police and Criminal Evidence Act 1984 (section 1),Stolen goods,,,False
Person search,2024-05-01T03:17:33+00:00,,,51.464719,-2.594930,Male,over 34,White - English/Welsh/Scottish/Northern Irish/British,White,Police and Criminal Evidence Act 1984 (section 1),,,,False
Person and Vehicle search,2024-05-01T04:19:18+00:00,,,51.431522,-2.605546,Male,over 34,White - Any other White background,White,Police and Criminal Evidence Act 1984 (section 1),,,,False
Person and Vehicle search,2024-05-01T04:19:18+00:00,,,51.431522,-2.605546,Male,over 34,,,Police and Criminal Evidence Act 1984 (section 1),Articles for use in criminal damage,,,False
Person and Vehicle search,2024-05-01T04:40:53+00:00,,,51.461372,-2.591741,Male,25-34,Black/African/Caribbean/Black British - African,Black,Misuse of Drugs Act 1971 (section 23),Controlled drugs,Arrest,True,False
Person and Vehicle search,2024-05-01T04:40:53+00:00,,,51.461372,-2.591741,Male,25-34,Black/African/Caribbean/Black British - Any other Black/African/Caribbean background,Black,Misuse of Drugs Act 1971 (section 23),Controlled drugs,,,False
Person and Vehicle search,2024-05-01T04:40:53+00:00,,,51.461372,-2.591741,Male,25-34,Black/African/Caribbean/Black British - Any other Black/African/Caribbean background,Black,Misuse of Drugs Act 1971 (section 23),Controlled drugs,A no further action disposal,True,False
Person search,2024-05-01T12:53:48+00:00,,,,,Male,over 34,White - English/Welsh/Scottish/Northern Irish/British,White,Police and Criminal Evidence Act 1984 (section 1),Offensive weapons,A no further action disposal,True,False
Person search,2024-05-01T15:40:18+00:00,,,51.434469,-2.558903,Male,25-34,White - English/Welsh/Scottish/Northern Irish/British,White,Police and Criminal Evidence Act 1984 (section 1),Offensive weapons,A no further action disposal,True,False
Person search,2024-05-01T17:30:28+00:00,,,51.220022,-2.974756,Male,10-17,White - English/Welsh/Scottish/Northern Irish/British,White,Police and Criminal Evidence Act 1984 (section 1),Stolen goods,Community resolution,True,False
Person search,2024-05-01T17:30:28+00:00,,,51.220022,-2.974756,Male,10-17,White - English/Welsh/Scottish/Northern Irish/British,White,Police and Criminal Evidence Act 1984 (section 1),Stolen goods,Community resolution,True,False
Person search,2024-05-01T17:30:28+00:00,,,51.220022,-2.974756,Male,10-17,Black/African/Caribbean/Black British - Any other Black/African/Caribbean background,Black,Police and Criminal Evidence Act 1984 (section 1),Stolen goods,,,False
Person search,2024-05-01T17:49:38+00:00,,,51.407420,-2.503825,Male,10-17,Mixed/Multiple ethnic groups - White and Black African,Black,Police and Criminal Evidence Act 1984 (section 1),Offensive weapons,,,False
Person search,2024-05-01T17:49:38+00:00,,,51.407714,-2.512756,Male,10-17,Other ethnic group - Not stated,White,Police and Criminal Evidence Act 1984 (section 1),Offensive weapons,,False,False
Person search,2024-05-01T17:49:38+00:00,,,51.407714,-2.512756,Male,10-17,White - English/Welsh/Scottish/Northern Irish/British,White,Police and Criminal Evidence Act 1984 (section 1),Offensive weapons,,,False
Person search,2024-05-01T17:49:38+00:00,,,51.407420,-2.503825,Male,18-24,White - English/Welsh/Scottish/Northern Irish/British,White,Police and Criminal Evidence Act 1984 (section 1),Offensive weapons,,False,False
Person search,2024-05-01T19:24:49+00:00,,,,,Male,25-34,Black/African/Caribbean/Black British - African,Black,,,,,
Person search,2024-05-01T19:31:54+00:00,,,,,Male,25-34,Black/African/Caribbean/Black British - African,Black,,,,,
Person search,2024-05-01T20:26:43+00:00,,,51.016922,-3.091570,Male,18-24,White - English/Welsh/Scottish/Northern Irish/British,White,Police and Criminal Evidence Act 1984 (section 1),,,False,False
Person search,2024-05-01T21:00:18+00:00,,,51.448172,-2.513785,Female,10-17,,,Police and Criminal Evidence Act 1984 (section 1),Offensive weapons,,,False
Person search,2024-05-01T21:00:18+00:00,,,51.448172,-2.513785,Male,10-17,,,Police and Criminal Evidence Act 1984 (section 1),Offensive weapons,,,False
Person search,2024-05-01T21:38:52+00:00,,,,,Male,over 34,White - English/Welsh/Scottish/Northern Irish/British,,,,,,
Person search,2024-05-01T22:12:13+00:00,,,51.352425,-2.953582,Male,18-24,Other ethnic group - Not stated,White,Police and Criminal Evidence Act 1984 (section 1),Stolen goods,,,False
Person search,2024-05-01T23:41:46+00:00,,,51.352425,-2.953582,Male,10-17,Black/African/Caribbean/Black British - Caribbean,Black,Police and Criminal Evidence Act 1984 (section 1),Stolen goods,,False,False
Person search,2024-05-02T01:10:44+00:00,,,51.510380,-2.617355,Male,18-24,White - English/Welsh/Scottish/Northern Irish/British,White,Misuse of Drugs Act 1971 (section 23),Controlled drugs,,,False
Person search,2024-05-02T03:32:18+00:00,,,51.486974,-2.668368,Male,18-24,White - English/Welsh/Scottish/Northern Irish/British,White,Misuse of Drugs Act 1971 (section 23),Controlled drugs,,,False
Person search,2024-05-02T17:47:38+00:00,,,51.496734,-2.595865,Male,18-24,White - English/Welsh/Scottish/Northern Irish/British,White,Misuse of Drugs Act 1971 (section 23),Controlled drugs,Khat or Cannabis warning,True,False
Person search,2024-05-02T20:42:43+00:00,,,51.435609,-2.601140,Male,25-34,Black/African/Caribbean/Black British - African,Other,Police and Criminal Evidence Act 1984 (section 1),,,,False
Person search,2024-05-02T21:00:08+00:00,,,50.947797,-2.612019,Male,10-17,White - English/Welsh/Scottish/Northern Irish/British,White,Police and Criminal Evidence Act 1984 (section 1),Offensive weapons,,,False
Person search,2024-05-02T21:00:08+00:00,,,50.947797,-2.612019,Male,10-17,White - English/Welsh/Scottish/Northern Irish/British,White,Police and Criminal Evidence Act 1984 (section 1),Offensive weapons,,,False
Person search,2024-05-02T21:00:08+00:00,,,50.947797,-2.612019,Male,10-17,White - Any other White background,White,Police and Criminal Evidence Act 1984 (section 1),Offensive weapons,,,False
Person search,2024-05-02T23:48:00+00:00,,,51.310613,-2.504141,Male,10-17,White - English/Welsh/Scottish/Northern Irish/British,White,Police and Criminal Evidence Act 1984 (section 1),Articles for use in criminal damage,,,False
Person search,2024-05-02T23:48:00+00:00,,,51.310613,-2.504141,Male,18-24,White - English/Welsh/Scottish/Northern Irish/British,White,Police and Criminal Evidence Act 1984 (section 1),Articles for use in criminal damage,,,False
Person search,2024-05-02T23:48:00+00:00,,,51.310613,-2.504141,Male,18-24,Other ethnic group - Not stated,White,Police and Criminal Evidence Act 1984 (section 1),Articles for use in criminal damage,,,False
Person and Vehicle search,2024-05-03T00:04:13+00:00,,,51.479472,-2.531892,Male,25-34,Mixed/Multiple ethnic groups - Any other Mixed/Multiple ethnic background,White,Misuse of Drugs Act 1971 (section 23),Controlled drugs,Arrest,,False
Person and Vehicle search,2024-05-03T02:05:48+00:00,,,51.462667,-2.590023,Male,25-34,White - English/Welsh/Scottish/Northern Irish/British,White,Misuse of Drugs Act 1971 (section 23),Controlled drugs,Arrest,True,True
Person and Vehicle search,2024-05-03T02:05:48+00:00,,,51.462667,-2.590023,Male,25-34,White - English/Welsh/Scottish/Northern Irish/British,White,Misuse of Drugs Act 1971 (section 23),Controlled drugs,,,
Person search,2024-05-03T05:31:28+00:00,,,51.524619,-2.598824,Male,over 34,Other ethnic group - Not stated,White,Misuse of Drugs Act 1971 (section 23),Controlled drugs,A no further action disposal,True,False
Person search,2024-05-03T09:31:49+00:00,,,51.459706,-2.576210,Male,,Other ethnic group - Not stated,,Misuse of Drugs Act 1971 (section 23),Controlled drugs,,,False
Person search,2024-05-03T10:27:39+00:00,,,51.360370,-2.911118,Female,25-34,Other ethnic group - Not stated,White,Police and Criminal Evidence Act 1984 (section 1),Goods on which duty has not been paid etc.,,,False
Person search,2024-05-03T12:53:53+00:00,,,51.416554,-2.570907,Male,over 34,White - English/Welsh/Scottish/Northern Irish/British,White,Misuse of Drugs Act 1971 (section 23),Controlled drugs,,False,False
Person search,2024-05-03T13:19:58+00:00,,,51.346110,-2.959367,Male,over 34,White - English/Welsh/Scottish/Northern Irish/British,White,Misuse of Drugs Act 1971 (section 23),Controlled drugs,,,False
Person search,2024-05-03T13:19:58+00:00,,,51.346110,-2.959367,Male,over 34,White - English/Welsh/Scottish/Northern Irish/British,White,Misuse of Drugs Act 1971 (section 23),Controlled drugs,,,False
Person search,2024-05-03T13:19:58+00:00,,,51.346110,-2.959367,Female,over 34,White - English/Welsh/Scottish/Northern Irish/British,White,Misuse of Drugs Act 1971 (section 23),Controlled drugs,,,False
Person search,2024-05-03T18:14:13+00:00,,,50.966914,-2.768749,Male,10-17,White - English/Welsh/Scottish/Northern Irish/British,White,Misuse of Drugs Act 1971 (section 23),Controlled drugs,,,False
Person and Vehicle search,2024-05-03T19:44:28+00:00,,,,,Male,over 34,White - English/Welsh/Scottish/Northern Irish/British,White,Misuse of Drugs Act 1971 (section 23),Controlled drugs,,,False
Person and Vehicle search,2024-05-03T19:44:28+00:00,,,,,Male,over 34,White - Any other White background,White,Misuse of Drugs Act 1971 (section 23),Controlled drugs,,,False
Person search,2024-05-03T21:22:21+00:00,,,51.207743,-2.648828,Male,10-17,White - English/Welsh/Scottish/Northern Irish/British,White,Police and Criminal Evidence Act 1984 (section 1),Stolen goods,,,False
Person search,2024-05-03T21:22:21+00:00,,,51.207743,-2.648828,Male,10-17,Other ethnic group - Not stated,White,Police and Criminal Evidence Act 1984 (section 1),Stolen goods,,,False
Person search,2024-05-03T21:22:21+00:00,,,51.207743,-2.648828,Male,10-17,Other ethnic group - Not stated,White,Police and Criminal Evidence Act 1984 (section 1),Stolen goods,,,False
Vehicle search,2024-05-04T00:00:00+00:00,,,51.281089,-2.780178,,,,,Misuse of Drugs Act 1971 (section 23),Controlled drugs,,True,
Person and Vehicle search,2024-05-04T00:20:36+00:00,,,51.456650,-2.607936,Male,25-34,Asian/Asian British - Any other Asian background,Asian,Misuse of Drugs Act 1971 (section 23),Controlled drugs,,,False
Person search,2024-05-04T00:21:46+00:00,,,51.286783,-2.465622,Male,over 34,White - English/Welsh/Scottish/Northern Irish/British,White,Police and Criminal Evidence Act 1984 (section 1),Crossbows,,False,False
Person search,2024-05-04T00:23:31+00:00,,,51.355046,-2.979170,Male,18-24,Asian/Asian British - Any other Asian background,Other,Misuse of Drugs Act 1971 (section 23),Controlled drugs,A no further action disposal,True,False
Person search,2024-05-04T00:35:26+00:00,,,51.014736,-3.110707,Female,25-34,White - English/Welsh/Scottish/Northern Irish/British,White,Police and Criminal Evidence Act 1984 (section 1),Offensive weapons,,,False
Person search,2024-05-04T01:16:31+00:00,,,51.486332,-2.586584,Male,18-24,White - English/Welsh/Scottish/Northern Irish/British,White,Misuse of Drugs Act 1971 (section 23),Controlled drugs,Khat or Cannabis warning,True,False
Person search,2024-05-04T03:13:25+00:00,,,51.456650,-2.607936,Female,18-24,White - English/Welsh/Scottish/Northern Irish/British,White,Misuse of Drugs Act 1971 (section 23),Controlled drugs,Khat or Cannabis warning,True,False
Person search,2024-05-04T09:42:42+00:00,,,51.456677,-2.592162,Male,over 34,White - English/Welsh/Scottish/Northern Irish/British,White,Police and Criminal Evidence Act 1984 (section 1),Stolen goods,,,True
Person and Vehicle search,2024-05-04T17:49:01+00:00,,,51.377897,-2.377982,Male,18-24,White - English/Welsh/Scottish/Northern Irish/British,White,Misuse of Drugs Act 1971 (section 23),Controlled drugs,Arrest,True,False
Person search,2024-05-04T17:53:26+00:00,,,51.381578,-2.360052,,10-17,Other ethnic group - Not stated,Asian,Police and Criminal Evidence Act 1984 (section 1),Offensive weapons,,,False
Person search,2024-05-04T18:01:11+00:00,,,51.501819,-2.605469,Male,10-17,Other ethnic group - Not stated,Mixed,Police and Criminal Evidence Act 1984 (section 1),Stolen goods,,,False
Person search,2024-05-04T18:01:11+00:00,,,51.498152,-2.617218,Male,10-17,White - English/Welsh/Scottish/Northern Irish/British,White,Police and Criminal Evidence Act 1984 (section 1),Stolen goods,,,False
Person search,2024-05-04T18:01:11+00:00,,,51.501819,-2.605469,Male,10-17,White - English/Welsh/Scottish/Northern Irish/British,White,Police and Criminal Evidence Act 1984 (section 1),Stolen goods,,,False
Person search,2024-05-04T18:01:11+00:00,,,51.496502,-2.612889,Male,10-17,White - English/Welsh/Scottish/Northern Irish/British,White,Police and Criminal Evidence Act 1984 (section 1),Stolen goods,,,False
Person search,2024-05-04T19:47:06+00:00,,,51.380991,-2.396946,Male,10-17,White - English/Welsh/Scottish/Northern Irish/British,White,Police and Criminal Evidence Act 1984 (section 1),Article for use in theft,,,False
Person search,2024-05-04T19:47:06+00:00,,,51.380991,-2.396946,Male,10-17,White - English/Welsh/Scottish/Northern Irish/British,White,Police and Criminal Evidence Act 1984 (section 1),Article for use in theft,,,False
Person search,2024-05-04T20:37:16+00:00,,,51.468369,-2.490200,Male,10-17,White - English/Welsh/Scottish/Northern Irish/British,White,Misuse of Drugs Act 1971 (section 23),Controlled drugs,,,False
Person search,2024-05-04T23:48:47+00:00,,,51.467549,-2.495014,,over 34,White - English/Welsh/Scottish/Northern Irish/British,White,Misuse of Drugs Act 1971 (section 23),Controlled drugs,,,False
Person search,2024-05-05T02:12:39+00:00,,,51.447676,-2.608062,Male,,Mixed/Multiple ethnic groups - White and Black Caribbean,Mixed,Police and Criminal Evidence Act 1984 (section 1),Articles for use in criminal damage,,,False
Person and Vehicle search,2024-05-05T03:21:11+00:00,,,50.998937,-2.581968,Male,,Other ethnic group - Not stated,Mixed,Police and Criminal Evidence Act 1984 (section 1),Article for use in theft,,,False
Person and Vehicle search,2024-05-05T03:21:11+00:00,,,50.998937,-2.581968,Male,over 34,Other ethnic group - Not stated,Mixed,Police and Criminal Evidence Act 1984 (section 1),Article for use in theft,,,False
Person and Vehicle search,2024-05-05T03:21:11+00:00,,,50.998937,-2.581968,Male,over 34,Other ethnic group - Not stated,Mixed,Police and Criminal Evidence Act 1984 (section 1),Article for use in theft,,,False
Person search,2024-05-05T04:51:11+00:00,,,51.402756,-2.622963,Male,25-34,White - English/Welsh/Scottish/Northern Irish/British,White,Misuse of Drugs Act 1971 (section 23),Controlled drugs,,,False
Person search,2024-05-05T04:51:11+00:00,,,51.402756,-2.622963,Male,over 34,Asian/Asian British - Bangladeshi,Asian,Misuse of Drugs Act 1971 (section 23),Controlled drugs,,,False
Person search,2024-05-05T09:27:11+00:00,,,51.464894,-2.588900,Male,25-34,White - Any other White background,White,Police and Criminal Evidence Act 1984 (section 1),,,,False
Person search,2024-05-05T12:37:31+00:00,,,51.127391,-3.035582,Male,25-34,Other ethnic group - Not stated,White,Police and Criminal Evidence Act 1984 (section 1),Stolen goods,,False,False
Person search,2024-05-05T23:15:51+00:00,,,51.456619,-2.593011,Male,18-24,Black/African/Caribbean/Black British - Any other Black/African/Caribbean background,Black,Misuse of Drugs Act 1971 (section 23),Controlled drugs,Arrest,True,True
Vehicle search,2024-05-06T00:00:00+00:00,,,51.502616,-2.582918,,,,,Misuse of Drugs Act 1971 (section 23),Controlled drugs,,True,
Person and Vehicle search,2024-05-06T00:26:06+00:00,,,,,Male,25-34,White - English/Welsh/Scottish/Northern Irish/British,White,,,,,
Person search,2024-05-06T05:59:56+00:00,,,51.425875,-2.584299,Male,over 34,White - English/Welsh/Scottish/Northern Irish/British,White,Police and Criminal Evidence Act 1984 (section 1),Articles for use in criminal damage,,,False
Person search,2024-05-06T13:59:27+00:00,,,,,Male,25-34,White - English/Welsh/Scottish/Northern Irish/British,White,Misuse of Drugs Act 1971 (section 23),Controlled drugs,Community resolution,True,False
Person search,2024-05-06T14:17:06+00:00,,,,,Male,over 34,White - English/Welsh/Scottish/Northern Irish/British,White,Misuse of Drugs Act 1971 (section 23),Controlled drugs,,,False
Person and Vehicle search,2024-05-06T15:30:37+00:00,,,51.528918,-2.600495,Male,over 34,White - English/Welsh/Scottish/Northern Irish/British,White,Police and Criminal Evidence Act 1984 (section 1),Stolen goods,A no further action disposal,True,False
Person search,2024-05-06T16:29:58+00:00,,,51.407281,-2.591193,Male,over 34,Other ethnic group - Not stated,White,Misuse of Drugs Act 1971 (section 23),Controlled drugs,,,False
Person and Vehicle search,2024-05-06T16:52:56+00:00,,,51.477983,-2.523076,Male,18-24,Other ethnic group - Not stated,White,Misuse of Drugs Act 1971 (section 23),Controlled drugs,,,False
Person and Vehicle search,2024-05-06T16:52:56+00:00,,,51.477983,-2.523076,Male,10-17,Other ethnic group - Not stated,Black,Misuse of Drugs Act 1971 (section 23),Controlled drugs,,,False
Person search,2024-05-06T18:23:46+00:00,,,51.533547,-2.551278,Male,18-24,White - English/Welsh/Scottish/Northern Irish/British,White,Police and Criminal Evidence Act 1984 (section 1),Stolen goods,,,False
Person search,2024-05-06T18:39:21+00:00,,,,,Male,25-34,,,,,,,
Person search,2024-05-06T18:39:21+00:00,,,,,Male,over 34,,,,,,,
Person search,2024-05-06T18:50:46+00:00,,,,,Male,25-34,,,,,,,
Person search,2024-05-06T18:50:46+00:00,,,,,Male,over 34,,,,,,,
Vehicle search,2024-05-07T00:00:00+00:00,,,,,,,,,,,,,
Person search,2024-05-07T02:20:01+00:00,,,,,Male,18-24,,,Police and Criminal Evidence Act 1984 (section 1),,,,False
Person search,2024-05-07T02:30:56+00:00,,,51.497274,-2.570317,Female,over 34,White - English/Welsh/Scottish/Northern Irish/British,White,Police and Criminal Evidence Act 1984 (section 1),Stolen goods,,,False
Person search,2024-05-07T02:30:56+00:00,,,51.497274,-2.570317,Male,over 34,White - English/Welsh/Scottish/Northern Irish/British,White,Police and Criminal Evidence Act 1984 (section 1),Stolen goods,,,False
Person search,2024-05-07T11:30:06+00:00,,,51.130415,-2.734819,Male,over 34,White - English/Welsh/Scottish/Northern Irish/British,White,Misuse of Drugs Act 1971 (section 23),Controlled drugs,A no further action disposal,True,False
Person search,2024-05-07T12:46:00+00:00,,,,,Male,10-17,White - English/Welsh/Scottish/Northern Irish/British,White,Police and Criminal Evidence Act 1984 (section 1),Offensive weapons,,,False
Person search,2024-05-07T14:40:31+00:00,,,,,Male,10-17,Black/African/Caribbean/Black British - Any other Black/African/Caribbean background,Black,Misuse of Drugs Act 1971 (section 23),Controlled drugs,Arrest,,False
Person search,2024-05-07T16:54:26+00:00,,,51.347233,-2.975759,Male,10-17,White - English/Welsh/Scottish/Northern Irish/British,White,Firearms Act 1968 (section 47),Firearms,,False,False
Person search,2024-05-07T18:06:21+00:00,,,51.321809,-2.954468,Male,over 34,Other ethnic group - Any other ethnic group,Other,Misuse of Drugs Act 1971 (section 23),Controlled drugs,Arrest,True,False
Person and Vehicle search,2024-05-07T19:35:52+00:00,,,51.478671,-2.530083,Male,18-24,Other ethnic group - Not stated,Other,Misuse of Drugs Act 1971 (section 23),Controlled drugs,,,True
Person and Vehicle search,2024-05-07T19:35:52+00:00,,,51.478671,-2.530083,Male,18-24,Other ethnic group - Not stated,Other,Misuse of Drugs Act 1971 (section 23),Controlled drugs,,,True
Person and Vehicle search,2024-05-07T19:35:52+00:00,,,,,Male,18-24,,Other,Misuse of Drugs Act 1971 (section 23),Controlled drugs,,,True
Person and Vehicle search,2024-05-07T19:35:52+00:00,,,51.480014,-2.521213,Male,18-24,,Other,Misuse of Drugs Act 1971 (section 23),Controlled drugs,,,True
Person search,2024-05-07T19:57:11+00:00,,,,,Male,25-34,Other ethnic group - Not stated,White,Police and Criminal Evidence Act 1984 (section 1),Offensive weapons,,,False
Person search,2024-05-07T21:30:00+00:00,,,51.127368,-3.008372,Female,over 34,,White,Police and Criminal Evidence Act 1984 (section 1),Stolen goods,,,False
Person search,2024-05-07T22:41:26+00:00,,,51.467844,-2.579595,Male,over 34,White - English/Welsh/Scottish/Northern Irish/British,White,Police and Criminal Evidence Act 1984 (section 1),Offensive weapons,Arrest,True,False
Vehicle search,2024-05-08T00:00:00+00:00,,,,,,,,,,,,,
Person search,2024-05-08T01:43:41+00:00,,,51.452961,-2.596173,Female,18-24,Other ethnic group - Not stated,Asian,Police and Criminal Evidence Act 1984 (section 1),Offensive weapons,Arrest,True,False
Person search,2024-05-08T04:53:51+00:00,,,51.439197,-2.551623,Male,over 34,White - English/Welsh/Scottish/Northern Irish/British,White,Police and Criminal Evidence Act 1984 (section 1),Article for use in theft,A no further action disposal,True,False
Person search,2024-05-08T04:53:51+00:00,,,51.493071,-2.686866,Female,25-34,White - English/Welsh/Scottish/Northern Irish/British,White,Police and Criminal Evidence Act 1984 (section 1),Article for use in theft,A no further action disposal,True,False
Person search,2024-05-08T11:15:56+00:00,,,,,Male,25-34,White - Any other White background,White,Police and Criminal Evidence Act 1984 (section 1),Stolen goods,A no further action disposal,True,False
Person search,2024-05-08T15:55:15+00:00,,,51.447724,-2.589874,Male,,Other ethnic group - Not stated,White,Police and Criminal Evidence Act 1984 (section 1),Article for use in theft,,,False
Person and Vehicle search,2024-05-08T17:33:36+00:00,,,,,Male,18-24,,Other,Misuse of Drugs Act 1971 (section 23),Controlled drugs,,,False
Person and Vehicle search,2024-05-08T17:55:11+00:00,,,51.441299,-2.522657,Male,over 34,Asian/Asian British - Pakistani,Asian,Misuse of Drugs Act 1971 (section 23),Controlled drugs,,,False
Person search,2024-05-08T17:57:06+00:00,,,51.463624,-2.504372,Male,over 34,White - English/Welsh/Scottish/Northern Irish/British,White,Misuse of Drugs Act 1971 (section 23),Controlled drugs,,,False
Person search,2024-05-08T18:29:41+00:00,,,,,Male,10-17,White - English/Welsh/Scottish/Northern Irish/British,White,Police and Criminal Evidence Act 1984 (section 1),Offensive weapons,,,False
Person search,2024-05-08T18:29:41+00:00,,,,,Male,10-17,White - English/Welsh/Scottish/Northern Irish/British,White,Police and Criminal Evidence Act 1984 (section 1),,,,False
Person and Vehicle search,2024-05-08T21:40:21+00:00,,,51.227550,-2.312276,Male,over 34,White - English/Welsh/Scottish/Northern Irish/British,White,Misuse of Drugs Act 1971 (section 23),Controlled drugs,Arrest,True,False
Person search,2024-05-08T22:22:16+00:00,,,51.019719,-3.106877,Male,over 34,Other ethnic group - Not stated,White,Police and Criminal Evidence Act 1984 (section 1),Offensive weapons,,,False
Person search,2024-05-08T23:03:12+00:00,,,51.480435,-2.509295,Male,over 34,White - English/Welsh/Scottish/Northern Irish/British,White,Police and Criminal Evidence Act 1984 (section 1),Offensive weapons,Arrest,True,False
Person and Vehicle search,2024-05-09T00:03:33+00:00,,,51.403605,-2.514680,Male,18-24,White - English/Welsh/Scottish/Northern Irish/British,White,Misuse of Drugs Act 1971 (section 23),Controlled drugs,,,False
Person and Vehicle search,2024-05-09T00:03:33+00:00,,,51.403605,-2.514680,Male,18-24,Other ethnic group - Not stated,White,Misuse of Drugs Act 1971 (section 23),Controlled drugs,,False,False
Person search,2024-05-09T01:07:46+00:00,,,51.211875,-2.630003,Male,over 34,White - English/Welsh/Scottish/Northern Irish/British,White,Police and Criminal Evidence Act 1984 (section 1),Offensive weapons,Community resolution,True,False
Person search,2024-05-09T02:11:36+00:00,,,51.462570,-2.507344,Male,over 34,White - English/Welsh/Scottish/Northern Irish/British,White,Police and Criminal Evidence Act 1984 (section 1),Articles for use in criminal damage,,,False
Person search,2024-05-09T10:18:37+00:00,,,51.128286,-2.730184,Male,over 34,White - English/Welsh/Scottish/Northern Irish/British,White,Police and Criminal Evidence Act 1984 (section 1),Offensive weapons,,False,False
Person and Vehicle search,2024-05-09T10:55:01+00:00,,,51.114463,-3.010663,Male,25-34,White - English/Welsh/Scottish/Northern Irish/British,White,Misuse of Drugs Act 1971 (section 23),Controlled drugs,,,False
Person and Vehicle search,2024-05-09T10:55:01+00:00,,,51.114463,-3.010663,Male,over 34,White - English/Welsh/Scottish/Northern Irish/British,White,Misuse of Drugs Act 1971 (section 23),Controlled drugs,,,False
Person search,2024-05-09T16:15:36+00:00,,,51.125328,-2.745755,Male,18-24,Black/African/Caribbean/Black British - Any other Black/African/Caribbean background,Black,Misuse of Drugs Act 1971 (section 23),Controlled drugs,A no further action disposal,True,True
Person search,2024-05-09T16:15:36+00:00,,,51.125328,-2.745755,Male,18-24,White - English/Welsh/Scottish/Northern Irish/British,White,Misuse of Drugs Act 1971 (section 23),Controlled drugs,A no further action disposal,True,False
Person search,2024-05-09T17:03:11+00:00,,,51.472734,-2.536550,Male,over 34,White - English/Welsh/Scottish/Northern Irish/British,White,Misuse of Drugs Act 1971 (section 23),Controlled drugs,A no further action disposal,True,False
Person search,2024-05-09T19:36:36+00:00,,,,,Female,18-24,,White,Misuse of Drugs Act 1971 (section 23),Controlled drugs,,,False
Person search,2024-05-09T20:11:46+00:00,,,51.462599,-2.508520,Male,10-17,Other ethnic group - Not stated,White,Police and Criminal Evidence Act 1984 (section 1),Articles for use in criminal damage,,,False
Person search,2024-05-09T20:11:46+00:00,,,51.462599,-2.508520,Female,10-17,White - English/Welsh/Scottish/Northern Irish/British,White,Police and Criminal Evidence Act 1984 (section 1),Articles for use in criminal damage,,,False
Person and Vehicle search,2024-05-09T20:15:01+00:00,,,51.416822,-2.519070,Male,25-34,Mixed/Multiple ethnic groups - Any other Mixed/Multiple ethnic background,White,Misuse of Drugs Act 1971 (section 23),Controlled drugs,,False,False
Person search,2024-05-09T21:04:21+00:00,,,51.013425,-3.101067,Male,10-17,White - English/Welsh/Scottish/Northern Irish/British,White,Police and Criminal Evidence Act 1984 (section 1),Article for use in theft,,,False
Person search,2024-05-09T21:04:21+00:00,,,51.013425,-3.101067,Male,10-17,White - English/Welsh/Scottish/Northern Irish/British,White,Police and Criminal Evidence Act 1984 (section 1),Article for use in theft,,,False
Person search,2024-05-09T21:04:21+00:00,,,51.013425,-3.101067,Male,10-17,White - English/Welsh/Scottish/Northern Irish/British,White,Police and Criminal Evidence Act 1984 (section 1),Article for use in theft,,,False
Person search,2024-05-09T21:04:21+00:00,,,51.013425,-3.101067,Male,10-17,White - English/Welsh/Scottish/Northern Irish/British,White,Police and Criminal Evidence Act 1984 (section 1),Article for use in theft,,,False
Person and Vehicle search,2024-05-09T21:09:36+00:00,,,51.458039,-2.576794,Male,over 34,White - English/Welsh/Scottish/Northern Irish/British,White,Police and Criminal Evidence Act 1984 (section 1),Stolen goods,Community resolution,True,False
Person and Vehicle search,2024-05-09T21:09:36+00:00,,,51.458039,-2.576794,Female,25-34,White - English/Welsh/Scottish/Northern Irish/British,White,Police and Criminal Evidence Act 1984 (section 1),Stolen goods,Community resolution,True,False
Person search,2024-05-09T21:30:36+00:00,,,51.456849,-2.507550,Male,over 34,White - English/Welsh/Scottish/Northern Irish/British,White,Misuse of Drugs Act 1971 (section 23),Controlled drugs,,,False
Person search,2024-05-09T23:09:38+00:00,,,51.463611,-2.569983,Male,10-17,Other ethnic group - Not stated,Black,Police and Criminal Evidence Act 1984 (section 1),Offensive weapons,,,False
Person search,2024-05-09T23:09:38+00:00,,,51.463611,-2.569983,Male,10-17,Other ethnic group - Not stated,Black,Police and Criminal Evidence Act 1984 (section 1),Offensive weapons,,,False
Vehicle search,2024-05-10T00:00:00+00:00,,,51.468156,-2.554190,,,,,Police and Criminal Evidence Act 1984 (section 1),Controlled drugs,A no further action disposal,,
Vehicle search,2024-05-10T00:00:00+00:00,,,51.132113,-2.997257,,,,,Misuse of Drugs Act 1971 (section 23),Controlled drugs,A no further action disposal,,
Person and Vehicle search,2024-05-10T00:24:51+00:00,,,51.475749,-2.795573,Male,18-24,Black/African/Caribbean/Black British - Caribbean,Black,Misuse of Drugs Act 1971 (section 23),Controlled drugs,,False,False
Person search,2024-05-10T14:34:45+00:00,,,51.020311,-3.072288,Male,10-17,Other ethnic group - Not stated,White,Misuse of Drugs Act 1971 (section 23),Controlled drugs,,,False
Person search,2024-05-10T16:47:56+00:00,,,,,,,Asian/Asian British - Any other Asian background,Asian,Misuse of Drugs Act 1971 (section 23),Controlled drugs,,,False
Person search,2024-05-10T20:01:41+00:00,,,51.408950,-2.609431,Male,10-17,White - English/Welsh/Scottish/Northern Irish/British,White,Police and Criminal Evidence Act 1984 (section 1),Article for use in theft,,,False
Person and Vehicle search,2024-05-10T21:37:41+00:00,,,51.499090,-2.695326,Male,25-34,White - English/Welsh/Scottish/Northern Irish/British,White,Misuse of Drugs Act 1971 (section 23),Controlled drugs,A no further action disposal,True,False
Person and Vehicle search,2024-05-10T21:37:41+00:00,,,51.499090,-2.695326,Male,over 34,White - English/Welsh/Scottish/Northern Irish/British,White,Misuse of Drugs Act 1971 (section 23),Controlled drugs,A no further action disposal,True,False
Vehicle search,2024-05-11T00:00:00+00:00,,,51.127530,-3.002131,,,,,Police and Criminal Evidence Act 1984 (section 1),Offensive weapons,A no further action disposal,,
Vehicle search,2024-05-11T00:00:00+00:00,,,51.131480,-2.994427,,,,,Misuse of Drugs Act 1971 (section 23),Controlled drugs,A no further action disposal,,
Vehicle search,2024-05-11T00:00:00+00:00,,,51.509492,-2.621968,,,,,Police and Criminal Evidence Act 1984 (section 1),Stolen goods,,True,
Person search,2024-05-11T00:47:16+00:00,,,51.459271,-2.550570,Male,25-34,Black/African/Caribbean/Black British - African,Black,Misuse of Drugs Act 1971 (section 23),Controlled drugs,,,True
Person search,2024-05-11T00:47:16+00:00,,,51.459271,-2.550570,Male,25-34,Black/African/Caribbean/Black British - African,Black,Misuse of Drugs Act 1971 (section 23),Controlled drugs,,,True
Person search,2024-05-11T01:17:57+00:00,,,51.345626,-2.960275,Male,over 34,Other ethnic group - Not stated,Asian,Police and Criminal Evidence Act 1984 (section 1),Stolen goods,,,False
Person and Vehicle search,2024-05-11T03:44:26+00:00,,,51.430173,-2.582426,Male,18-24,Black/African/Caribbean/Black British - African,Black,Misuse of Drugs Act 1971 (section 23),Controlled drugs,,,False
Person search,2024-05-11T04:40:26+00:00,,,,,Female,25-34,White - English/Welsh/Scottish/Northern Irish/British,White,Misuse of Drugs Act 1971 (section 23),Controlled drugs,A no further action disposal,True,False
Person search,2024-05-11T11:05:00+00:00,,,,,Male,over 34,White - English/Welsh/Scottish/Northern Irish/British,White,Police and Criminal Evidence Act 1984 (section 1),Article for use in theft,A no further action disposal,True,False
Person search,2024-05-11T16:51:16+00:00,,,,,Male,10-17,Other ethnic group - Not stated,White,Police and Criminal Evidence Act 1984 (section 1),Offensive weapons,,,False
Person search,2024-05-11T17:20:25+00:00,,,51.380991,-2.363740,Female,10-17,,White,Police and Criminal Evidence Act 1984 (section 1),Offensive weapons,,,False
Person search,2024-05-11T18:36:22+00:00,,,51.485307,-2.768580,Male,over 34,White - English/Welsh/Scottish/Northern Irish/British,White,Police and Criminal Evidence Act 1984 (section 1),Offensive weapons,,,False
Person search,2024-05-11T20:26:01+00:00,,,51.406099,-2.614856,Male,18-24,White - English/Welsh/Scottish/Northern Irish/British,White,Misuse of Drugs Act 1971 (section 23),Controlled drugs,Arrest,True,False
Person search,2024-05-11T22:14:41+00:00,,,51.485385,-2.520526,Male,10-17,Black/African/Caribbean/Black British - African,Black,Police and Criminal Evidence Act 1984 (section 1),Offensive weapons,,,False
Person search,2024-05-11T22:14:41+00:00,,,,,Male,10-17,Other ethnic group - Not stated,Black,Police and Criminal Evidence Act 1984 (section 1),Offensive weapons,,,False
Person search,2024-05-12T00:05:31+00:00,,,51.484887,-2.580603,Male,over 34,Other ethnic group - Any other ethnic group,,Misuse of Drugs Act 1971 (section 23),Controlled drugs,Arrest,True,False
Person search,2024-05-12T01:41:46+00:00,,,51.449782,-2.614450,Male,over 34,Black/African/Caribbean/Black British - Caribbean,Black,Misuse of Drugs Act 1971 (section 23),Controlled drugs,Arrest,True,False
Person and Vehicle search,2024-05-12T01:44:41+00:00,,,51.345626,-2.960275,Male,18-24,White - English/Welsh/Scottish/Northern Irish/British,White,Misuse of Drugs Act 1971 (section 23),Controlled drugs,,False,False
Person search,2024-05-12T02:23:46+00:00,,,51.437406,-2.587122,Male,10-17,White - English/Welsh/Scottish/Northern Irish/British,White,Police and Criminal Evidence Act 1984 (section 1),Article for use in theft,,,False
Person search,2024-05-12T02:23:46+00:00,,,,,Male,10-17,White - English/Welsh/Scottish/Northern Irish/British,White,Police and Criminal Evidence Act 1984 (section 1),Article for use in theft,,,False
Person search,2024-05-12T02:23:46+00:00,,,,,Male,10-17,Mixed/Multiple ethnic groups - Any other Mixed/Multiple ethnic background,Mixed,Police and Criminal Evidence Act 1984 (section 1),Stolen goods,,,False
Person search,2024-05-12T03:19:31+00:00,,,51.449310,-2.576453,Male,10-17,,,Police and Criminal Evidence Act 1984 (section 1),Articles for use in criminal damage,Arrest,True,False
Person search,2024-05-12T03:19:31+00:00,,,51.449310,-2.576453,Male,10-17,,,Police and Criminal Evidence Act 1984 (section 1),Articles for use in criminal damage,Arrest,True,False
Person search,2024-05-12T04:45:45+00:00,,,51.449782,-2.614450,Male,over 34,Black/African/Caribbean/Black British - Caribbean,Black,Misuse of Drugs Act 1971 (section 23),Controlled drugs,Arrest,True,False
Person search,2024-05-12T05:35:11+00:00,,,51.460967,-2.590217,Male,over 34,White - English/Welsh/Scottish/Northern Irish/British,White,Police and Criminal Evidence Act 1984 (section 1),Offensive weapons,,False,False
Person and Vehicle search,2024-05-12T05:40:16+00:00,,,51.466546,-2.580284,Male,18-24,Other ethnic group - Not stated,Black,Misuse of Drugs Act 1971 (section 23),Controlled drugs,Arrest,True,True
Person search,2024-05-12T06:24:06+00:00,,,51.460967,-2.590217,Female,over 34,White - English/Welsh/Scottish/Northern Irish/British,White,Misuse of Drugs Act 1971 (section 23),Controlled drugs,Community resolution,True,False
Person search,2024-05-12T10:28:41+00:00,,,51.016217,-3.088103,Female,over 34,White - English/Welsh/Scottish/Northern Irish/British,White,Police and Criminal Evidence Act 1984 (section 1),Offensive weapons,Community resolution,True,False
Person search,2024-05-12T14:47:11+00:00,,,50.980602,-3.242660,Male,25-34,White - English/Welsh/Scottish/Northern Irish/British,White,Police and Criminal Evidence Act 1984 (section 1),Offensive weapons,,False,False
Person search,2024-05-12T14:50:07+00:00,,,51.021747,-3.106340,Male,18-24,Black/African/Caribbean/Black British - Caribbean,Black,Police and Criminal Evidence Act 1984 (section 1),Offensive weapons,,,False
Person search,2024-05-12T17:10:16+00:00,,,50.948387,-2.647529,Male,18-24,Other ethnic group - Not stated,Black,Misuse of Drugs Act 1971 (section 23),Controlled drugs,Arrest,True,False
Person search,2024-05-12T18:10:37+00:00,,,51.124828,-2.999515,Male,over 34,White - English/Welsh/Scottish/Northern Irish/British,White,Police and Criminal Evidence Act 1984 (section 1),Evidence of offences under the Act,,,False
Person search,2024-05-12T19:33:26+00:00,,,51.459290,-2.576637,Male,18-24,Other ethnic group - Not stated,Black,Police and Criminal Evidence Act 1984 (section 1),Offensive weapons,,,False
Person search,2024-05-12T20:00:22+00:00,,,,,Male,over 34,White - English/Welsh/Scottish/Northern Irish/British,White,Misuse of Drugs Act 1971 (section 23),Controlled drugs,Khat or Cannabis warning,True,False
Person and Vehicle search,2024-05-12T22:59:56+00:00,,,51.473201,-2.552177,,18-24,Other ethnic group - Any other ethnic group,Asian,Police and Criminal Evidence Act 1984 (section 1),Offensive weapons,,,False
Person and Vehicle search,2024-05-12T22:59:56+00:00,,,,,,18-24,,,,,,,
Person search,2024-05-13T00:07:26+00:00,,,51.453760,-2.617325,Male,over 34,Other ethnic group - Not stated,White,Police and Criminal Evidence Act 1984 (section 1),Stolen goods,,,False
Person search,2024-05-13T00:40:01+00:00,,,51.464084,-2.590833,Male,25-34,White - Any other White background,White,Misuse of Drugs Act 1971 (section 23),Controlled drugs,Arrest,True,False
Person search,2024-05-13T00:42:36+00:00,,,51.413993,-2.625215,Male,10-17,Other ethnic group - Not stated,Black,Police and Criminal Evidence Act 1984 (section 1),Article for use in theft,,,False
Person search,2024-05-13T00:42:36+00:00,,,51.413993,-2.625215,Male,10-17,Other ethnic group - Not stated,Black,Police and Criminal Evidence Act 1984 (section 1),Offensive weapons,,,False
Person search,2024-05-13T02:50:31+00:00,,,51.017373,-3.102886,Male,18-24,White - English/Welsh/Scottish/Northern Irish/British,White,Police and Criminal Evidence Act 1984 (section 1),,,,False
Person search,2024-05-13T02:50:31+00:00,,,51.017373,-3.102886,Male,18-24,White - English/Welsh/Scottish/Northern Irish/British,White,Police and Criminal Evidence Act 1984 (section 1),,,,False
Person and Vehicle search,2024-05-13T05:32:06+00:00,,,51.464933,-2.577356,Male,18-24,Black/African/Caribbean/Black British - African,Black,Misuse of Drugs Act 1971 (section 23),Controlled drugs,,,False
Person search,2024-05-13T09:54:36+00:00,,,51.230977,-2.321923,Male,over 34,White - English/Welsh/Scottish/Northern Irish/British,White,Misuse of Drugs Act 1971 (section 23),Controlled drugs,,,False
Person search,2024-05-13T15:19:56+00:00,,,51.460748,-2.508442,Male,10-17,White - English/Welsh/Scottish/Northern Irish/British,White,Police and Criminal Evidence Act 1984 (section 1),Articles for use in criminal damage,,False,False
Person search,2024-05-13T15:19:56+00:00,,,51.460748,-2.508442,Male,25-34,White - English/Welsh/Scottish/Northern Irish/British,White,Police and Criminal Evidence Act 1984 (section 1),Articles for use in criminal damage,,,False
Person search,2024-05-13T15:27:56+00:00,,,51.453049,-2.598261,Male,over 34,Black/African/Caribbean/Black British - African,Black,Police and Criminal Evidence Act 1984 (section 1),Stolen goods,A no further action disposal,True,False
Person search,2024-05-13T19:13:19+00:00,,,51.346475,-2.977222,Male,25-34,Other ethnic group - Not stated,White,Misuse of Drugs Act 1971 (section 23),Controlled drugs,Summons / charged by post,True,False
Person search,2024-05-13T20:44:12+00:00,,,51.453357,-2.597833,Male,over 34,Other ethnic group - Not stated,Mixed,Police and Criminal Evidence Act 1984 (section 1),Offensive weapons,,,False
Person and Vehicle search,2024-05-13T21:54:11+00:00,,,51.481058,-2.529016,Male,,Mixed/Multiple ethnic groups - Any other Mixed/Multiple ethnic background,White,Misuse of Drugs Act 1971 (section 23),Controlled drugs,,,False
Person and Vehicle search,2024-05-13T21:54:11+00:00,,,51.481058,-2.529016,Male,18-24,White - Any other White background,White,Misuse of Drugs Act 1971 (section 23),Controlled drugs,,,False
Person search,2024-05-14T02:39:46+00:00,,,51.464894,-2.588900,Male,18-24,Black/African/Caribbean/Black British - Any other Black/African/Caribbean background,Black,Police and Criminal Evidence Act 1984 (section 1),Articles for use in criminal damage,Arrest,False,False
Person search,2024-05-14T05:05:41+00:00,,,51.492866,-2.581785,Male,over 34,Asian/Asian British - Bangladeshi,Asian,Misuse of Drugs Act 1971 (section 23),Controlled drugs,,,False
Person search,2024-05-14T05:05:41+00:00,,,51.492866,-2.581785,Male,over 34,White - English/Welsh/Scottish/Northern Irish/British,White,Misuse of Drugs Act 1971 (section 23),Controlled drugs,,,True
Person search,2024-05-14T05:05:41+00:00,,,51.492866,-2.581785,Female,over 34,White - English/Welsh/Scottish/Northern Irish/British,White,Misuse of Drugs Act 1971 (section 23),,,,True
Person search,2024-05-14T12:20:46+00:00,,,51.382694,-2.365406,Female,25-34,White - Any other White background,White,Misuse of Drugs Act 1971 (section 23),Controlled drugs,,,False
Person and Vehicle search,2024-05-14T12:52:36+00:00,,,51.461404,-2.592713,Male,25-34,White - English/Welsh/Scottish/Northern Irish/British,White,Misuse of Drugs Act 1971 (section 23),Controlled drugs,,,False
Person and Vehicle search,2024-05-14T12:52:36+00:00,,,51.461023,-2.591542,Male,25-34,White - English/Welsh/Scottish/Northern Irish/British,White,Misuse of Drugs Act 1971 (section 23),Controlled drugs,,,False
Person and Vehicle search,2024-05-14T12:52:36+00:00,,,51.461023,-2.591542,Male,over 34,White - English/Welsh/Scottish/Northern Irish/British,White,Misuse of Drugs Act 1971 (section 23),Controlled drugs,,,False
Person search,2024-05-14T13:52:10+00:00,,,51.523073,-2.507205,Male,10-17,Asian/Asian British - Any other Asian background,Asian,Misuse of Drugs Act 1971 (section 23),Controlled drugs,,,False
Person and Vehicle search,2024-05-14T15:20:02+00:00,,,,,Male,over 34,White - English/Welsh/Scottish/Northern Irish/British,White,Misuse of Drugs Act 1971 (section 23),Controlled drugs,A no further action disposal,True,False
Person search,2024-05-14T17:57:10+00:00,,,51.414331,-2.585906,Female,10-17,White - English/Welsh/Scottish/Northern Irish/British,White,Firearms Act 1968 (section 47),Firearms,Arrest,True,False
Person search,2024-05-14T18:13:31+00:00,,,51.488243,-2.583843,Male,over 34,Black/African/Caribbean/Black British - Any other Black/African/Caribbean background,White,Police and Criminal Evidence Act 1984 (section 1),Stolen goods,Community resolution,True,False
Person search,2024-05-14T18:20:08+00:00,,,,,Male,over 34,Asian/Asian British - Any other Asian background,Asian,Misuse of Drugs Act 1971 (section 23),Controlled drugs,Arrest,True,False
Person search,2024-05-14T18:46:07+00:00,,,51.494551,-2.564434,Male,,Other ethnic group - Not stated,Mixed,Misuse of Drugs Act 1971 (section 23),Controlled drugs,,,False
Person search,2024-05-14T18:49:50+00:00,,,,,Male,over 34,White - English/Welsh/Scottish/Northern Irish/British,White,,,,,
Person search,2024-05-14T18:52:37+00:00,,,51.489826,-2.574588,Male,over 34,White - English/Welsh/Scottish/Northern Irish/British,White,Misuse of Drugs Act 1971 (section 23),Controlled drugs,,,False
Person search,2024-05-14T18:52:37+00:00,,,51.489826,-2.574588,Male,over 34,White - English/Welsh/Scottish/Northern Irish/British,White,Misuse of Drugs Act 1971 (section 23),Controlled drugs,Community resolution,True,False
Person search,2024-05-14T21:25:08+00:00,,,50.941605,-2.634739,Male,over 34,Black/African/Caribbean/Black British - African,Black,Misuse of Drugs Act 1971 (section 23),Controlled drugs,Khat or Cannabis warning,True,False
Person search,2024-05-14T22:37:11+00:00,,,,,Male,18-24,Other ethnic group - Not stated,,Police and Criminal Evidence Act 1984 (section 1),Articles for use in criminal damage,,,False
Person search,2024-05-14T22:37:11+00:00,,,,,Male,18-24,White - English/Welsh/Scottish/Northern Irish/British,White,Police and Criminal Evidence Act 1984 (section 1),Offensive weapons,,,False
Person search,2024-05-14T22:55:51+00:00,,,51.452961,-2.596173,Female,25-34,White - English/Welsh/Scottish/Northern Irish/British,White,Police and Criminal Evidence Act 1984 (section 1),Offensive weapons,,False,False
Person search,2024-05-14T23:49:56+00:00,,,51.459667,-2.591150,Male,18-24,White - English/Welsh/Scottish/Northern Irish/British,White,Police and Criminal Evidence Act 1984 (section 1),,Arrest,,False
Person search,2024-05-14T23:53:36+00:00,,,50.941482,-2.624276,Male,over 34,White - English/Welsh/Scottish/Northern Irish/British,White,Police and Criminal Evidence Act 1984 (section 1),Stolen goods,Arrest,True,False
Person search,2024-05-14T23:53:36+00:00,,,50.941482,-2.624276,Male,25-34,White - English/Welsh/Scottish/Northern Irish/British,White,Police and Criminal Evidence Act 1984 (section 1),Stolen goods,Summons / charged by post,True,False
Person and Vehicle search,2024-05-15T00:17:52+00:00,,,51.460967,-2.590217,Male,25-34,Other ethnic group - Not stated,White,Misuse of Drugs Act 1971 (section 23),Controlled drugs,,,False
Person search,2024-05-15T08:31:16+00:00,,,51.381292,-2.365107,Female,over 34,White - English/Welsh/Scottish/Northern Irish/British,White,Police and Criminal Evidence Act 1984 (section 1),Offensive weapons,,,False
Person search,2024-05-15T09:23:06+00:00,,,51.405546,-2.619047,Male,over 34,White - English/Welsh/Scottish/Northern Irish/British,White,Police and Criminal Evidence Act 1984 (section 1),Offensive weapons,,,False
Person search,2024-05-15T12:03:01+00:00,,,,,Male,10-17,,,,,,,
Person search,2024-05-15T12:12:06+00:00,,,51.387868,-2.346578,Male,over 34,White - English/Welsh/Scottish/Northern Irish/British,White,Police and Criminal Evidence Act 1984 (section 1),Stolen goods,,,False
Person search,2024-05-15T16:37:47+00:00,,,51.405546,-2.619047,Male,over 34,White - English/Welsh/Scottish/Northern Irish/British,White,Police and Criminal Evidence Act 1984 (section 1),Offensive weapons,,,False
Person search,2024-05-16T00:11:11+00:00,,,51.465896,-2.584407,Male,18-24,Asian/Asian British - Pakistani,Mixed,Misuse of Drugs Act 1971 (section 23),Controlled drugs,Arrest,True,False
Person search,2024-05-16T00:11:11+00:00,,,51.465896,-2.584407,Male,25-34,Asian/Asian British - Pakistani,Asian,Misuse of Drugs Act 1971 (section 23),Controlled drugs,Arrest,True,False
Person search,2024-05-16T00:11:11+00:00,,,51.465896,-2.584407,Male,25-34,Asian/Asian British - Pakistani,Asian,Misuse of Drugs Act 1971 (section 23),Controlled drugs,Arrest,True,False
Person search,2024-05-16T04:46:56+00:00,,,51.427647,-2.563998,Male,18-24,White - English/Welsh/Scottish/Northern Irish/British,White,Police and Criminal Evidence Act 1984 (section 1),Offensive weapons,Arrest,True,False
Person and Vehicle search,2024-05-16T13:15:00+00:00,,,51.128146,-3.001573,Male,25-34,White - Any other White background,White,Misuse of Drugs Act 1971 (section 23),Controlled drugs,,,False
Person and Vehicle search,2024-05-16T13:38:21+00:00,,,51.412074,-2.491970,Male,25-34,Other ethnic group - Not stated,White,Misuse of Drugs Act 1971 (section 23),Controlled drugs,,,False
Person and Vehicle search,2024-05-16T13:38:21+00:00,,,51.412074,-2.491970,Male,over 34,White - English/Welsh/Scottish/Northern Irish/British,White,Misuse of Drugs Act 1971 (section 23),Controlled drugs,,,False
Person search,2024-05-16T15:42:56+00:00,,,51.409227,-2.597616,Male,over 34,White - Any other White background,White,Police and Criminal Evidence Act 1984 (section 1),Articles for use in criminal damage,Arrest,True,False
Person search,2024-05-16T20:46:52+00:00,,,51.459290,-2.576637,Male,25-34,Mixed/Multiple ethnic groups - White and Black African,Black,Misuse of Drugs Act 1971 (section 23),Controlled drugs,,,False
Person and Vehicle search,2024-05-16T22:32:38+00:00,,,51.128840,-2.746312,Male,18-24,White - English/Welsh/Scottish/Northern Irish/British,White,Misuse of Drugs Act 1971 (section 23),Controlled drugs,Khat or Cannabis warning,True,False
Person and Vehicle search,2024-05-16T22:32:38+00:00,,,51.128840,-2.746312,,18-24,White - English/Welsh/Scottish/Northern Irish/British,White,Misuse of Drugs Act 1971 (section 23),Controlled drugs,A no further action disposal,True,False
Person search,2024-05-17T00:22:11+00:00,,,51.460809,-2.592979,Male,18-24,White - English/Welsh/Scottish/Northern Irish/British,White,Police and Criminal Evidence Act 1984 (section 1),Article for use in theft,,,False
Person search,2024-05-17T00:22:11+00:00,,,51.460809,-2.592979,Male,18-24,Mixed/Multiple ethnic groups - White and Black Caribbean,Mixed,Police and Criminal Evidence Act 1984 (section 1),Articles for use in criminal damage,,False,False
Person search,2024-05-17T02:58:41+00:00,,,51.460967,-2.590217,Male,over 34,White - English/Welsh/Scottish/Northern Irish/British,White,Police and Criminal Evidence Act 1984 (section 1),Offensive weapons,Arrest,True,False
Person search,2024-05-17T05:06:26+00:00,,,51.457626,-2.563820,Female,over 34,White - Any other White background,White,Police and Criminal Evidence Act 1984 (section 1),Article for use in theft,Arrest,True,False
Person search,2024-05-17T10:02:38+00:00,,,51.378898,-2.357229,Male,25-34,White - English/Welsh/Scottish/Northern Irish/British,White,Police and Criminal Evidence Act 1984 (section 1),Offensive weapons,,,False
Person search,2024-05-17T11:29:00+00:00,,,51.467765,-2.606025,Female,over 34,Asian/Asian British - Indian,White,Police and Criminal Evidence Act 1984 (section 1),Controlled drugs,,,False
Person search,2024-05-17T19:19:50+00:00,,,51.464291,-2.499801,Male,25-34,White - English/Welsh/Scottish/Northern Irish/British,White,Misuse of Drugs Act 1971 (section 23),Controlled drugs,A no further action disposal,True,False
Person search,2024-05-17T19:20:21+00:00,,,51.489826,-2.574588,Male,10-17,Other ethnic group - Not stated,Mixed,Police and Criminal Evidence Act 1984 (section 1),Articles for use in criminal damage,,,False
Person search,2024-05-17T20:03:01+00:00,,,51.435731,-2.591215,Male,25-34,White - Any other White background,White,Police and Criminal Evidence Act 1984 (section 1),,,,False
Person search,2024-05-17T23:13:21+00:00,,,51.450979,-2.598608,Male,,Black/African/Caribbean/Black British - Caribbean,Black,Police and Criminal Evidence Act 1984 (section 1),,,,False
Person search,2024-05-17T23:13:21+00:00,,,,,Male,over 34,Black/African/Caribbean/Black British - Caribbean,Black,,,,,
Person search,2024-05-17T23:46:11+00:00,,,51.356657,-2.913328,Male,over 34,White - English/Welsh/Scottish/Northern Irish/British,White,Police and Criminal Evidence Act 1984 (section 1),Offensive weapons,,,False
Person search,2024-05-17T23:50:56+00:00,,,50.873739,-2.959823,Male,10-17,Other ethnic group - Not stated,Mixed,Misuse of Drugs Act 1971 (section 23),Controlled drugs,,,False
Vehicle search,2024-05-18T00:00:00+00:00,,,51.332051,-2.547853,,,,,Police and Criminal Evidence Act 1984 (section 1),Offensive weapons,A no further action disposal,,
Person search,2024-05-18T00:58:39+00:00,,,51.449942,-2.601098,Male,over 34,White - Any other White background,White,Police and Criminal Evidence Act 1984 (section 1),,,,False
Person search,2024-05-18T01:12:01+00:00,,,51.126518,-3.001666,Male,18-24,White - English/Welsh/Scottish/Northern Irish/British,White,Police and Criminal Evidence Act 1984 (section 1),Offensive weapons,,,False
Person search,2024-05-18T01:13:11+00:00,,,51.453161,-2.600924,Male,over 34,Asian/Asian British - Indian,Mixed,Misuse of Drugs Act 1971 (section 23),Controlled drugs,Arrest,True,False
Person search,2024-05-18T01:37:21+00:00,,,51.537052,-2.398490,Male,25-34,Asian/Asian British - Any other Asian background,Asian,Misuse of Drugs Act 1971 (section 23),Controlled drugs,,,False
Person search,2024-05-18T02:31:46+00:00,,,51.462026,-2.534438,Male,18-24,Other ethnic group - Not stated,Black,Police and Criminal Evidence Act 1984 (section 1),Controlled drugs,Arrest,True,True
Person search,2024-05-18T09:45:08+00:00,,,51.346860,-2.966547,Male,25-34,,White,Police and Criminal Evidence Act 1984 (section 1),Offensive weapons,,,False
Person and Vehicle search,2024-05-18T11:20:01+00:00,,,51.353665,-2.908401,Male,over 34,White - English/Welsh/Scottish/Northern Irish/British,White,Police and Criminal Evidence Act 1984 (section 1),,Arrest,True,False
Person and Vehicle search,2024-05-18T11:20:01+00:00,,,51.353665,-2.908401,Male,over 34,White - English/Welsh/Scottish/Northern Irish/British,White,Police and Criminal Evidence Act 1984 (section 1),,Arrest,True,False
Person search,2024-05-18T14:55:39+00:00,,,,,Male,over 34,,,,,,,
Person search,2024-05-18T16:41:06+00:00,,,,,Male,over 34,Mixed/Multiple ethnic groups - White and Asian,Asian,Police and Criminal Evidence Act 1984 (section 1),Offensive weapons,A no further action disposal,True,False
Person search,2024-05-18T19:05:45+00:00,,,51.454647,-2.558790,Male,10-17,Mixed/Multiple ethnic groups - White and Asian,Mixed,Misuse of Drugs Act 1971 (section 23),Controlled drugs,A no further action disposal,True,False
Person and Vehicle search,2024-05-18T21:23:41+00:00,,,51.147874,-2.715095,Male,over 34,Black/African/Caribbean/Black British - Any other Black/African/Caribbean background,Mixed,Misuse of Drugs Act 1971 (section 23),Controlled drugs,Khat or Cannabis warning,True,False
Person search,2024-05-18T23:45:06+00:00,,,51.454647,-2.558790,,10-17,Black/African/Caribbean/Black British - Caribbean,Black,Misuse of Drugs Act 1971 (section 23),Controlled drugs,A no further action disposal,True,False
Vehicle search,2024-05-19T00:00:00+00:00,,,51.419168,-2.444964,,,,,Police and Criminal Evidence Act 1984 (section 1),Articles for use in criminal damage,A no further action disposal,True,
Person search,2024-05-19T00:33:46+00:00,,,51.450094,-2.599344,Male,,Other ethnic group - Not stated,Black,Misuse of Drugs Act 1971 (section 23),Controlled drugs,A no further action disposal,True,False
Person search,2024-05-19T00:49:21+00:00,,,51.444172,-2.593396,Male,,White - English/Welsh/Scottish/Northern Irish/British,White,Police and Criminal Evidence Act 1984 (section 1),Offensive weapons,,,False
Person search,2024-05-19T03:19:21+00:00,,,,,Male,10-17,White - English/Welsh/Scottish/Northern Irish/British,White,Misuse of Drugs Act 1971 (section 23),Article for use in theft,,,False
Person search,2024-05-19T03:19:21+00:00,,,,,Male,10-17,White - English/Welsh/Scottish/Northern Irish/British,White,Misuse of Drugs Act 1971 (section 23),Article for use in theft,,,False
Person search,2024-05-19T03:31:31+00:00,,,51.457976,-2.575123,Male,25-34,White - English/Welsh/Scottish/Northern Irish/British,White,Police and Criminal Evidence Act 1984 (section 1),Stolen goods,,,False
Person search,2024-05-19T03:50:47+00:00,,,,,Male,over 34,White - Any other White background,White,,,,,
Person search,2024-05-19T14:48:33+00:00,,,,,Male,18-24,Other ethnic group - Not stated,,Police and Criminal Evidence Act 1984 (section 1),Offensive weapons,,False,False
Person search,2024-05-19T14:48:33+00:00,,,,,Male,10-17,White - English/Welsh/Scottish/Northern Irish/British,White,Police and Criminal Evidence Act 1984 (section 1),Offensive weapons,,,False
Person search,2024-05-19T15:07:38+00:00,,,51.415331,-2.597955,Male,10-17,White - English/Welsh/Scottish/Northern Irish/British,White,Police and Criminal Evidence Act 1984 (section 1),Offensive weapons,,,False
Person search,2024-05-19T15:42:26+00:00,,,51.462630,-2.584927,Male,25-34,Other ethnic group - Not stated,Black,Misuse of Drugs Act 1971 (section 23),Controlled drugs,,,False
Person search,2024-05-19T18:11:13+00:00,,,51.461372,-2.591741,Male,over 34,White - English/Welsh/Scottish/Northern Irish/British,White,Police and Criminal Evidence Act 1984 (section 1),Stolen goods,Arrest,True,False
Person search,2024-05-19T19:36:51+00:00,,,51.458210,-2.587749,Male,over 34,White - English/Welsh/Scottish/Northern Irish/British,White,Police and Criminal Evidence Act 1984 (section 1),Stolen goods,,,False
Person search,2024-05-19T19:36:51+00:00,,,51.458210,-2.587749,Male,over 34,White - English/Welsh/Scottish/Northern Irish/British,White,Police and Criminal Evidence Act 1984 (section 1),Stolen goods,,,False
Person search,2024-05-19T19:36:51+00:00,,,51.458210,-2.587749,Female,25-34,White - English/Welsh/Scottish/Northern Irish/British,White,Police and Criminal Evidence Act 1984 (section 1),Stolen goods,,,False
Person and Vehicle search,2024-05-20T01:19:51+00:00,,,51.110072,-2.933056,Male,18-24,Other ethnic group - Not stated,White,Misuse of Drugs Act 1971 (section 23),Controlled drugs,,,False
Person and Vehicle search,2024-05-20T02:28:06+00:00,,,51.528598,-2.576489,Female,over 34,White - English/Welsh/Scottish/Northern Irish/British,White,Misuse of Drugs Act 1971 (section 23),Controlled drugs,,,False
Person and Vehicle search,2024-05-20T02:28:06+00:00,,,51.528598,-2.576489,Male,over 34,White - English/Welsh/Scottish/Northern Irish/British,White,Misuse of Drugs Act 1971 (section 23),Controlled drugs,,,False
Person search,2024-05-20T11:23:36+00:00,,,51.459610,-2.593625,Male,over 34,Other ethnic group - Not stated,White,Police and Criminal Evidence Act 1984 (section 1),Offensive weapons,,,False
Person search,2024-05-20T12:34:46+00:00,,,51.441857,-2.599625,Male,10-17,White - English/Welsh/Scottish/Northern Irish/British,White,Police and Criminal Evidence Act 1984 (section 1),Articles for use in criminal damage,,,False
Person search,2024-05-20T12:34:46+00:00,,,51.441857,-2.599625,Male,10-17,White - English/Welsh/Scottish/Northern Irish/British,White,Police and Criminal Evidence Act 1984 (section 1),Stolen goods,,,False
Person search,2024-05-20T13:01:11+00:00,,,51.128069,-3.004272,,18-24,White - Any other White background,White,Firearms Act 1968 (section 47),Firearms,Arrest,True,False
Person search,2024-05-20T14:43:31+00:00,,,51.430249,-2.603083,Male,25-34,White - English/Welsh/Scottish/Northern Irish/British,White,Police and Criminal Evidence Act 1984 (section 1),Offensive weapons,,,False
Person and Vehicle search,2024-05-20T18:27:26+00:00,,,51.463643,-2.569120,Male,10-17,Black/African/Caribbean/Black British - Caribbean,Mixed,Misuse of Drugs Act 1971 (section 23),Offensive weapons,Arrest,True,True
Person and Vehicle search,2024-05-20T18:27:26+00:00,,,51.463643,-2.569120,Male,over 34,Other ethnic group - Not stated,Other,Police and Criminal Evidence Act 1984 (section 1),Offensive weapons,,,True
Person and Vehicle search,2024-05-20T18:27:26+00:00,,,51.463643,-2.569120,Male,10-17,Asian/Asian British - Any other Asian background,Asian,Police and Criminal Evidence Act 1984 (section 1),Offensive weapons,Arrest,True,False
Person and Vehicle search,2024-05-20T18:27:26+00:00,,,51.462109,-2.562767,Male,10-17,Black/African/Caribbean/Black British - African,Black,Misuse of Drugs Act 1971 (section 23),Controlled drugs,,,True
Person search,2024-05-20T18:37:01+00:00,,,51.347297,-2.975314,Male,over 34,White - English/Welsh/Scottish/Northern Irish/British,White,Misuse of Drugs Act 1971 (section 23),Controlled drugs,Summons / charged by post,,False
Person and Vehicle search,2024-05-20T18:44:01+00:00,,,51.431761,-2.600888,Female,over 34,White - English/Welsh/Scottish/Northern Irish/British,White,Misuse of Drugs Act 1971 (section 23),Controlled drugs,,False,False
Person and Vehicle search,2024-05-20T18:44:01+00:00,,,51.431761,-2.600888,Male,over 34,White - English/Welsh/Scottish/Northern Irish/British,White,Misuse of Drugs Act 1971 (section 23),Controlled drugs,,False,False
Person search,2024-05-20T20:17:21+00:00,,,51.297837,-2.451032,Male,over 34,White - English/Welsh/Scottish/Northern Irish/British,White,Misuse of Drugs Act 1971 (section 23),Controlled drugs,,,False
Person search,2024-05-20T23:58:41+00:00,,,51.462630,-2.584927,Male,25-34,White - English/Welsh/Scottish/Northern Irish/British,White,Misuse of Drugs Act 1971 (section 23),Controlled drugs,,,False
Person search,2024-05-21T00:41:36+00:00,,,51.442387,-2.485073,Male,25-34,White - Any other White background,White,Misuse of Drugs Act 1971 (section 23),Controlled drugs,Arrest,True,False
Person search,2024-05-21T01:17:41+00:00,,,51.467844,-2.579595,Male,,Other ethnic group - Not stated,Black,Police and Criminal Evidence Act 1984 (section 1),Article for use in theft,,,False
Person search,2024-05-21T06:33:56+00:00,,,51.368198,-2.954556,Female,over 34,White - English/Welsh/Scottish/Northern Irish/British,White,Misuse of Drugs Act 1971 (section 23),Controlled drugs,,,False
Person search,2024-05-21T13:03:08+00:00,,,51.459290,-2.576637,Male,over 34,Asian/Asian British - Any other Asian background,Other,Misuse of Drugs Act 1971 (section 23),Controlled drugs,A no further action disposal,True,False
Person search,2024-05-21T13:15:07+00:00,,,51.496736,-2.580999,Male,25-34,Mixed/Multiple ethnic groups - Any other Mixed/Multiple ethnic background,Mixed,Misuse of Drugs Act 1971 (section 23),Controlled drugs,,,False
Person and Vehicle search,2024-05-21T19:26:11+00:00,,,51.542343,-2.415595,Male,18-24,White - English/Welsh/Scottish/Northern Irish/British,White,Misuse of Drugs Act 1971 (section 23),Controlled drugs,,,False
Person and Vehicle search,2024-05-21T19:26:11+00:00,,,51.542343,-2.415595,Male,10-17,White - English/Welsh/Scottish/Northern Irish/British,White,Misuse of Drugs Act 1971 (section 23),Controlled drugs,,,False
Person and Vehicle search,2024-05-21T19:26:11+00:00,,,51.542343,-2.415595,Male,10-17,White - English/Welsh/Scottish/Northern Irish/British,White,Misuse of Drugs Act 1971 (section 23),Controlled drugs,,,False
Person and Vehicle search,2024-05-21T19:26:11+00:00,,,51.542343,-2.415595,Female,over 34,White - English/Welsh/Scottish/Northern Irish/British,White,Misuse of Drugs Act 1971 (section 23),Controlled drugs,,,False
Person and Vehicle search,2024-05-21T21:31:39+00:00,,,51.238997,-2.995856,Female,25-34,White - English/Welsh/Scottish/Northern Irish/British,White,Misuse of Drugs Act 1971 (section 23),Controlled drugs,,,True
Person and Vehicle search,2024-05-21T21:31:39+00:00,,,51.238997,-2.995856,Male,over 34,White - English/Welsh/Scottish/Northern Irish/British,White,Misuse of Drugs Act 1971 (section 23),Controlled drugs,Arrest,True,True
Person search,2024-05-21T22:44:08+00:00,,,,,Female,18-24,White - English/Welsh/Scottish/Northern Irish/British,White,Misuse of Drugs Act 1971 (section 23),Controlled drugs,Khat or Cannabis warning,True,False
Person search,2024-05-22T00:25:00+00:00,,,51.128503,-3.002952,Male,over 34,White - English/Welsh/Scottish/Northern Irish/British,White,Police and Criminal Evidence Act 1984 (section 1),Offensive weapons,,,False
Person search,2024-05-22T08:51:21+00:00,,,51.460419,-2.602402,Male,over 34,White - English/Welsh/Scottish/Northern Irish/British,White,Police and Criminal Evidence Act 1984 (section 1),Offensive weapons,Community resolution,True,False
Person search,2024-05-22T12:17:46+00:00,,,51.390075,-2.828092,Male,25-34,White - English/Welsh/Scottish/Northern Irish/British,White,Police and Criminal Evidence Act 1984 (section 1),,Arrest,True,False
Person and Vehicle search,2024-05-22T15:00:37+00:00,,,,,Male,,White - English/Welsh/Scottish/Northern Irish/British,White,Police and Criminal Evidence Act 1984 (section 1),Stolen goods,,,False
Person and Vehicle search,2024-05-22T15:00:37+00:00,,,,,Male,,White - English/Welsh/Scottish/Northern Irish/British,White,Police and Criminal Evidence Act 1984 (section 1),Stolen goods,,,False
Person and Vehicle search,2024-05-22T15:00:37+00:00,,,,,Male,18-24,White - English/Welsh/Scottish/Northern Irish/British,White,Police and Criminal Evidence Act 1984 (section 1),Stolen goods,,,False
Person search,2024-05-22T15:14:46+00:00,,,51.423590,-2.589937,Male,10-17,Other ethnic group - Not stated,White,Misuse of Drugs Act 1971 (section 23),Controlled drugs,Arrest,True,False
Person search,2024-05-22T16:44:56+00:00,,,51.351453,-2.982942,Male,10-17,White - English/Welsh/Scottish/Northern Irish/British,White,Police and Criminal Evidence Act 1984 (section 1),Offensive weapons,,,False
Person search,2024-05-22T18:11:33+00:00,,,51.490588,-2.564083,Male,10-17,Other ethnic group - Not stated,Mixed,Police and Criminal Evidence Act 1984 (section 1),Offensive weapons,,,False
Person search,2024-05-22T18:11:33+00:00,,,51.488863,-2.569276,Male,10-17,Other ethnic group - Not stated,Mixed,Police and Criminal Evidence Act 1984 (section 1),Offensive weapons,,,False
Person search,2024-05-22T20:31:31+00:00,,,51.290000,-2.466156,Male,25-34,White - English/Welsh/Scottish/Northern Irish/British,White,Misuse of Drugs Act 1971 (section 23),Controlled drugs,Arrest,True,False
Person search,2024-05-22T21:50:26+00:00,,,51.188702,-2.547868,Male,,White - English/Welsh/Scottish/Northern Irish/British,White,Misuse of Drugs Act 1971 (section 23),Controlled drugs,,,False
Person search,2024-05-22T21:50:26+00:00,,,51.188702,-2.547868,Male,,Other ethnic group - Not stated,White,Misuse of Drugs Act 1971 (section 23),Controlled drugs,,,False
Person and Vehicle search,2024-05-22T23:34:53+00:00,,,51.094415,-2.260927,Male,25-34,White - Any other White background,White,Misuse of Drugs Act 1971 (section 23),Controlled drugs,,,False
Person and Vehicle search,2024-05-22T23:34:53+00:00,,,51.094415,-2.260927,Male,18-24,White - Any other White background,White,Misuse of Drugs Act 1971 (section 23),Controlled drugs,,,False
Person search,2024-05-23T00:28:56+00:00,,,,,Male,,Other ethnic group - Not stated,Other,Misuse of Drugs Act 1971 (section 23),Controlled drugs,,False,False
Person search,2024-05-23T00:28:56+00:00,,,51.459706,-2.576210,Male,,,Black,Misuse of Drugs Act 1971 (section 23),Controlled drugs,,,False
Person search,2024-05-23T01:53:51+00:00,,,51.454850,-2.568780,Male,18-24,Other ethnic group - Not stated,White,Police and Criminal Evidence Act 1984 (section 1),Article for use in theft,Arrest,True,False
Person search,2024-05-23T01:53:51+00:00,,,51.454850,-2.568780,Female,18-24,White - English/Welsh/Scottish/Northern Irish/British,White,Police and Criminal Evidence Act 1984 (section 1),Article for use in theft,,,False
Person search,2024-05-23T01:53:51+00:00,,,51.454850,-2.568780,Male,10-17,Other ethnic group - Not stated,Mixed,Police and Criminal Evidence Act 1984 (section 1),Article for use in theft,Arrest,True,False
Person search,2024-05-23T02:14:21+00:00,,,51.460700,-2.552717,Male,25-34,Mixed/Multiple ethnic groups - Any other Mixed/Multiple ethnic background,White,Misuse of Drugs Act 1971 (section 23),Controlled drugs,,,True
Person search,2024-05-23T02:22:16+00:00,,,51.014629,-3.093483,Male,25-34,Other ethnic group - Not stated,White,Misuse of Drugs Act 1971 (section 23),Controlled drugs,Arrest,True,False
Person search,2024-05-23T03:39:36+00:00,,,51.481154,-2.588116,Male,,,White,Police and Criminal Evidence Act 1984 (section 1),Article for use in theft,,,False
Person search,2024-05-23T08:04:19+00:00,,,,,Male,18-24,,,,,,,
Person search,2024-05-23T08:21:39+00:00,,,,,Male,18-24,,,,,,,
Person search,2024-05-23T09:41:00+00:00,,,51.250510,-2.996621,Male,,,Asian,Aviation Security Act 1982 (section 27(1)),,,,False
Person search,2024-05-23T09:56:31+00:00,,,,,Male,10-17,White - English/Welsh/Scottish/Northern Irish/British,White,Misuse of Drugs Act 1971 (section 23),Controlled drugs,Community resolution,True,False
Person search,2024-05-23T12:50:11+00:00,,,51.502531,-2.524870,Male,18-24,Other ethnic group - Not stated,Mixed,Police and Criminal Evidence Act 1984 (section 1),Offensive weapons,,False,False
Person search,2024-05-23T12:50:11+00:00,,,51.502531,-2.524870,Male,18-24,White - English/Welsh/Scottish/Northern Irish/British,White,Police and Criminal Evidence Act 1984 (section 1),Offensive weapons,,False,False
Person search,2024-05-23T16:36:58+00:00,,,51.019036,-3.103938,Female,over 34,White - English/Welsh/Scottish/Northern Irish/British,White,Police and Criminal Evidence Act 1984 (section 1),Offensive weapons,,,False
Person search,2024-05-23T16:36:58+00:00,,,51.019036,-3.103938,Female,over 34,White - English/Welsh/Scottish/Northern Irish/British,White,Police and Criminal Evidence Act 1984 (section 1),Offensive weapons,,False,False
Person search,2024-05-23T18:23:06+00:00,,,51.124633,-3.003340,Male,10-17,Mixed/Multiple ethnic groups - Any other Mixed/Multiple ethnic background,Mixed,Police and Criminal Evidence Act 1984 (section 1),Offensive weapons,,,False
Person search,2024-05-23T20:36:51+00:00,,,50.941482,-2.624276,Male,,Other ethnic group - Not stated,White,Police and Criminal Evidence Act 1984 (section 1),Offensive weapons,,,False
Person search,2024-05-23T20:36:51+00:00,,,50.941482,-2.624276,Male,10-17,White - English/Welsh/Scottish/Northern Irish/British,,Police and Criminal Evidence Act 1984 (section 1),Offensive weapons,,,False
Person search,2024-05-23T20:36:51+00:00,,,50.941482,-2.624276,Male,10-17,,,Police and Criminal Evidence Act 1984 (section 1),Offensive weapons,,,False
Person search,2024-05-23T20:36:51+00:00,,,50.941482,-2.624276,Male,,Black/African/Caribbean/Black British - Any other Black/African/Caribbean background,Black,Police and Criminal Evidence Act 1984 (section 1),Offensive weapons,,,False
Person search,2024-05-23T20:36:51+00:00,,,50.941482,-2.624276,Male,10-17,,,Police and Criminal Evidence Act 1984 (section 1),Offensive weapons,,False,False
Person search,2024-05-23T20:36:51+00:00,,,50.941738,-2.625105,Male,10-17,White - English/Welsh/Scottish/Northern Irish/British,White,Police and Criminal Evidence Act 1984 (section 1),Offensive weapons,,False,False
Person search,2024-05-23T20:36:51+00:00,,,50.943910,-2.610587,Male,10-17,Other ethnic group - Not stated,White,Police and Criminal Evidence Act 1984 (section 1),Offensive weapons,,,False
Person search,2024-05-23T20:36:51+00:00,,,50.941482,-2.624276,Male,10-17,White - English/Welsh/Scottish/Northern Irish/British,White,Police and Criminal Evidence Act 1984 (section 1),Offensive weapons,,,False
Person and Vehicle search,2024-05-23T21:33:11+00:00,,,51.466510,-2.629085,Male,18-24,Other ethnic group - Not stated,,Misuse of Drugs Act 1971 (section 23),Controlled drugs,Khat or Cannabis warning,True,False
Person search,2024-05-23T21:46:36+00:00,,,51.383058,-2.346254,Male,18-24,White - English/Welsh/Scottish/Northern Irish/British,White,Police and Criminal Evidence Act 1984 (section 1),Offensive weapons,,,False
Person search,2024-05-23T21:46:36+00:00,,,51.383058,-2.346254,Male,18-24,Black/African/Caribbean/Black British - Any other Black/African/Caribbean background,Black,Police and Criminal Evidence Act 1984 (section 1),Offensive weapons,,,False
Person search,2024-05-23T21:58:06+00:00,,,50.942275,-2.637268,Female,25-34,White - English/Welsh/Scottish/Northern Irish/British,White,Police and Criminal Evidence Act 1984 (section 1),Stolen goods,,,False
Person search,2024-05-23T23:47:39+00:00,,,51.383058,-2.346254,Female,18-24,White - English/Welsh/Scottish/Northern Irish/British,White,Police and Criminal Evidence Act 1984 (section 1),Offensive weapons,A no further action disposal,False,False
Vehicle search,2024-05-24T00:00:00+00:00,,,,,,,,,,,,,
Vehicle search,2024-05-24T00:00:00+00:00,,,51.408648,-2.576776,,,,,Misuse of Drugs Act 1971 (section 23),Controlled drugs,A no further action disposal,True,
Person search,2024-05-24T00:16:31+00:00,,,51.484563,-2.646111,Male,10-17,White - English/Welsh/Scottish/Northern Irish/British,White,Misuse of Drugs Act 1971 (section 23),Controlled drugs,,,False
Person search,2024-05-24T00:16:31+00:00,,,51.484563,-2.646111,Male,10-17,White - English/Welsh/Scottish/Northern Irish/British,White,Misuse of Drugs Act 1971 (section 23),Controlled drugs,Khat or Cannabis warning,True,False
Person search,2024-05-24T00:16:31+00:00,,,51.484563,-2.646111,Male,18-24,White - English/Welsh/Scottish/Northern Irish/British,White,Misuse of Drugs Act 1971 (section 23),Controlled drugs,Khat or Cannabis warning,,False
Person search,2024-05-24T02:57:32+00:00,,,51.340571,-2.887540,Male,25-34,White - English/Welsh/Scottish/Northern Irish/British,White,Police and Criminal Evidence Act 1984 (section 1),Article for use in theft,Arrest,True,False
Person and Vehicle search,2024-05-24T04:48:21+00:00,,,51.466510,-2.629085,Male,18-24,White - English/Welsh/Scottish/Northern Irish/British,White,Misuse of Drugs Act 1971 (section 23),Controlled drugs,Arrest,,False
Person and Vehicle search,2024-05-24T04:48:21+00:00,,,51.466510,-2.629085,Female,25-34,White - English/Welsh/Scottish/Northern Irish/British,White,Misuse of Drugs Act 1971 (section 23),Controlled drugs,Arrest,,False
Person and Vehicle search,2024-05-24T04:48:21+00:00,,,51.466510,-2.629085,Male,18-24,White - English/Welsh/Scottish/Northern Irish/British,White,Misuse of Drugs Act 1971 (section 23),Controlled drugs,Arrest,,False
Person search,2024-05-24T05:43:46+00:00,,,51.385038,-2.388776,Male,25-34,Mixed/Multiple ethnic groups - White and Asian,,Misuse of Drugs Act 1971 (section 23),Controlled drugs,,,False
Person and Vehicle search,2024-05-24T14:42:17+00:00,,,51.505744,-2.575912,Male,18-24,,,Misuse of Drugs Act 1971 (section 23),Controlled drugs,A no further action disposal,,
Person and Vehicle search,2024-05-24T20:30:42+00:00,,,,,Female,18-24,White - English/Welsh/Scottish/Northern Irish/British,White,Misuse of Drugs Act 1971 (section 23),Controlled drugs,Arrest,True,False
Person and Vehicle search,2024-05-24T20:30:42+00:00,,,,,Female,18-24,White - English/Welsh/Scottish/Northern Irish/British,White,Misuse of Drugs Act 1971 (section 23),Controlled drugs,Arrest,True,False
Person search,2024-05-24T21:16:52+00:00,,,51.451106,-2.575023,Female,25-34,White - English/Welsh/Scottish/Northern Irish/British,White,Misuse of Drugs Act 1971 (section 23),Controlled drugs,Community resolution,True,False
Person search,2024-05-24T21:16:52+00:00,,,51.451106,-2.575023,Male,,Other ethnic group - Not stated,Black,Misuse of Drugs Act 1971 (section 23),Controlled drugs,,,False
Person search,2024-05-24T23:15:42+00:00,,,51.190267,-2.545969,Male,over 34,White - English/Welsh/Scottish/Northern Irish/British,White,Misuse of Drugs Act 1971 (section 23),Controlled drugs,Arrest,True,False
Person search,2024-05-24T23:23:28+00:00,,,51.451106,-2.575023,Male,,Other ethnic group - Not stated,Black,Misuse of Drugs Act 1971 (section 23),Controlled drugs,,,False
Person search,2024-05-25T00:00:42+00:00,,,,,Male,10-17,White - English/Welsh/Scottish/Northern Irish/British,White,Police and Criminal Evidence Act 1984 (section 1),Offensive weapons,,False,False
Person search,2024-05-25T00:58:07+00:00,,,,,Male,18-24,Asian/Asian British - Any other Asian background,Asian,Police and Criminal Evidence Act 1984 (section 1),Offensive weapons,,,False
Person search,2024-05-25T00:58:07+00:00,,,,,Male,,Other ethnic group - Not stated,Black,Police and Criminal Evidence Act 1984 (section 1),Offensive weapons,,,False
Person search,2024-05-25T03:40:05+00:00,,,,,Male,18-24,,,,,,,
Person search,2024-05-25T09:47:02+00:00,,,51.408744,-2.373464,Male,25-34,Other ethnic group - Not stated,White,Police and Criminal Evidence Act 1984 (section 1),Offensive weapons,,,False
Person and Vehicle search,2024-05-25T10:29:32+00:00,,,51.434935,-2.553629,Female,18-24,White - English/Welsh/Scottish/Northern Irish/British,White,Misuse of Drugs Act 1971 (section 23),Controlled drugs,,,False
Person and Vehicle search,2024-05-25T15:29:41+00:00,,,51.472565,-2.553466,Male,over 34,,,Misuse of Drugs Act 1971 (section 23),Controlled drugs,,,False
Person and Vehicle search,2024-05-25T15:29:41+00:00,,,51.472565,-2.553466,Male,over 34,White - English/Welsh/Scottish/Northern Irish/British,White,Misuse of Drugs Act 1971 (section 23),Controlled drugs,,,False
Person and Vehicle search,2024-05-25T15:29:41+00:00,,,51.472565,-2.553466,Male,over 34,White - English/Welsh/Scottish/Northern Irish/British,White,Misuse of Drugs Act 1971 (section 23),Controlled drugs,,,False
Person search,2024-05-25T15:32:31+00:00,,,,,Male,10-17,,,,,,,
Person search,2024-05-25T15:32:31+00:00,,,,,Male,10-17,,,,,,,
Person search,2024-05-25T18:08:42+00:00,,,,,Male,10-17,White - English/Welsh/Scottish/Northern Irish/British,White,Police and Criminal Evidence Act 1984 (section 1),Offensive weapons,,,False
Person and Vehicle search,2024-05-26T01:27:17+00:00,,,51.455363,-2.604753,Male,over 34,Asian/Asian British - Pakistani,Asian,Misuse of Drugs Act 1971 (section 23),Controlled drugs,A no further action disposal,True,False
Person and Vehicle search,2024-05-26T01:27:17+00:00,,,51.455363,-2.604753,Male,,Other ethnic group - Not stated,Black,Misuse of Drugs Act 1971 (section 23),Controlled drugs,,,False
Person search,2024-05-26T03:11:27+00:00,,,51.346595,-2.977913,Female,over 34,,White,Misuse of Drugs Act 1971 (section 23),Controlled drugs,,,False
Person search,2024-05-26T05:08:07+00:00,,,50.944843,-2.634712,Female,over 34,Other ethnic group - Not stated,White,Police and Criminal Evidence Act 1984 (section 1),,A no further action disposal,True,False
Person search,2024-05-26T07:45:52+00:00,,,51.441085,-2.574177,Female,,Other ethnic group - Not stated,White,Misuse of Drugs Act 1971 (section 23),Controlled drugs,,,False
Person search,2024-05-26T07:45:52+00:00,,,51.441085,-2.574177,Male,over 34,,,Misuse of Drugs Act 1971 (section 23),Controlled drugs,,,False
Person and Vehicle search,2024-05-26T08:16:38+00:00,,,51.162900,-2.986923,Female,25-34,White - English/Welsh/Scottish/Northern Irish/British,White,Misuse of Drugs Act 1971 (section 23),Controlled drugs,Khat or Cannabis warning,True,False
Person and Vehicle search,2024-05-26T08:16:38+00:00,,,51.162900,-2.986923,Female,over 34,White - English/Welsh/Scottish/Northern Irish/British,White,Misuse of Drugs Act 1971 (section 23),Controlled drugs,A no further action disposal,True,False
Person and Vehicle search,2024-05-26T08:16:38+00:00,,,51.162900,-2.986923,Female,25-34,White - English/Welsh/Scottish/Northern Irish/British,White,Misuse of Drugs Act 1971 (section 23),Controlled drugs,A no further action disposal,True,False
Person search,2024-05-26T14:34:27+00:00,,,51.438132,-2.622297,Female,over 34,White - English/Welsh/Scottish/Northern Irish/British,White,Police and Criminal Evidence Act 1984 (section 1),Stolen goods,,,False
Person and Vehicle search,2024-05-26T14:38:52+00:00,,,51.097654,-3.139928,Male,25-34,White - English/Welsh/Scottish/Northern Irish/British,White,Misuse of Drugs Act 1971 (section 23),Controlled drugs,,,False
Person search,2024-05-26T15:01:17+00:00,,,51.442234,-2.630593,Male,over 34,White - English/Welsh/Scottish/Northern Irish/British,White,Misuse of Drugs Act 1971 (section 23),Controlled drugs,Summons / charged by post,True,False
Person search,2024-05-26T15:01:17+00:00,,,51.442234,-2.630593,Male,25-34,Mixed/Multiple ethnic groups - White and Black African,Mixed,Misuse of Drugs Act 1971 (section 23),Controlled drugs,,,False
Person and Vehicle search,2024-05-26T15:10:14+00:00,,,,,Female,18-24,,,,,,,
Person search,2024-05-26T15:37:09+00:00,,,51.438132,-2.622297,Female,over 34,White - English/Welsh/Scottish/Northern Irish/British,White,Police and Criminal Evidence Act 1984 (section 1),Stolen goods,,,False
Person search,2024-05-26T19:55:37+00:00,,,51.125749,-3.001164,Male,10-17,White - English/Welsh/Scottish/Northern Irish/British,White,Police and Criminal Evidence Act 1984 (section 1),Offensive weapons,Arrest,True,False
Person and Vehicle search,2024-05-26T21:05:37+00:00,,,51.431880,-2.590000,Male,18-24,Asian/Asian British - Pakistani,Asian,Misuse of Drugs Act 1971 (section 23),Controlled drugs,Khat or Cannabis warning,True,False
Person and Vehicle search,2024-05-26T21:05:37+00:00,,,51.431880,-2.590000,Male,18-24,White - English/Welsh/Scottish/Northern Irish/British,White,Misuse of Drugs Act 1971 (section 23),Controlled drugs,Khat or Cannabis warning,True,False
Person and Vehicle search,2024-05-26T21:05:37+00:00,,,51.431880,-2.590000,Male,18-24,White - Any other White background,,Misuse of Drugs Act 1971 (section 23),Controlled drugs,Khat or Cannabis warning,True,False
Person and Vehicle search,2024-05-26T22:15:52+00:00,,,51.417841,-2.616697,Male,25-34,White - English/Welsh/Scottish/Northern Irish/British,White,Police and Criminal Evidence Act 1984 (section 1),Article for use in theft,,,False
Person search,2024-05-26T22:33:02+00:00,,,51.438047,-2.644836,Male,over 34,Other ethnic group - Not stated,Black,Misuse of Drugs Act 1971 (section 23),Controlled drugs,A no further action disposal,True,False
Person search,2024-05-26T23:46:52+00:00,,,,,Female,over 34,White - English/Welsh/Scottish/Northern Irish/British,White,Police and Criminal Evidence Act 1984 (section 1),Offensive weapons,Arrest,True,False
Vehicle search,2024-05-27T00:00:00+00:00,,,,,,,,,,,,,
Vehicle search,2024-05-27T00:00:00+00:00,,,,,,,,,,,,,
Vehicle search,2024-05-27T00:00:00+00:00,,,,,,,,,,,,,
Person search,2024-05-27T03:38:37+00:00,,,51.016643,-3.095484,Male,25-34,White - English/Welsh/Scottish/Northern Irish/British,White,Misuse of Drugs Act 1971 (section 23),Controlled drugs,,,False
Person search,2024-05-27T03:38:37+00:00,,,51.016217,-3.088103,Male,over 34,White - English/Welsh/Scottish/Northern Irish/British,White,Police and Criminal Evidence Act 1984 (section 1),Controlled drugs,,,False
Person search,2024-05-27T09:18:18+00:00,,,51.442234,-2.630593,Male,25-34,White - English/Welsh/Scottish/Northern Irish/British,White,Misuse of Drugs Act 1971 (section 23),Controlled drugs,Summons / charged by post,True,True
Person search,2024-05-27T10:46:24+00:00,,,,,Male,over 34,White - English/Welsh/Scottish/Northern Irish/British,White,,,,,
Person search,2024-05-27T11:47:02+00:00,,,51.025796,-3.099436,Male,over 34,Other ethnic group - Not stated,Mixed,Police and Criminal Evidence Act 1984 (section 1),Offensive weapons,Arrest,True,False
Person search,2024-05-27T13:43:22+00:00,,,51.128412,-3.001007,Male,10-17,Black/African/Caribbean/Black British - Any other Black/African/Caribbean background,Black,Police and Criminal Evidence Act 1984 (section 1),,,,False
Person search,2024-05-27T13:50:00+00:00,,,,,Female,over 34,White - English/Welsh/Scottish/Northern Irish/British,White,Police and Criminal Evidence Act 1984 (section 1),,,,False
Person and Vehicle search,2024-05-27T14:42:27+00:00,,,,,Male,10-17,,,,,,,
Person and Vehicle search,2024-05-27T14:42:27+00:00,,,,,Male,10-17,,,,,,,
Person and Vehicle search,2024-05-27T14:42:27+00:00,,,,,Male,over 34,,,,,,,
Person and Vehicle search,2024-05-27T14:42:27+00:00,,,,,Male,10-17,,,,,,,
Person search,2024-05-27T17:14:47+00:00,,,51.463611,-2.569983,Male,over 34,White - English/Welsh/Scottish/Northern Irish/British,White,Misuse of Drugs Act 1971 (section 23),Controlled drugs,Khat or Cannabis warning,True,False
Person search,2024-05-27T17:14:47+00:00,,,51.463611,-2.569983,Female,over 34,White - English/Welsh/Scottish/Northern Irish/British,White,Misuse of Drugs Act 1971 (section 23),Controlled drugs,A no further action disposal,True,False
Person search,2024-05-27T17:14:58+00:00,,,,,Male,25-34,White - English/Welsh/Scottish/Northern Irish/British,White,Police and Criminal Evidence Act 1984 (section 1),Stolen goods,A no further action disposal,True,False
Person search,2024-05-27T17:31:41+00:00,,,51.452670,-2.593319,Male,25-34,Other ethnic group - Not stated,Black,Misuse of Drugs Act 1971 (section 23),Controlled drugs,A no further action disposal,True,False
Person search,2024-05-27T20:48:17+00:00,,,51.437427,-2.846745,Male,over 34,White - English/Welsh/Scottish/Northern Irish/British,White,Misuse of Drugs Act 1971 (section 23),Controlled drugs,,,False
Person search,2024-05-27T21:41:44+00:00,,,51.456703,-2.585081,Male,10-17,White - English/Welsh/Scottish/Northern Irish/British,White,Police and Criminal Evidence Act 1984 (section 1),Offensive weapons,Arrest,True,False
Vehicle search,2024-05-28T00:00:00+00:00,,,51.437333,-2.590948,,,,,Misuse of Drugs Act 1971 (section 23),Controlled drugs,A no further action disposal,,
Person search,2024-05-28T01:43:42+00:00,,,51.460028,-2.540691,Female,25-34,White - English/Welsh/Scottish/Northern Irish/British,White,Misuse of Drugs Act 1971 (section 23),Controlled drugs,,,False
Person and Vehicle search,2024-05-28T02:03:27+00:00,,,51.431880,-2.590000,Male,over 34,Mixed/Multiple ethnic groups - Any other Mixed/Multiple ethnic background,White,Misuse of Drugs Act 1971 (section 23),Controlled drugs,,,False
Person and Vehicle search,2024-05-28T02:03:27+00:00,,,51.431880,-2.590000,Female,over 34,Other ethnic group - Not stated,White,Misuse of Drugs Act 1971 (section 23),Controlled drugs,A no further action disposal,True,False
Person and Vehicle search,2024-05-28T02:03:27+00:00,,,51.431880,-2.590000,Male,over 34,Mixed/Multiple ethnic groups - White and Black Caribbean,Mixed,Misuse of Drugs Act 1971 (section 23),Controlled drugs,,False,False
Person search,2024-05-28T05:44:07+00:00,,,51.466708,-2.567344,Male,25-34,White - English/Welsh/Scottish/Northern Irish/British,White,Police and Criminal Evidence Act 1984 (section 1),Evidence of offences under the Act,,,False
Person search,2024-05-28T16:56:02+00:00,,,50.942735,-2.625432,Male,over 34,Other ethnic group - Not stated,White,Police and Criminal Evidence Act 1984 (section 1),Offensive weapons,Arrest,True,False
Person search,2024-05-28T16:56:02+00:00,,,50.940024,-2.636113,Male,25-34,White - English/Welsh/Scottish/Northern Irish/British,White,Police and Criminal Evidence Act 1984 (section 1),Offensive weapons,,,False
Person search,2024-05-28T20:09:02+00:00,,,51.440249,-2.497395,Male,10-17,White - English/Welsh/Scottish/Northern Irish/British,White,Police and Criminal Evidence Act 1984 (section 1),,,,False
Person and Vehicle search,2024-05-28T21:26:37+00:00,,,51.260200,-2.933758,Female,10-17,Other ethnic group - Not stated,White,Misuse of Drugs Act 1971 (section 23),Controlled drugs,,,False
Person and Vehicle search,2024-05-28T21:26:37+00:00,,,51.260200,-2.933758,Male,10-17,Other ethnic group - Not stated,White,Misuse of Drugs Act 1971 (section 23),Controlled drugs,Arrest,True,False
Person and Vehicle search,2024-05-28T21:26:37+00:00,,,51.260200,-2.933758,Male,10-17,Other ethnic group - Not stated,White,Misuse of Drugs Act 1971 (section 23),Controlled drugs,,,False
Person and Vehicle search,2024-05-28T21:26:37+00:00,,,51.260200,-2.933758,Male,25-34,Other ethnic group - Not stated,White,Misuse of Drugs Act 1971 (section 23),Controlled drugs,Arrest,True,False
Person search,2024-05-28T22:52:27+00:00,,,51.364077,-2.916550,Male,over 34,White - English/Welsh/Scottish/Northern Irish/British,White,Police and Criminal Evidence Act 1984 (section 1),Offensive weapons,,,False
Person search,2024-05-28T23:53:07+00:00,,,51.470788,-2.565970,Male,over 34,Other ethnic group - Not stated,White,Misuse of Drugs Act 1971 (section 23),Controlled drugs,,,False
Vehicle search,2024-05-29T00:00:00+00:00,,,,,,,,,,,,,
Vehicle search,2024-05-29T00:00:00+00:00,,,,,,,,,,,,,
Person search,2024-05-29T01:13:29+00:00,,,51.468207,-2.593420,Male,over 34,White - English/Welsh/Scottish/Northern Irish/British,Mixed,Misuse of Drugs Act 1971 (section 23),Controlled drugs,Khat or Cannabis warning,True,False
Person search,2024-05-29T01:13:29+00:00,,,,,Male,over 34,Black/African/Caribbean/Black British - Any other Black/African/Caribbean background,Black,Misuse of Drugs Act 1971 (section 23),Controlled drugs,,,False
Person search,2024-05-29T01:51:17+00:00,,,51.465323,-2.591166,Male,over 34,White - English/Welsh/Scottish/Northern Irish/British,Mixed,Misuse of Drugs Act 1971 (section 23),Controlled drugs,,,False
Person search,2024-05-29T02:34:12+00:00,,,51.463611,-2.569983,Male,18-24,Mixed/Multiple ethnic groups - Any other Mixed/Multiple ethnic background,Mixed,Misuse of Drugs Act 1971 (section 23),Controlled drugs,Arrest,True,False
Person search,2024-05-29T12:05:42+00:00,,,,,Male,10-17,Other ethnic group - Not stated,Other,Misuse of Drugs Act 1971 (section 23),Controlled drugs,Arrest,True,False
Person search,2024-05-29T12:05:42+00:00,,,,,Male,18-24,Other ethnic group - Not stated,Other,Misuse of Drugs Act 1971 (section 23),Controlled drugs,Arrest,True,False
Person search,2024-05-29T14:46:47+00:00,,,51.393936,-2.832675,Male,10-17,Mixed/Multiple ethnic groups - White and Black Caribbean,Mixed,Police and Criminal Evidence Act 1984 (section 1),Offensive weapons,,,False
Person search,2024-05-29T14:46:47+00:00,,,51.393936,-2.832675,Male,10-17,Other ethnic group - Not stated,White,Police and Criminal Evidence Act 1984 (section 1),Offensive weapons,,,False
Person search,2024-05-29T14:46:47+00:00,,,51.393936,-2.832675,Female,10-17,White - English/Welsh/Scottish/Northern Irish/British,White,Police and Criminal Evidence Act 1984 (section 1),Offensive weapons,,,False
Person search,2024-05-29T14:46:47+00:00,,,51.393936,-2.832675,Male,10-17,White - English/Welsh/Scottish/Northern Irish/British,White,Police and Criminal Evidence Act 1984 (section 1),Offensive weapons,,,False
Person search,2024-05-29T14:46:47+00:00,,,,,Male,10-17,,,,,,,
Person search,2024-05-29T16:47:12+00:00,,,51.015667,-3.094990,Male,25-34,White - English/Welsh/Scottish/Northern Irish/British,White,Misuse of Drugs Act 1971 (section 23),Controlled drugs,,,False
Person search,2024-05-29T16:47:12+00:00,,,51.015667,-3.094990,Male,25-34,White - English/Welsh/Scottish/Northern Irish/British,White,Misuse of Drugs Act 1971 (section 23),Controlled drugs,,,False
Person search,2024-05-29T16:47:12+00:00,,,51.015667,-3.094990,Male,25-34,White - English/Welsh/Scottish/Northern Irish/British,White,Police and Criminal Evidence Act 1984 (section 1),Controlled drugs,,,False
Person search,2024-05-29T16:55:02+00:00,,,51.345355,-2.976710,Male,25-34,,,Misuse of Drugs Act 1971 (section 23),Controlled drugs,Summons / charged by post,True,False
Person search,2024-05-29T17:21:07+00:00,,,51.408658,-2.498102,Male,10-17,Other ethnic group - Not stated,Mixed,Police and Criminal Evidence Act 1984 (section 1),Articles for use in criminal damage,Community resolution,True,False
Person search,2024-05-29T17:21:07+00:00,,,51.408658,-2.498102,Male,10-17,White - English/Welsh/Scottish/Northern Irish/British,White,Police and Criminal Evidence Act 1984 (section 1),Articles for use in criminal damage,Community resolution,True,False
Person search,2024-05-29T17:21:07+00:00,,,51.408658,-2.498102,Male,10-17,Other ethnic group - Not stated,White,Police and Criminal Evidence Act 1984 (section 1),Articles for use in criminal damage,Community resolution,True,False
Person search,2024-05-29T18:30:37+00:00,,,51.409942,-2.498590,Male,over 34,White - English/Welsh/Scottish/Northern Irish/British,White,Misuse of Drugs Act 1971 (section 23),Controlled drugs,A no further action disposal,True,False
Person search,2024-05-29T21:23:32+00:00,,,51.016316,-3.096773,Male,18-24,Other ethnic group - Not stated,White,Police and Criminal Evidence Act 1984 (section 1),Offensive weapons,,,False
Person search,2024-05-29T21:48:17+00:00,,,50.947597,-2.627604,Male,18-24,White - English/Welsh/Scottish/Northern Irish/British,White,Police and Criminal Evidence Act 1984 (section 1),Stolen goods,,False,False
Person search,2024-05-29T21:55:27+00:00,,,51.344279,-2.943492,Male,18-24,White - English/Welsh/Scottish/Northern Irish/British,White,Police and Criminal Evidence Act 1984 (section 1),Article for use in theft,,,False
Person search,2024-05-29T21:55:27+00:00,,,51.344279,-2.943492,Male,,White - English/Welsh/Scottish/Northern Irish/British,White,Police and Criminal Evidence Act 1984 (section 1),Article for use in theft,,,False
Person and Vehicle search,2024-05-29T23:11:07+00:00,,,,,Male,18-24,White - English/Welsh/Scottish/Northern Irish/British,White,Police and Criminal Evidence Act 1984 (section 1),,,,False
Person and Vehicle search,2024-05-29T23:11:07+00:00,,,,,Male,18-24,White - English/Welsh/Scottish/Northern Irish/British,White,Police and Criminal Evidence Act 1984 (section 1),,,,False
Person and Vehicle search,2024-05-29T23:11:07+00:00,,,,,Male,18-24,White - English/Welsh/Scottish/Northern Irish/British,White,Police and Criminal Evidence Act 1984 (section 1),,A no further action disposal,True,False
Vehicle search,2024-05-30T00:00:00+00:00,,,,,,,,,,,,,
Person and Vehicle search,2024-05-30T00:18:51+00:00,,,,,Male,18-24,,,,,,,
Person and Vehicle search,2024-05-30T00:18:51+00:00,,,,,Male,18-24,,,,,,,
Person and Vehicle search,2024-05-30T00:18:51+00:00,,,,,Male,18-24,,,,,,,
Person search,2024-05-30T01:22:47+00:00,,,51.461372,-2.591741,Male,over 34,White - English/Welsh/Scottish/Northern Irish/British,White,Firearms Act 1968 (section 47),Firearms,,False,False
Person search,2024-05-30T01:46:47+00:00,,,51.133884,-2.990920,Male,over 34,Other ethnic group - Not stated,White,Police and Criminal Evidence Act 1984 (section 1),,,,False
Person search,2024-05-30T13:05:22+00:00,,,51.468996,-2.566566,Male,18-24,Other ethnic group - Not stated,,Misuse of Drugs Act 1971 (section 23),Controlled drugs,,,True
Person search,2024-05-30T14:06:27+00:00,,,51.421455,-2.597833,Male,25-34,Asian/Asian British - Pakistani,Asian,Police and Criminal Evidence Act 1984 (section 1),Offensive weapons,,,False
Person search,2024-05-30T20:02:02+00:00,,,51.459972,-2.587800,Male,over 34,Mixed/Multiple ethnic groups - Any other Mixed/Multiple ethnic background,Asian,Misuse of Drugs Act 1971 (section 23),Controlled drugs,Arrest,True,False
Person and Vehicle search,2024-05-30T20:05:13+00:00,,,51.489826,-2.574588,Male,10-17,White - Any other White background,White,Misuse of Drugs Act 1971 (section 23),Controlled drugs,Arrest,,False
Person and Vehicle search,2024-05-30T20:05:13+00:00,,,51.489826,-2.574588,Male,25-34,White - English/Welsh/Scottish/Northern Irish/British,White,Misuse of Drugs Act 1971 (section 23),Controlled drugs,Arrest,,False
Person and Vehicle search,2024-05-30T20:05:13+00:00,,,51.489826,-2.574588,Male,18-24,Mixed/Multiple ethnic groups - White and Asian,Mixed,Misuse of Drugs Act 1971 (section 23),Controlled drugs,Arrest,,False
Person search,2024-05-30T20:11:05+00:00,,,51.420984,-2.593196,Male,25-34,White - Any other White background,White,Misuse of Drugs Act 1971 (section 23),Controlled drugs,Arrest,True,False
Person search,2024-05-30T22:10:09+00:00,,,51.494509,-2.571247,Male,18-24,White - English/Welsh/Scottish/Northern Irish/British,White,Misuse of Drugs Act 1971 (section 23),Controlled drugs,Community resolution,True,False
Person search,2024-05-30T22:24:50+00:00,,,51.480647,-2.504056,Male,over 34,Black/African/Caribbean/Black British - Any other Black/African/Caribbean background,Black,Misuse of Drugs Act 1971 (section 23),Controlled drugs,,,False
Person search,2024-05-31T00:31:38+00:00,,,51.425806,-2.590958,Male,25-34,White - Any other White background,White,Misuse of Drugs Act 1971 (section 23),Controlled drugs,,,False
Person search,2024-05-31T00:31:38+00:00,,,51.425806,-2.590958,Male,25-34,Mixed/Multiple ethnic groups - Any other Mixed/Multiple ethnic background,White,Misuse of Drugs Act 1971 (section 23),Controlled drugs,,,False
Person search,2024-05-31T00:31:38+00:00,,,51.425806,-2.590958,Male,25-34,White - Any other White background,White,Misuse of Drugs Act 1971 (section 23),Controlled drugs,,,False
Person search,2024-05-31T00:31:38+00:00,,,51.425806,-2.590958,Male,25-34,White - Any other White background,White,Misuse of Drugs Act 1971 (section 23),Controlled drugs,,,False
Person search,2024-05-31T01:26:18+00:00,,,51.346595,-2.977913,Male,25-34,White - English/Welsh/Scottish/Northern Irish/British,White,Police and Criminal Evidence Act 1984 (section 1),Offensive weapons,Arrest,True,False
Person search,2024-05-31T06:59:54+00:00,,,51.451403,-2.594886,Male,18-24,White - English/Welsh/Scottish/Northern Irish/British,White,Police and Criminal Evidence Act 1984 (section 1),Offensive weapons,,,False
Person search,2024-05-31T06:59:54+00:00,,,51.451403,-2.594886,Male,25-34,White - English/Welsh/Scottish/Northern Irish/British,White,Police and Criminal Evidence Act 1984 (section 1),Offensive weapons,,,False
Person search,2024-05-31T06:59:54+00:00,,,51.451403,-2.594886,Male,25-34,Black/African/Caribbean/Black British - African,Black,Police and Criminal Evidence Act 1984 (section 1),Offensive weapons,,,False
Person and Vehicle search,2024-05-31T08:37:28+00:00,,,51.112413,-3.021904,Male,25-34,Other ethnic group - Not stated,Mixed,Misuse of Drugs Act 1971 (section 23),Controlled drugs,A no further action disposal,True,False
Person search,2024-05-31T13:19:38+00:00,,,51.499434,-2.593437,Female,18-24,Other ethnic group - Not stated,White,Police and Criminal Evidence Act 1984 (section 1),Offensive weapons,Community resolution,True,False
Person search,2024-05-31T14:00:23+00:00,,,51.510145,-2.627611,Female,25-34,White - English/Welsh/Scottish/Northern Irish/British,White,Misuse of Drugs Act 1971 (section 23),Controlled drugs,Community resolution,True,False
Person search,2024-05-31T14:02:13+00:00,,,51.430270,-2.593561,Male,,White - English/Welsh/Scottish/Northern Irish/British,White,Misuse of Drugs Act 1971 (section 23),Controlled drugs,,,False
Person search,2024-05-31T14:02:13+00:00,,,51.430270,-2.593561,Female,over 34,White - English/Welsh/Scottish/Northern Irish/British,White,Misuse of Drugs Act 1971 (section 23),Controlled drugs,,,False
Person search,2024-05-31T15:01:28+00:00,,,50.942528,-2.628674,Female,25-34,White - English/Welsh/Scottish/Northern Irish/British,White,Police and Criminal Evidence Act 1984 (section 1),Offensive weapons,A no further action disposal,True,False
Person search,2024-05-31T16:14:42+00:00,,,51.480620,-2.590662,Female,,,White,Misuse of Drugs Act 1971 (section 23),Controlled drugs,,,True
Person search,2024-05-31T16:16:43+00:00,,,51.458210,-2.587749,Male,over 34,White - English/Welsh/Scottish/Northern Irish/British,White,Police and Criminal Evidence Act 1984 (section 1),,Community resolution,True,False
Person search,2024-05-31T17:57:48+00:00,,,51.133169,-2.996722,Female,over 34,White - English/Welsh/Scottish/Northern Irish/British,White,Police and Criminal Evidence Act 1984 (section 1),Stolen goods,,,False
Person search,2024-05-31T20:05:38+00:00,,,51.511061,-2.629512,Male,18-24,White - English/Welsh/Scottish/Northern Irish/British,White,Police and Criminal Evidence Act 1984 (section 1),Offensive weapons,,,False
Person search,2024-05-31T20:16:58+00:00,,,51.347580,-2.978423,Male,25-34,White - English/Welsh/Scottish/Northern Irish/British,White,Misuse of Drugs Act 1971 (section 23),Controlled drugs,A no further action disposal,True,False
Person and Vehicle search,2024-05-31T21:14:43+00:00,,,51.014068,-3.113841,Female,over 34,White - English/Welsh/Scottish/Northern Irish/British,White,Police and Criminal Evidence Act 1984 (section 1),Stolen goods,,,False
Person and Vehicle search,2024-05-31T21:14:43+00:00,,,51.014068,-3.113841,Male,over 34,White - English/Welsh/Scottish/Northern Irish/British,White,Police and Criminal Evidence Act 1984 (section 1),Stolen goods,,,False
Person search,2024-05-31T22:26:50+00:00,,,51.380159,-2.359466,Female,over 34,,White,Police and Criminal Evidence Act 1984 (section 1),Stolen goods,A no further action disposal,True,False
