Type,Date,Part of a policing operation,Policing operation,Latitude,Longitude,Gender,Age range,Self-defined ethnicity,Officer-defined ethnicity,Legislation,Object of search,Outcome,Outcome linked to object of search,Removal of more than just outer clothing
Person search,2023-07-01T00:10:00+00:00,False,,51.863462,-2.238593,Male,18-24,Mixed/Multiple ethnic groups - White and Asian,Other,Misuse of Drugs Act 1971 (section 23),Controlled drugs,A no further action disposal,False,False
Person search,2023-07-01T00:19:00+00:00,False,,51.863462,-2.238593,Male,10-17,Mixed/Multiple ethnic groups - White and Black Caribbean,Other,Misuse of Drugs Act 1971 (section 23),Controlled drugs,A no further action disposal,True,False
Person and Vehicle search,2023-07-01T00:20:00+00:00,False,,51.860965,-2.241716,Male,18-24,Black/African/Caribbean/Black British - Caribbean,Black,Misuse of Drugs Act 1971 (section 23),Controlled drugs,A no further action disposal,False,
Person search,2023-07-01T00:23:00+00:00,False,,51.863462,-2.238593,Male,18-24,White - English/Welsh/Scottish/Northern Irish/British,White,Misuse of Drugs Act 1971 (section 23),Controlled drugs,A no further action disposal,False,False
Person search,2023-07-01T01:35:00+00:00,False,,51.898542,-2.082008,Male,25-34,White - English/Welsh/Scottish/Northern Irish/British,White,Misuse of Drugs Act 1971 (section 23),Controlled drugs,A no further action disposal,True,False
Person and Vehicle search,2023-07-02T00:55:00+00:00,False,,51.872486,-2.248735,Male,18-24,Mixed/Multiple ethnic groups - White and Asian,Other,Misuse of Drugs Act 1971 (section 23),Controlled drugs,Community resolution,True,
Person search,2023-07-02T17:34:00+00:00,False,,51.863615,-2.242674,Female,over 34,White - English/Welsh/Scottish/Northern Irish/British,White,Police and Criminal Evidence Act 1984 (section 1),Stolen goods,A no further action disposal,True,False
Person search,2023-07-03T00:55:00+00:00,False,,51.898307,-2.115550,Male,25-34,White - English/Welsh/Scottish/Northern Irish/British,White,Police and Criminal Evidence Act 1984 (section 1),Article for use in theft,Arrest,False,False
Person search,2023-07-03T00:55:00+00:00,False,,51.898307,-2.115550,Male,25-34,White - English/Welsh/Scottish/Northern Irish/British,White,Police and Criminal Evidence Act 1984 (section 1),Article for use in theft,Arrest,False,False
Person search,2023-07-03T08:55:00+00:00,False,,51.898857,-2.104797,Male,18-24,White - English/Welsh/Scottish/Northern Irish/British,White,Misuse of Drugs Act 1971 (section 23),Controlled drugs,Arrest,True,False
Person and Vehicle search,2023-07-03T11:00:00+00:00,False,,51.910440,-2.090752,Male,over 34,White - English/Welsh/Scottish/Northern Irish/British,White,Misuse of Drugs Act 1971 (section 23),Controlled drugs,A no further action disposal,False,
Person search,2023-07-03T11:00:00+00:00,False,,51.910650,-2.096887,Male,18-24,White - English/Welsh/Scottish/Northern Irish/British,White,Misuse of Drugs Act 1971 (section 23),Controlled drugs,A no further action disposal,False,False
Person and Vehicle search,2023-07-03T11:30:00+00:00,False,,51.910440,-2.090752,Male,25-34,White - English/Welsh/Scottish/Northern Irish/British,White,Misuse of Drugs Act 1971 (section 23),Controlled drugs,A no further action disposal,False,
Person search,2023-07-03T12:40:00+00:00,False,,51.910650,-2.096887,Male,25-34,White - English/Welsh/Scottish/Northern Irish/British,White,Misuse of Drugs Act 1971 (section 23),Controlled drugs,A no further action disposal,True,False
Person search,2023-07-03T13:00:00+00:00,False,,51.864813,-2.246268,Male,25-34,White - English/Welsh/Scottish/Northern Irish/British,White,Misuse of Drugs Act 1971 (section 23),Controlled drugs,A no further action disposal,False,False
Person search,2023-07-03T19:10:00+00:00,False,,51.838758,-2.223324,Male,25-34,White - English/Welsh/Scottish/Northern Irish/British,White,Police and Criminal Evidence Act 1984 (section 1),Offensive weapons,Arrest,True,False
Person and Vehicle search,2023-07-04T01:30:00+00:00,False,,51.854263,-2.239299,Male,,Asian/Asian British - Any other Asian background,Asian,Misuse of Drugs Act 1971 (section 23),Controlled drugs,A no further action disposal,False,
Person and Vehicle search,2023-07-04T01:35:00+00:00,False,,51.854263,-2.239299,Male,18-24,Asian/Asian British - Bangladeshi,Asian,Misuse of Drugs Act 1971 (section 23),Controlled drugs,A no further action disposal,False,
Person search,2023-07-04T03:01:00+00:00,False,,51.872486,-2.248735,Male,25-34,Other ethnic group - Not stated,Other,Police and Criminal Evidence Act 1984 (section 1),Article for use in theft,Arrest,True,False
Person search,2023-07-04T11:50:00+00:00,False,,51.894971,-2.084196,Male,over 34,White - English/Welsh/Scottish/Northern Irish/British,White,Misuse of Drugs Act 1971 (section 23),Controlled drugs,A no further action disposal,True,False
Person and Vehicle search,2023-07-04T21:30:00+00:00,False,,51.863522,-2.235238,Male,18-24,Other ethnic group - Not stated,Other,Misuse of Drugs Act 1971 (section 23),Controlled drugs,Arrest,True,
Person search,2023-07-05T08:40:00+00:00,False,,51.897561,-2.115243,Female,over 34,White - English/Welsh/Scottish/Northern Irish/British,White,Misuse of Drugs Act 1971 (section 23),Controlled drugs,A no further action disposal,False,False
Person and Vehicle search,2023-07-05T10:10:00+00:00,False,,51.904156,-2.110914,Male,over 34,White - English/Welsh/Scottish/Northern Irish/British,White,Misuse of Drugs Act 1971 (section 23),Controlled drugs,A no further action disposal,False,
Person search,2023-07-05T14:13:00+00:00,False,,51.896565,-2.080653,Male,25-34,White - English/Welsh/Scottish/Northern Irish/British,White,Police and Criminal Evidence Act 1984 (section 1),Offensive weapons,A no further action disposal,True,False
Person and Vehicle search,2023-07-05T17:38:00+00:00,False,,51.850488,-2.224921,Female,over 34,White - English/Welsh/Scottish/Northern Irish/British,White,Misuse of Drugs Act 1971 (section 23),Controlled drugs,A no further action disposal,False,
Person search,2023-07-05T19:36:00+00:00,False,,51.884705,-2.190658,Male,18-24,White - English/Welsh/Scottish/Northern Irish/British,White,Misuse of Drugs Act 1971 (section 23),Controlled drugs,A no further action disposal,False,False
Person and Vehicle search,2023-07-05T19:40:00+00:00,False,,51.884705,-2.190658,Male,10-17,Mixed/Multiple ethnic groups - White and Black Caribbean,Other,Misuse of Drugs Act 1971 (section 23),Controlled drugs,A no further action disposal,False,
Vehicle search,2023-07-05T19:44:00+00:00,False,,51.884705,-2.190658,Other,,,,Misuse of Drugs Act 1971 (section 23),Controlled drugs,A no further action disposal,True,
Person search,2023-07-05T19:45:00+00:00,False,,51.884705,-2.190658,Male,18-24,White - English/Welsh/Scottish/Northern Irish/British,White,Misuse of Drugs Act 1971 (section 23),Controlled drugs,A no further action disposal,True,False
Person and Vehicle search,2023-07-06T08:10:00+00:00,True,,51.836884,-2.511930,Male,over 34,Other ethnic group - Not stated,Other,Misuse of Drugs Act 1971 (section 23),Controlled drugs,Arrest,True,
Person search,2023-07-06T14:35:00+00:00,False,,51.922888,-2.404387,Male,18-24,White - English/Welsh/Scottish/Northern Irish/British,White,Misuse of Drugs Act 1971 (section 23),Controlled drugs,A no further action disposal,True,False
Person search,2023-07-06T14:43:00+00:00,False,,51.922888,-2.404387,Male,18-24,Black/African/Caribbean/Black British - Any other Black/African/Caribbean background,Black,Misuse of Drugs Act 1971 (section 23),Controlled drugs,A no further action disposal,False,False
Person search,2023-07-06T14:55:00+00:00,False,,51.752946,-2.289683,Male,over 34,White - English/Welsh/Scottish/Northern Irish/British,White,Misuse of Drugs Act 1971 (section 23),Controlled drugs,Community resolution,True,False
Person and Vehicle search,2023-07-06T15:04:00+00:00,False,,51.752946,-2.289683,Male,over 34,White - English/Welsh/Scottish/Northern Irish/British,White,Firearms Act 1968 (section 47),Firearms,A no further action disposal,True,
Person search,2023-07-06T17:50:00+00:00,False,,51.827589,-2.494803,Male,10-17,White - Irish,White,Misuse of Drugs Act 1971 (section 23),Controlled drugs,Community resolution,True,False
Person search,2023-07-06T20:09:00+00:00,False,,51.740696,-2.230573,Male,10-17,White - English/Welsh/Scottish/Northern Irish/British,White,Misuse of Drugs Act 1971 (section 23),Controlled drugs,Arrest,True,False
Person search,2023-07-07T13:16:00+00:00,False,,51.739640,-2.254652,Female,25-34,White - English/Welsh/Scottish/Northern Irish/British,White,Police and Criminal Evidence Act 1984 (section 1),Offensive weapons,A no further action disposal,True,False
Person search,2023-07-07T18:08:00+00:00,False,,51.827015,-2.507116,Male,10-17,White - English/Welsh/Scottish/Northern Irish/British,White,Police and Criminal Evidence Act 1984 (section 1),Articles for use in criminal damage,A no further action disposal,False,False
Person search,2023-07-07T18:09:00+00:00,False,,51.827015,-2.507116,Male,10-17,White - English/Welsh/Scottish/Northern Irish/British,White,Police and Criminal Evidence Act 1984 (section 1),Articles for use in criminal damage,A no further action disposal,True,False
Person search,2023-07-07T22:00:00+00:00,False,,51.904335,-2.078109,Male,25-34,White - English/Welsh/Scottish/Northern Irish/British,White,Police and Criminal Evidence Act 1984 (section 1),Offensive weapons,A no further action disposal,False,False
Person search,2023-07-08T02:15:00+00:00,False,,51.862182,-2.240227,Male,over 34,White - English/Welsh/Scottish/Northern Irish/British,White,Misuse of Drugs Act 1971 (section 23),Controlled drugs,A no further action disposal,True,False
Vehicle search,2023-07-08T10:15:00+00:00,False,,51.852913,-2.226414,Other,,,,Misuse of Drugs Act 1971 (section 23),Controlled drugs,Arrest,True,
Person and Vehicle search,2023-07-08T10:20:00+00:00,False,,51.852913,-2.226414,Male,over 34,White - English/Welsh/Scottish/Northern Irish/British,White,Misuse of Drugs Act 1971 (section 23),Controlled drugs,Arrest,True,
Person search,2023-07-08T10:50:00+00:00,False,,51.990807,-2.159231,Male,18-24,White - English/Welsh/Scottish/Northern Irish/British,White,Misuse of Drugs Act 1971 (section 23),Controlled drugs,Community resolution,True,False
Person search,2023-07-08T22:19:00+00:00,False,,51.793793,-2.616129,Male,25-34,White - English/Welsh/Scottish/Northern Irish/British,White,Misuse of Drugs Act 1971 (section 23),Controlled drugs,A no further action disposal,False,False
Person and Vehicle search,2023-07-09T08:00:00+00:00,False,,51.849578,-2.248333,Male,over 34,White - English/Welsh/Scottish/Northern Irish/British,White,Misuse of Drugs Act 1971 (section 23),Controlled drugs,Arrest,False,
Vehicle search,2023-07-09T12:33:00+00:00,False,,51.866140,-2.215719,Male,,,,Misuse of Drugs Act 1971 (section 23),Controlled drugs,Arrest,True,
Person search,2023-07-10T01:05:00+00:00,False,,51.864827,-2.248170,Male,over 34,Asian/Asian British - Indian,Asian,Police and Criminal Evidence Act 1984 (section 1),Stolen goods,A no further action disposal,False,False
Vehicle search,2023-07-10T02:04:00+00:00,False,,51.873478,-2.247099,Other,,,,Firearms Act 1968 (section 47),Firearms,A no further action disposal,False,
Person search,2023-07-10T02:15:00+00:00,False,,51.900643,-2.073568,Male,25-34,White - English/Welsh/Scottish/Northern Irish/British,White,Misuse of Drugs Act 1971 (section 23),Controlled drugs,Arrest,False,False
Person search,2023-07-10T02:25:00+00:00,False,,51.900643,-2.073568,Male,25-34,Other ethnic group - Not stated,Other,Misuse of Drugs Act 1971 (section 23),Controlled drugs,Arrest,True,False
Person search,2023-07-10T17:07:00+00:00,False,,51.884687,-2.050906,Male,10-17,White - English/Welsh/Scottish/Northern Irish/British,White,Police and Criminal Evidence Act 1984 (section 1),Articles for use in criminal damage,A no further action disposal,True,False
Vehicle search,2023-07-11T02:45:00+00:00,False,,51.999915,-2.092026,Other,,,,Misuse of Drugs Act 1971 (section 23),Controlled drugs,Arrest,True,
Vehicle search,2023-07-11T13:15:00+00:00,False,,51.815170,-2.234696,Other,,,,Misuse of Drugs Act 1971 (section 23),Controlled drugs,Community resolution,True,
Person search,2023-07-12T00:17:00+00:00,False,,51.907338,-2.101648,Male,10-17,Other ethnic group - Not stated,Other,Police and Criminal Evidence Act 1984 (section 1),Article for use in theft,A no further action disposal,True,False
Person search,2023-07-12T02:35:00+00:00,False,,51.862182,-2.240227,Male,18-24,White - English/Welsh/Scottish/Northern Irish/British,White,Misuse of Drugs Act 1971 (section 23),Controlled drugs,Arrest,True,False
Person and Vehicle search,2023-07-12T15:13:00+00:00,False,,51.992256,-2.158275,Male,25-34,White - English/Welsh/Scottish/Northern Irish/British,White,Misuse of Drugs Act 1971 (section 23),Controlled drugs,Arrest,True,
Person search,2023-07-12T17:38:00+00:00,False,,51.715833,-1.966690,Male,18-24,Other ethnic group - Any other ethnic group,Other,Police and Criminal Evidence Act 1984 (section 1),Offensive weapons,A no further action disposal,False,False
Vehicle search,2023-07-12T18:14:00+00:00,False,,51.978354,-2.153028,Other,,,,Misuse of Drugs Act 1971 (section 23),Controlled drugs,Arrest,True,
Person search,2023-07-12T18:25:00+00:00,False,,51.978354,-2.153028,Male,25-34,White - English/Welsh/Scottish/Northern Irish/British,White,Misuse of Drugs Act 1971 (section 23),Controlled drugs,Arrest,True,False
Person and Vehicle search,2023-07-12T18:34:00+00:00,False,,51.986954,-2.162610,Male,over 34,White - English/Welsh/Scottish/Northern Irish/British,White,Misuse of Drugs Act 1971 (section 23),Controlled drugs,Arrest,True,
Person search,2023-07-13T00:00:00+00:00,False,,51.912178,-2.097458,Female,25-34,White - English/Welsh/Scottish/Northern Irish/British,White,Police and Criminal Evidence Act 1984 (section 1),Stolen goods,A no further action disposal,False,False
Person search,2023-07-14T00:36:00+00:00,False,,51.638952,-2.160739,Male,25-34,White - Any other White background,White,Misuse of Drugs Act 1971 (section 23),Controlled drugs,A no further action disposal,False,False
Person search,2023-07-14T11:53:00+00:00,False,,51.869622,-2.237972,Female,over 34,White - English/Welsh/Scottish/Northern Irish/British,White,Misuse of Drugs Act 1971 (section 23),Controlled drugs,A no further action disposal,False,False
Person search,2023-07-14T11:53:00+00:00,False,,51.869622,-2.237972,Female,over 34,White - English/Welsh/Scottish/Northern Irish/British,White,Misuse of Drugs Act 1971 (section 23),Controlled drugs,A no further action disposal,False,False
Person and Vehicle search,2023-07-14T11:58:00+00:00,False,,51.868083,-2.238486,Male,over 34,Black/African/Caribbean/Black British - Any other Black/African/Caribbean background,Black,Misuse of Drugs Act 1971 (section 23),Controlled drugs,A no further action disposal,True,
Person search,2023-07-14T17:10:00+00:00,False,,51.865118,-2.241898,Male,18-24,White - English/Welsh/Scottish/Northern Irish/British,White,Police and Criminal Evidence Act 1984 (section 1),Offensive weapons,Arrest,True,False
Person search,2023-07-14T22:30:00+00:00,False,,51.901189,-2.076054,Female,25-34,White - English/Welsh/Scottish/Northern Irish/British,White,Police and Criminal Evidence Act 1984 (section 1),Stolen goods,A no further action disposal,False,False
Person and Vehicle search,2023-07-15T03:20:00+00:00,False,,51.975896,-2.141751,Male,25-34,,,Police and Criminal Evidence Act 1984 (section 1),Article for use in theft,Arrest,True,
Person search,2023-07-15T09:50:00+00:00,False,,51.858445,-2.234108,Male,18-24,Mixed/Multiple ethnic groups - White and Asian,Other,Police and Criminal Evidence Act 1984 (section 1),Stolen goods,A no further action disposal,False,False
Person search,2023-07-15T19:01:00+00:00,False,,51.710581,-1.962453,Male,10-17,White - English/Welsh/Scottish/Northern Irish/British,White,Misuse of Drugs Act 1971 (section 23),Controlled drugs,A no further action disposal,True,False
Person search,2023-07-15T23:45:00+00:00,False,,51.861969,-2.243261,Male,10-17,White - English/Welsh/Scottish/Northern Irish/British,White,Misuse of Drugs Act 1971 (section 23),Controlled drugs,A no further action disposal,True,False
Person and Vehicle search,2023-07-15T23:56:00+00:00,False,,51.861969,-2.243261,Male,under 10,White - English/Welsh/Scottish/Northern Irish/British,White,Misuse of Drugs Act 1971 (section 23),Controlled drugs,A no further action disposal,False,
Person search,2023-07-16T01:20:00+00:00,False,,51.865118,-2.241898,Male,18-24,White - English/Welsh/Scottish/Northern Irish/British,White,Police and Criminal Evidence Act 1984 (section 1),Offensive weapons,A no further action disposal,False,False
Person search,2023-07-16T01:52:00+00:00,False,,51.889013,-2.079564,Male,18-24,White - Any other White background,White,Police and Criminal Evidence Act 1984 (section 1),Article for use in theft,A no further action disposal,True,False
Person search,2023-07-16T01:53:00+00:00,False,,51.898127,-2.070337,Female,25-34,Mixed/Multiple ethnic groups - White and Black African,Other,Police and Criminal Evidence Act 1984 (section 1),Stolen goods,Khat or Cannabis warning,False,False
Person search,2023-07-16T01:54:00+00:00,False,,51.889203,-2.078823,Male,18-24,White - English/Welsh/Scottish/Northern Irish/British,White,Police and Criminal Evidence Act 1984 (section 1),Article for use in theft,A no further action disposal,False,False
Person search,2023-07-16T13:10:00+00:00,False,,51.715043,-2.360061,Male,10-17,White - English/Welsh/Scottish/Northern Irish/British,White,Misuse of Drugs Act 1971 (section 23),Controlled drugs,A no further action disposal,False,False
Person search,2023-07-17T21:15:00+00:00,False,,51.861782,-2.237596,Male,over 34,White - English/Welsh/Scottish/Northern Irish/British,White,Police and Criminal Evidence Act 1984 (section 1),Stolen goods,Arrest,False,False
Person and Vehicle search,2023-07-18T10:45:00+00:00,False,,51.857125,-2.250872,Male,18-24,Mixed/Multiple ethnic groups - White and Black Caribbean,Other,Misuse of Drugs Act 1971 (section 23),Controlled drugs,Arrest,False,
Person and Vehicle search,2023-07-18T13:50:00+00:00,False,,51.902273,-2.114834,Male,over 34,White - English/Welsh/Scottish/Northern Irish/British,White,Misuse of Drugs Act 1971 (section 23),Controlled drugs,A no further action disposal,False,
Person and Vehicle search,2023-07-18T13:50:00+00:00,False,,51.902616,-2.112829,Female,over 34,White - English/Welsh/Scottish/Northern Irish/British,White,Misuse of Drugs Act 1971 (section 23),Controlled drugs,Arrest,False,
Person search,2023-07-18T16:12:00+00:00,False,,51.745071,-2.218661,Male,over 34,White - English/Welsh/Scottish/Northern Irish/British,White,Police and Criminal Evidence Act 1984 (section 1),Article for use in theft,A no further action disposal,True,False
Person search,2023-07-18T21:11:00+00:00,False,,51.903235,-2.114342,Male,10-17,White - English/Welsh/Scottish/Northern Irish/British,White,Police and Criminal Evidence Act 1984 (section 1),Article for use in theft,Arrest,True,False
Vehicle search,2023-07-19T01:33:00+00:00,False,,51.908370,-2.081357,Other,,,,Police and Criminal Evidence Act 1984 (section 1),Offensive weapons,A no further action disposal,True,
Vehicle search,2023-07-19T21:35:00+00:00,False,,51.869968,-2.248663,Other,,,,Misuse of Drugs Act 1971 (section 23),Controlled drugs,A no further action disposal,False,
Person search,2023-07-19T21:35:00+00:00,False,,51.869968,-2.248663,Male,18-24,White - English/Welsh/Scottish/Northern Irish/British,White,Misuse of Drugs Act 1971 (section 23),Controlled drugs,A no further action disposal,False,False
Person search,2023-07-19T22:00:00+00:00,False,,51.840969,-2.237385,Female,18-24,White - English/Welsh/Scottish/Northern Irish/British,White,Police and Criminal Evidence Act 1984 (section 1),Offensive weapons,A no further action disposal,False,False
Person search,2023-07-20T02:29:00+00:00,False,,51.863615,-2.242674,Male,25-34,White - English/Welsh/Scottish/Northern Irish/British,White,Police and Criminal Evidence Act 1984 (section 1),Stolen goods,A no further action disposal,False,False
Person search,2023-07-20T02:32:00+00:00,False,,51.915027,-2.075569,Male,10-17,Other ethnic group - Not stated,Other,Misuse of Drugs Act 1971 (section 23),Controlled drugs,A no further action disposal,True,False
Person and Vehicle search,2023-07-20T02:40:00+00:00,False,,51.915027,-2.075569,Female,18-24,White - English/Welsh/Scottish/Northern Irish/British,White,Misuse of Drugs Act 1971 (section 23),Controlled drugs,A no further action disposal,True,
Person search,2023-07-20T03:30:00+00:00,False,,51.915027,-2.075569,Female,18-24,White - English/Welsh/Scottish/Northern Irish/British,White,Misuse of Drugs Act 1971 (section 23),Controlled drugs,A no further action disposal,True,False
Person search,2023-07-20T13:37:00+00:00,False,,51.863420,-2.245781,Male,25-34,White - English/Welsh/Scottish/Northern Irish/British,White,Police and Criminal Evidence Act 1984 (section 1),Offensive weapons,A no further action disposal,False,False
Person search,2023-07-20T21:00:00+00:00,False,,51.907987,-2.074554,Male,10-17,White - English/Welsh/Scottish/Northern Irish/British,White,Misuse of Drugs Act 1971 (section 23),Controlled drugs,Arrest,True,False
Person search,2023-07-21T02:15:00+00:00,False,,51.864813,-2.246268,Male,over 34,White - English/Welsh/Scottish/Northern Irish/British,White,Police and Criminal Evidence Act 1984 (section 1),Stolen goods,A no further action disposal,False,False
Vehicle search,2023-07-21T20:00:00+00:00,False,,51.637743,-2.352883,Other,,,,Misuse of Drugs Act 1971 (section 23),Controlled drugs,A no further action disposal,True,
Person search,2023-07-22T16:15:00+00:00,False,,51.865000,-2.238354,Male,10-17,White - English/Welsh/Scottish/Northern Irish/British,White,Police and Criminal Evidence Act 1984 (section 1),Articles for use in criminal damage,Arrest,False,False
Person search,2023-07-22T17:01:00+00:00,False,,51.792609,-2.617433,Male,over 34,White - English/Welsh/Scottish/Northern Irish/British,White,Misuse of Drugs Act 1971 (section 23),Controlled drugs,A no further action disposal,False,False
Person and Vehicle search,2023-07-22T20:00:00+00:00,False,,51.815170,-2.234696,Male,18-24,Asian/Asian British - Pakistani,Asian,Misuse of Drugs Act 1971 (section 23),Controlled drugs,A no further action disposal,True,
Person search,2023-07-22T20:12:00+00:00,False,,51.815170,-2.234696,Female,18-24,White - English/Welsh/Scottish/Northern Irish/British,White,Misuse of Drugs Act 1971 (section 23),Controlled drugs,A no further action disposal,False,False
Person search,2023-07-22T20:19:00+00:00,False,,51.642408,-2.662285,Male,18-24,White - English/Welsh/Scottish/Northern Irish/British,White,Misuse of Drugs Act 1971 (section 23),Controlled drugs,A no further action disposal,False,False
Person search,2023-07-22T20:19:00+00:00,False,,51.642408,-2.662285,Male,18-24,White - English/Welsh/Scottish/Northern Irish/British,White,Misuse of Drugs Act 1971 (section 23),Controlled drugs,Community resolution,False,False
Person search,2023-07-22T20:23:00+00:00,False,,51.642408,-2.662285,Female,18-24,White - English/Welsh/Scottish/Northern Irish/British,White,Misuse of Drugs Act 1971 (section 23),Controlled drugs,A no further action disposal,False,False
Person search,2023-07-22T23:24:00+00:00,False,,51.840072,-2.217670,Male,over 34,White - English/Welsh/Scottish/Northern Irish/British,White,Police and Criminal Evidence Act 1984 (section 1),Offensive weapons,Arrest,True,False
Vehicle search,2023-07-23T02:27:00+00:00,False,,51.851031,-2.227522,Other,,,,Misuse of Drugs Act 1971 (section 23),Controlled drugs,Arrest,True,
Person search,2023-07-24T15:07:00+00:00,False,,51.747030,-2.223971,Female,,White - English/Welsh/Scottish/Northern Irish/British,White,Police and Criminal Evidence Act 1984 (section 1),Stolen goods,A no further action disposal,False,False
Person and Vehicle search,2023-07-24T16:25:00+00:00,False,,51.705104,-1.974466,Male,18-24,White - English/Welsh/Scottish/Northern Irish/British,White,Misuse of Drugs Act 1971 (section 23),Controlled drugs,A no further action disposal,True,
Vehicle search,2023-07-25T16:55:00+00:00,False,,51.855767,-2.237928,Other,,,,Misuse of Drugs Act 1971 (section 23),Controlled drugs,Arrest,False,
Person search,2023-07-25T22:50:00+00:00,False,,51.899204,-2.097822,Male,25-34,White - English/Welsh/Scottish/Northern Irish/British,White,Police and Criminal Evidence Act 1984 (section 1),Stolen goods,A no further action disposal,False,False
Person search,2023-07-26T02:50:00+00:00,False,,51.868083,-2.238486,Female,18-24,White - English/Welsh/Scottish/Northern Irish/British,White,Police and Criminal Evidence Act 1984 (section 1),Stolen goods,A no further action disposal,True,False
Person search,2023-07-26T07:00:00+00:00,False,,51.901607,-2.115428,Male,25-34,White - English/Welsh/Scottish/Northern Irish/British,White,Police and Criminal Evidence Act 1984 (section 1),Stolen goods,Arrest,False,False
Person and Vehicle search,2023-07-26T23:03:00+00:00,False,,51.837651,-2.254827,Female,over 34,White - English/Welsh/Scottish/Northern Irish/British,White,Misuse of Drugs Act 1971 (section 23),Controlled drugs,A no further action disposal,False,
Person search,2023-07-27T14:05:00+00:00,False,,51.861969,-2.243261,Male,18-24,White - English/Welsh/Scottish/Northern Irish/British,White,Police and Criminal Evidence Act 1984 (section 1),Articles for use in criminal damage,A no further action disposal,True,False
Person search,2023-07-27T14:15:00+00:00,False,,51.861969,-2.243261,Male,10-17,White - English/Welsh/Scottish/Northern Irish/British,White,Police and Criminal Evidence Act 1984 (section 1),Article for use in theft,A no further action disposal,False,False
Person search,2023-07-27T16:22:00+00:00,False,,51.860118,-2.214761,Male,25-34,White - English/Welsh/Scottish/Northern Irish/British,White,Police and Criminal Evidence Act 1984 (section 1),Stolen goods,Arrest,False,False
Person search,2023-07-27T18:00:00+00:00,False,,51.834938,-2.212827,Male,25-34,White - English/Welsh/Scottish/Northern Irish/British,White,Police and Criminal Evidence Act 1984 (section 1),Offensive weapons,A no further action disposal,False,False
Vehicle search,2023-07-27T22:25:00+00:00,False,,51.888313,-2.215128,Male,,,,Misuse of Drugs Act 1971 (section 23),Controlled drugs,Arrest,True,
Person search,2023-07-27T23:59:00+00:00,False,,51.861677,-2.245394,Male,over 34,White - English/Welsh/Scottish/Northern Irish/British,White,Misuse of Drugs Act 1971 (section 23),Controlled drugs,Community resolution,True,False
Person search,2023-07-28T07:50:00+00:00,False,,51.908539,-2.051849,Male,10-17,White - English/Welsh/Scottish/Northern Irish/British,White,Police and Criminal Evidence Act 1984 (section 1),Article for use in theft,A no further action disposal,False,False
Person search,2023-07-28T08:22:00+00:00,False,,51.887738,-2.043150,Male,10-17,White - English/Welsh/Scottish/Northern Irish/British,White,Police and Criminal Evidence Act 1984 (section 1),Article for use in theft,A no further action disposal,False,False
Person and Vehicle search,2023-07-28T14:30:00+00:00,False,,51.721905,-1.948039,Male,over 34,White - English/Welsh/Scottish/Northern Irish/British,White,Police and Criminal Evidence Act 1984 (section 1),Stolen goods,A no further action disposal,True,
Person search,2023-07-29T00:00:00+00:00,False,,51.672912,-1.930843,Male,18-24,White - English/Welsh/Scottish/Northern Irish/British,White,Police and Criminal Evidence Act 1984 (section 1),Articles for use in criminal damage,A no further action disposal,True,False
Person search,2023-07-29T00:00:00+00:00,False,,51.672912,-1.930843,Male,18-24,White - English/Welsh/Scottish/Northern Irish/British,White,Police and Criminal Evidence Act 1984 (section 1),Articles for use in criminal damage,A no further action disposal,True,False
Person search,2023-07-29T00:00:00+00:00,False,,51.672912,-1.930843,Male,18-24,White - English/Welsh/Scottish/Northern Irish/British,White,Police and Criminal Evidence Act 1984 (section 1),Articles for use in criminal damage,A no further action disposal,True,False
Vehicle search,2023-07-29T09:19:00+00:00,False,,51.845064,-2.250828,Other,,,,Police and Criminal Evidence Act 1984 (section 1),Offensive weapons,A no further action disposal,True,
Person search,2023-07-31T18:40:00+00:00,False,,51.850528,-2.245115,Female,10-17,White - English/Welsh/Scottish/Northern Irish/British,White,Police and Criminal Evidence Act 1984 (section 1),Offensive weapons,A no further action disposal,False,False
