Type,Date,Part of a policing operation,Policing operation,Latitude,Longitude,Gender,Age range,Self-defined ethnicity,Officer-defined ethnicity,Legislation,Object of search,Outcome,Outcome linked to object of search,Removal of more than just outer clothing
Person search,2024-06-01T00:00:00+00:00,False,,51.836340,-2.213269,Male,18-24,White - English/Welsh/Scottish/Northern Irish/British,White,Misuse of Drugs Act 1971 (section 23),Controlled drugs,A no further action disposal,True,False
Person search,2024-06-01T02:51:00+00:00,False,,51.888839,-2.054499,Male,18-24,White - English/Welsh/Scottish/Northern Irish/British,White,Police and Criminal Evidence Act 1984 (section 1),Article for use in theft,A no further action disposal,True,False
Person search,2024-06-01T03:00:00+00:00,False,,51.855660,-2.246348,Male,25-34,White - Any other White background,White,Misuse of Drugs Act 1971 (section 23),Controlled drugs,A no further action disposal,False,False
Person search,2024-06-01T08:36:00+00:00,False,,51.866379,-2.245463,Male,over 34,Black/African/Caribbean/Black British - Caribbean,Black,Police and Criminal Evidence Act 1984 (section 1),Stolen goods,A no further action disposal,False,False
Person search,2024-06-01T17:06:00+00:00,False,,51.805715,-2.270949,Male,10-17,White - English/Welsh/Scottish/Northern Irish/British,White,Police and Criminal Evidence Act 1984 (section 1),Offensive weapons,A no further action disposal,False,False
Person search,2024-06-01T17:25:00+00:00,False,,51.804662,-2.271305,Male,10-17,Other ethnic group - Not stated,Other,Police and Criminal Evidence Act 1984 (section 1),Offensive weapons,A no further action disposal,False,False
Person and Vehicle search,2024-06-01T18:35:00+00:00,False,,51.844488,-2.123889,Male,over 34,White - English/Welsh/Scottish/Northern Irish/British,White,Police and Criminal Evidence Act 1984 (section 1),Offensive weapons,Arrest,True,
Person search,2024-06-01T18:40:00+00:00,True,,51.853225,-2.156058,Male,over 34,White - English/Welsh/Scottish/Northern Irish/British,White,Police and Criminal Evidence Act 1984 (section 1),Offensive weapons,Arrest,True,False
Vehicle search,2024-06-01T19:20:00+00:00,True,,51.818774,-2.295197,Other,,,,Police and Criminal Evidence Act 1984 (section 1),Offensive weapons,A no further action disposal,True,
Vehicle search,2024-06-01T19:20:00+00:00,True,,51.820705,-2.295950,Other,,,,Police and Criminal Evidence Act 1984 (section 1),Offensive weapons,Arrest,True,
Vehicle search,2024-06-01T19:30:00+00:00,True,,51.818774,-2.295197,Other,,,,Police and Criminal Evidence Act 1984 (section 1),Offensive weapons,A no further action disposal,True,
Vehicle search,2024-06-01T19:30:00+00:00,False,,51.818774,-2.295197,Other,,,,Police and Criminal Evidence Act 1984 (section 1),Offensive weapons,A no further action disposal,True,
Person search,2024-06-01T19:34:00+00:00,False,,51.851505,-2.242522,Male,over 34,White - English/Welsh/Scottish/Northern Irish/British,White,Police and Criminal Evidence Act 1984 (section 1),Stolen goods,A no further action disposal,False,False
Vehicle search,2024-06-01T19:50:00+00:00,False,,51.818774,-2.295197,Other,,,,Police and Criminal Evidence Act 1984 (section 1),Offensive weapons,A no further action disposal,True,
Person and Vehicle search,2024-06-01T19:55:00+00:00,False,,51.680237,-2.351381,Male,18-24,White - English/Welsh/Scottish/Northern Irish/British,White,Misuse of Drugs Act 1971 (section 23),Controlled drugs,Arrest,False,
Person and Vehicle search,2024-06-01T21:20:00+00:00,False,,51.881737,-2.240099,Female,18-24,White - Irish,White,Police and Criminal Evidence Act 1984 (section 1),Stolen goods,Arrest,False,
Person and Vehicle search,2024-06-01T21:20:00+00:00,False,,51.881737,-2.240099,Female,over 34,White - Irish,White,Police and Criminal Evidence Act 1984 (section 1),Stolen goods,Arrest,False,
Person search,2024-06-01T21:23:00+00:00,False,,51.881737,-2.240099,Male,over 34,Other ethnic group - Not stated,Other,Police and Criminal Evidence Act 1984 (section 1),Stolen goods,Arrest,True,False
Person search,2024-06-02T00:31:00+00:00,False,,51.881737,-2.240099,Female,over 34,White - Irish,White,Misuse of Drugs Act 1971 (section 23),Controlled drugs,A no further action disposal,False,False
Person and Vehicle search,2024-06-02T04:15:00+00:00,False,,,,Male,25-34,White - Any other White background,White,Misuse of Drugs Act 1971 (section 23),Controlled drugs,Arrest,False,
Person and Vehicle search,2024-06-02T04:15:00+00:00,False,,53.303454,-4.686746,Male,25-34,White - Any other White background,White,Misuse of Drugs Act 1971 (section 23),Controlled drugs,Arrest,False,
Vehicle search,2024-06-02T11:00:00+00:00,False,,52.009888,-2.119204,Other,,,,Misuse of Drugs Act 1971 (section 23),Controlled drugs,A no further action disposal,True,
Person and Vehicle search,2024-06-02T11:00:00+00:00,False,,52.009888,-2.119204,Male,25-34,White - English/Welsh/Scottish/Northern Irish/British,White,Misuse of Drugs Act 1971 (section 23),Controlled drugs,A no further action disposal,False,
Person search,2024-06-02T11:07:00+00:00,False,,52.009888,-2.119204,Male,25-34,White - English/Welsh/Scottish/Northern Irish/British,White,Misuse of Drugs Act 1971 (section 23),Controlled drugs,A no further action disposal,False,False
Person and Vehicle search,2024-06-02T12:40:00+00:00,False,,51.917469,-2.103663,Female,25-34,White - Any other White background,White,Police and Criminal Evidence Act 1984 (section 1),Stolen goods,A no further action disposal,True,
Person and Vehicle search,2024-06-02T12:45:00+00:00,False,,51.917469,-2.103663,Male,18-24,White - Any other White background,White,Police and Criminal Evidence Act 1984 (section 1),Stolen goods,A no further action disposal,False,
Person and Vehicle search,2024-06-02T15:10:00+00:00,False,,51.858731,-2.252420,Male,25-34,White - Any other White background,White,Misuse of Drugs Act 1971 (section 23),Controlled drugs,Khat or Cannabis warning,True,
Person search,2024-06-03T09:35:00+00:00,False,,51.866301,-2.243792,Male,25-34,Other ethnic group - Not stated,Other,Misuse of Drugs Act 1971 (section 23),Controlled drugs,Arrest,True,False
Person search,2024-06-03T10:27:00+00:00,False,,51.866348,-2.242965,Male,,White - English/Welsh/Scottish/Northern Irish/British,White,Police and Criminal Evidence Act 1984 (section 1),Stolen goods,Community resolution,True,False
Person search,2024-06-03T10:52:00+00:00,False,,51.865118,-2.241898,Female,over 34,White - English/Welsh/Scottish/Northern Irish/British,White,Police and Criminal Evidence Act 1984 (section 1),Stolen goods,A no further action disposal,True,False
Person search,2024-06-03T15:45:00+00:00,False,,51.866348,-2.242965,Female,over 34,White - English/Welsh/Scottish/Northern Irish/British,White,Police and Criminal Evidence Act 1984 (section 1),Stolen goods,A no further action disposal,True,False
Person search,2024-06-04T01:53:00+00:00,False,,51.852856,-2.223074,Male,25-34,White - English/Welsh/Scottish/Northern Irish/British,White,Police and Criminal Evidence Act 1984 (section 1),Offensive weapons,Arrest,False,False
Person search,2024-06-04T13:20:00+00:00,False,,51.908845,-2.105271,Male,18-24,Black/African/Caribbean/Black British - Any other Black/African/Caribbean background,Black,Police and Criminal Evidence Act 1984 (section 1),Stolen goods,Arrest,False,False
Person search,2024-06-04T13:39:00+00:00,False,,51.749041,-2.230369,Male,over 34,White - English/Welsh/Scottish/Northern Irish/British,White,Police and Criminal Evidence Act 1984 (section 1),Offensive weapons,A no further action disposal,True,False
Person and Vehicle search,2024-06-04T16:55:00+00:00,False,,51.866950,-2.251856,Male,over 34,Black/African/Caribbean/Black British - Any other Black/African/Caribbean background,Black,Misuse of Drugs Act 1971 (section 23),Controlled drugs,Arrest,True,
Person search,2024-06-05T08:09:00+00:00,False,,51.864813,-2.246268,Male,over 34,Other ethnic group - Not stated,Other,Misuse of Drugs Act 1971 (section 23),Controlled drugs,Arrest,False,False
Person search,2024-06-05T11:05:00+00:00,False,,51.714927,-1.971945,Male,25-34,White - Any other White background,White,Police and Criminal Evidence Act 1984 (section 1),Stolen goods,A no further action disposal,False,False
Person and Vehicle search,2024-06-05T22:39:00+00:00,False,,51.895908,-2.081814,Male,over 34,Mixed/Multiple ethnic groups - White and Black Caribbean,Other,Misuse of Drugs Act 1971 (section 23),Controlled drugs,A no further action disposal,True,
Person search,2024-06-06T02:03:00+00:00,False,,51.902771,-2.090315,Male,18-24,White - English/Welsh/Scottish/Northern Irish/British,White,Misuse of Drugs Act 1971 (section 23),Controlled drugs,Khat or Cannabis warning,True,False
Person search,2024-06-06T14:00:00+00:00,False,,51.866140,-2.215719,Male,18-24,Mixed/Multiple ethnic groups - White and Black Caribbean,Other,Misuse of Drugs Act 1971 (section 23),Controlled drugs,Arrest,True,True
Person search,2024-06-07T14:23:00+00:00,False,,51.857125,-2.250872,Female,over 34,White - English/Welsh/Scottish/Northern Irish/British,White,Police and Criminal Evidence Act 1984 (section 1),Stolen goods,Arrest,True,False
Person and Vehicle search,2024-06-07T18:40:00+00:00,False,,51.840725,-2.515587,Male,over 34,White - English/Welsh/Scottish/Northern Irish/British,White,Misuse of Drugs Act 1971 (section 23),Controlled drugs,A no further action disposal,True,
Person search,2024-06-07T18:45:00+00:00,False,,51.840725,-2.515587,Female,over 34,White - English/Welsh/Scottish/Northern Irish/British,White,Misuse of Drugs Act 1971 (section 23),Controlled drugs,Arrest,False,False
Person search,2024-06-07T21:27:00+00:00,False,,51.859910,-2.234319,Male,10-17,White - Any other White background,White,Misuse of Drugs Act 1971 (section 23),Controlled drugs,Arrest,True,False
Person search,2024-06-07T23:55:00+00:00,False,,51.867514,-2.239674,Male,25-34,Asian/Asian British - Indian,Asian,Misuse of Drugs Act 1971 (section 23),Controlled drugs,Arrest,False,False
Person search,2024-06-08T13:50:00+00:00,False,,53.303454,-4.686746,Male,25-34,White - English/Welsh/Scottish/Northern Irish/British,White,Misuse of Drugs Act 1971 (section 23),Controlled drugs,A no further action disposal,True,False
Person search,2024-06-08T13:50:00+00:00,False,,,,Male,25-34,White - English/Welsh/Scottish/Northern Irish/British,White,Misuse of Drugs Act 1971 (section 23),Controlled drugs,A no further action disposal,True,False
Person search,2024-06-08T23:56:00+00:00,False,,51.914947,-2.098234,Male,18-24,White - English/Welsh/Scottish/Northern Irish/British,White,Misuse of Drugs Act 1971 (section 23),Controlled drugs,Community resolution,True,False
Person search,2024-06-08T23:57:00+00:00,True,,51.914947,-2.098234,Male,18-24,White - English/Welsh/Scottish/Northern Irish/British,White,Misuse of Drugs Act 1971 (section 23),Controlled drugs,A no further action disposal,True,False
Vehicle search,2024-06-09T04:00:00+00:00,False,,51.986954,-2.162610,Other,,,,Misuse of Drugs Act 1971 (section 23),Controlled drugs,A no further action disposal,True,
Person and Vehicle search,2024-06-09T14:00:00+00:00,False,,51.826724,-2.251762,Male,25-34,Mixed/Multiple ethnic groups - White and Black Caribbean,Other,Misuse of Drugs Act 1971 (section 23),Controlled drugs,A no further action disposal,False,
Person and Vehicle search,2024-06-09T14:00:00+00:00,False,,51.893687,-2.146985,Male,25-34,Mixed/Multiple ethnic groups - White and Black Caribbean,Other,Misuse of Drugs Act 1971 (section 23),Controlled drugs,A no further action disposal,False,
Person and Vehicle search,2024-06-09T18:27:00+00:00,False,,51.862394,-2.214321,Male,over 34,White - English/Welsh/Scottish/Northern Irish/British,White,Misuse of Drugs Act 1971 (section 23),Controlled drugs,Arrest,True,
Person and Vehicle search,2024-06-10T01:05:00+00:00,False,,51.709564,-1.958098,Male,18-24,Other ethnic group - Not stated,Other,Misuse of Drugs Act 1971 (section 23),Controlled drugs,Arrest,True,
Person and Vehicle search,2024-06-10T12:00:00+00:00,False,,51.895499,-2.087162,Male,18-24,White - English/Welsh/Scottish/Northern Irish/British,White,Misuse of Drugs Act 1971 (section 23),Controlled drugs,Arrest,True,
Person search,2024-06-10T16:05:00+00:00,False,,51.849779,-2.254867,Female,over 34,White - Any other White background,White,Police and Criminal Evidence Act 1984 (section 1),Offensive weapons,A no further action disposal,False,False
Person search,2024-06-10T16:51:00+00:00,False,,51.864339,-2.243009,Female,18-24,White - English/Welsh/Scottish/Northern Irish/British,White,Police and Criminal Evidence Act 1984 (section 1),Offensive weapons,A no further action disposal,False,False
Person and Vehicle search,2024-06-10T19:46:00+00:00,False,,51.912062,-2.107125,Male,over 34,White - English/Welsh/Scottish/Northern Irish/British,White,Misuse of Drugs Act 1971 (section 23),Controlled drugs,Arrest,False,
Person search,2024-06-10T19:49:00+00:00,False,,51.912062,-2.107125,Male,10-17,White - English/Welsh/Scottish/Northern Irish/British,White,Misuse of Drugs Act 1971 (section 23),Controlled drugs,A no further action disposal,True,False
Person search,2024-06-10T19:50:00+00:00,False,,51.912062,-2.107125,Male,10-17,Black/African/Caribbean/Black British - Any other Black/African/Caribbean background,Black,Misuse of Drugs Act 1971 (section 23),Controlled drugs,A no further action disposal,True,False
Person search,2024-06-10T19:55:00+00:00,False,,51.912062,-2.107125,Male,18-24,White - English/Welsh/Scottish/Northern Irish/British,White,Misuse of Drugs Act 1971 (section 23),Controlled drugs,Community resolution,True,False
Person search,2024-06-10T20:14:00+00:00,False,,51.827267,-2.289187,Male,25-34,White - English/Welsh/Scottish/Northern Irish/British,White,Police and Criminal Evidence Act 1984 (section 1),Offensive weapons,Arrest,False,False
Person and Vehicle search,2024-06-11T19:14:00+00:00,False,,51.864676,-2.199941,Male,over 34,White - English/Welsh/Scottish/Northern Irish/British,White,Misuse of Drugs Act 1971 (section 23),Controlled drugs,Arrest,False,
Vehicle search,2024-06-11T19:20:00+00:00,False,,51.864676,-2.199941,Other,,,,Misuse of Drugs Act 1971 (section 23),Controlled drugs,Arrest,True,
Person search,2024-06-11T19:50:00+00:00,False,,51.865000,-2.238354,Female,18-24,White - English/Welsh/Scottish/Northern Irish/British,White,Police and Criminal Evidence Act 1984 (section 1),Article for use in theft,A no further action disposal,False,False
Person search,2024-06-11T19:59:00+00:00,False,,51.865000,-2.238354,Male,10-17,White - English/Welsh/Scottish/Northern Irish/British,White,Police and Criminal Evidence Act 1984 (section 1),Article for use in theft,A no further action disposal,False,True
Person search,2024-06-11T22:50:00+00:00,False,,51.770661,-2.326606,Male,over 34,White - English/Welsh/Scottish/Northern Irish/British,White,Misuse of Drugs Act 1971 (section 23),Controlled drugs,A no further action disposal,True,False
Person search,2024-06-12T15:56:00+00:00,True,,51.868709,-2.240160,Male,25-34,White - English/Welsh/Scottish/Northern Irish/British,White,Misuse of Drugs Act 1971 (section 23),Controlled drugs,Arrest,True,False
Person search,2024-06-12T20:27:00+00:00,False,,51.860348,-2.235556,Male,over 34,White - English/Welsh/Scottish/Northern Irish/British,White,Misuse of Drugs Act 1971 (section 23),Controlled drugs,Community resolution,True,False
Person search,2024-06-13T10:45:00+00:00,True,,51.708805,-1.978490,Male,10-17,Asian/Asian British - Any other Asian background,Asian,Misuse of Drugs Act 1971 (section 23),Controlled drugs,A no further action disposal,True,False
Person search,2024-06-13T10:45:00+00:00,True,,51.708805,-1.978490,Male,10-17,Asian/Asian British - Any other Asian background,Asian,Misuse of Drugs Act 1971 (section 23),Controlled drugs,A no further action disposal,True,False
Person search,2024-06-13T10:45:00+00:00,True,,51.708805,-1.978490,Male,10-17,Asian/Asian British - Any other Asian background,Asian,Misuse of Drugs Act 1971 (section 23),Controlled drugs,A no further action disposal,True,False
Person search,2024-06-13T11:19:00+00:00,False,,51.856985,-2.191107,Male,over 34,White - English/Welsh/Scottish/Northern Irish/British,White,Police and Criminal Evidence Act 1984 (section 1),Stolen goods,A no further action disposal,True,False
Person search,2024-06-13T12:50:00+00:00,True,,51.864339,-2.243009,Female,25-34,White - English/Welsh/Scottish/Northern Irish/British,White,Misuse of Drugs Act 1971 (section 23),Controlled drugs,A no further action disposal,True,False
Person search,2024-06-13T13:09:00+00:00,False,,51.749581,-2.247595,Male,over 34,White - English/Welsh/Scottish/Northern Irish/British,White,Misuse of Drugs Act 1971 (section 23),Controlled drugs,Arrest,True,False
Vehicle search,2024-06-13T13:49:00+00:00,False,,51.745806,-2.214826,Other,,,,Misuse of Drugs Act 1971 (section 23),Controlled drugs,Arrest,True,
Person search,2024-06-13T19:55:00+00:00,False,,51.864295,-2.240107,Male,over 34,White - English/Welsh/Scottish/Northern Irish/British,White,Police and Criminal Evidence Act 1984 (section 1),Offensive weapons,Khat or Cannabis warning,False,False
Person search,2024-06-13T21:30:00+00:00,False,,51.866099,-2.232783,Male,,White - English/Welsh/Scottish/Northern Irish/British,White,Police and Criminal Evidence Act 1984 (section 1),Offensive weapons,A no further action disposal,False,False
Person search,2024-06-14T14:33:00+00:00,False,,51.863522,-2.235238,Female,25-34,White - English/Welsh/Scottish/Northern Irish/British,White,Misuse of Drugs Act 1971 (section 23),Controlled drugs,Summons / charged by post,True,False
Person and Vehicle search,2024-06-14T14:33:00+00:00,False,,51.863522,-2.235238,Male,over 34,White - English/Welsh/Scottish/Northern Irish/British,White,Misuse of Drugs Act 1971 (section 23),Controlled drugs,Arrest,False,
Person and Vehicle search,2024-06-14T14:33:00+00:00,False,,51.863522,-2.235238,Male,,White - English/Welsh/Scottish/Northern Irish/British,White,Misuse of Drugs Act 1971 (section 23),Controlled drugs,A no further action disposal,True,
Person search,2024-06-14T18:15:00+00:00,False,,51.994317,-2.156884,Male,10-17,Mixed/Multiple ethnic groups - White and Black Caribbean,Other,Police and Criminal Evidence Act 1984 (section 1),Articles for use in criminal damage,A no further action disposal,False,False
Person search,2024-06-14T18:15:00+00:00,False,,51.993993,-2.157028,Male,10-17,White - English/Welsh/Scottish/Northern Irish/British,White,Police and Criminal Evidence Act 1984 (section 1),Articles for use in criminal damage,A no further action disposal,False,False
Person search,2024-06-14T18:30:00+00:00,False,,51.994317,-2.156884,Male,10-17,White - English/Welsh/Scottish/Northern Irish/British,White,Police and Criminal Evidence Act 1984 (section 1),Articles for use in criminal damage,A no further action disposal,False,False
Person search,2024-06-14T18:33:00+00:00,False,,51.994317,-2.156884,Male,10-17,White - English/Welsh/Scottish/Northern Irish/British,White,Police and Criminal Evidence Act 1984 (section 1),Articles for use in criminal damage,A no further action disposal,True,False
Person search,2024-06-14T18:40:00+00:00,False,,51.994317,-2.156884,Male,10-17,White - English/Welsh/Scottish/Northern Irish/British,White,Police and Criminal Evidence Act 1984 (section 1),Articles for use in criminal damage,A no further action disposal,False,False
Person search,2024-06-14T18:49:00+00:00,False,,51.994317,-2.156884,Male,10-17,Mixed/Multiple ethnic groups - White and Black African,Other,Police and Criminal Evidence Act 1984 (section 1),Articles for use in criminal damage,A no further action disposal,False,False
Person search,2024-06-14T22:17:00+00:00,False,,51.898764,-2.073274,Male,25-34,Other ethnic group - Not stated,Other,Misuse of Drugs Act 1971 (section 23),Controlled drugs,Arrest,True,False
Person search,2024-06-15T00:50:00+00:00,False,,51.861677,-2.245394,Male,25-34,White - English/Welsh/Scottish/Northern Irish/British,White,Misuse of Drugs Act 1971 (section 23),Controlled drugs,A no further action disposal,False,False
Person search,2024-06-15T03:23:00+00:00,False,,51.820705,-2.295950,Male,18-24,White - English/Welsh/Scottish/Northern Irish/British,White,Misuse of Drugs Act 1971 (section 23),Controlled drugs,Community resolution,True,False
Person search,2024-06-15T10:45:00+00:00,True,,51.865070,-2.247605,Female,over 34,White - English/Welsh/Scottish/Northern Irish/British,White,Police and Criminal Evidence Act 1984 (section 1),Offensive weapons,A no further action disposal,False,False
Person and Vehicle search,2024-06-16T20:01:00+00:00,False,,51.869009,-2.255658,Male,over 34,Mixed/Multiple ethnic groups - Any other Mixed/Multiple ethnic background,Other,Police and Criminal Evidence Act 1984 (section 1),Stolen goods,A no further action disposal,True,
Person search,2024-06-16T23:30:00+00:00,False,,51.861782,-2.237596,Male,18-24,White - English/Welsh/Scottish/Northern Irish/British,White,Police and Criminal Evidence Act 1984 (section 1),Offensive weapons,A no further action disposal,False,False
Person search,2024-06-17T03:19:00+00:00,False,,51.897694,-2.117206,Male,,White - English/Welsh/Scottish/Northern Irish/British,White,Misuse of Drugs Act 1971 (section 23),Controlled drugs,A no further action disposal,True,False
Person search,2024-06-17T03:19:00+00:00,False,,51.907346,-2.102767,Male,18-24,White - English/Welsh/Scottish/Northern Irish/British,White,Misuse of Drugs Act 1971 (section 23),Controlled drugs,A no further action disposal,False,False
Person search,2024-06-17T03:19:00+00:00,False,,51.907346,-2.102767,Male,18-24,White - English/Welsh/Scottish/Northern Irish/British,White,Misuse of Drugs Act 1971 (section 23),Controlled drugs,A no further action disposal,True,False
Person search,2024-06-17T03:19:00+00:00,False,,51.907346,-2.102767,Male,,White - English/Welsh/Scottish/Northern Irish/British,White,Misuse of Drugs Act 1971 (section 23),Controlled drugs,A no further action disposal,True,False
Person and Vehicle search,2024-06-17T23:30:00+00:00,False,,51.848596,-2.186034,Male,18-24,White - Any other White background,White,Misuse of Drugs Act 1971 (section 23),Controlled drugs,Arrest,False,
Person search,2024-06-18T00:30:00+00:00,False,,51.864295,-2.240107,Male,over 34,White - English/Welsh/Scottish/Northern Irish/British,White,Police and Criminal Evidence Act 1984 (section 1),Offensive weapons,Arrest,False,False
Person search,2024-06-18T07:07:00+00:00,False,,51.898764,-2.073274,Male,25-34,White - English/Welsh/Scottish/Northern Irish/British,White,Police and Criminal Evidence Act 1984 (section 1),Articles for use in criminal damage,A no further action disposal,False,False
Person search,2024-06-18T10:45:00+00:00,False,,51.868111,-2.242597,Male,25-34,Other ethnic group - Not stated,Other,Police and Criminal Evidence Act 1984 (section 1),Stolen goods,Arrest,False,False
Person and Vehicle search,2024-06-18T11:15:00+00:00,False,,51.860143,-2.305342,Male,25-34,White - Any other White background,White,Misuse of Drugs Act 1971 (section 23),Controlled drugs,Arrest,False,
Person and Vehicle search,2024-06-18T11:15:00+00:00,False,,53.289776,-4.677619,Male,25-34,White - Any other White background,White,Misuse of Drugs Act 1971 (section 23),Controlled drugs,Arrest,False,
Person search,2024-06-18T13:25:00+00:00,False,,51.720961,-2.532362,Male,10-17,Other ethnic group - Not stated,Other,Police and Criminal Evidence Act 1984 (section 1),Offensive weapons,A no further action disposal,False,False
Person and Vehicle search,2024-06-18T13:46:00+00:00,False,,51.857605,-2.217246,Male,over 34,White - English/Welsh/Scottish/Northern Irish/British,White,Police and Criminal Evidence Act 1984 (section 1),Stolen goods,Arrest,True,
Person search,2024-06-18T18:10:00+00:00,False,,51.819970,-2.268800,Male,10-17,Mixed/Multiple ethnic groups - Any other Mixed/Multiple ethnic background,Other,Police and Criminal Evidence Act 1984 (section 1),Stolen goods,A no further action disposal,True,False
Person search,2024-06-18T18:55:00+00:00,False,,51.850967,-2.250446,Male,10-17,Black/African/Caribbean/Black British - Caribbean,Black,Police and Criminal Evidence Act 1984 (section 1),Offensive weapons,A no further action disposal,True,False
Person search,2024-06-18T21:15:00+00:00,False,,51.909562,-2.116713,Male,25-34,White - English/Welsh/Scottish/Northern Irish/British,White,Misuse of Drugs Act 1971 (section 23),Controlled drugs,A no further action disposal,True,False
Person search,2024-06-18T22:11:00+00:00,False,,51.835378,-2.245425,Male,10-17,White - English/Welsh/Scottish/Northern Irish/British,White,Police and Criminal Evidence Act 1984 (section 1),Stolen goods,A no further action disposal,True,False
Person search,2024-06-19T01:30:00+00:00,False,,51.868111,-2.242597,Male,25-34,White - Any other White background,White,Misuse of Drugs Act 1971 (section 23),Controlled drugs,A no further action disposal,True,False
Person search,2024-06-19T13:00:00+00:00,False,,51.910337,-2.095607,Male,over 34,White - English/Welsh/Scottish/Northern Irish/British,White,Misuse of Drugs Act 1971 (section 23),Controlled drugs,A no further action disposal,True,False
Person search,2024-06-19T13:20:00+00:00,False,,51.910650,-2.096887,Male,10-17,White - English/Welsh/Scottish/Northern Irish/British,White,Misuse of Drugs Act 1971 (section 23),Controlled drugs,A no further action disposal,True,False
Person search,2024-06-19T14:15:00+00:00,False,,51.907358,-2.118597,Male,10-17,Black/African/Caribbean/Black British - African,Black,Misuse of Drugs Act 1971 (section 23),Controlled drugs,A no further action disposal,False,False
Vehicle search,2024-06-19T14:30:00+00:00,False,,51.907358,-2.118597,Other,,,,Misuse of Drugs Act 1971 (section 23),Controlled drugs,Arrest,False,
Person search,2024-06-19T21:30:00+00:00,True,,51.718900,-1.968077,Male,,White - English/Welsh/Scottish/Northern Irish/British,White,Misuse of Drugs Act 1971 (section 23),Controlled drugs,A no further action disposal,True,False
Person search,2024-06-20T12:13:00+00:00,False,,51.864339,-2.243009,Male,,Black/African/Caribbean/Black British - African,Black,Misuse of Drugs Act 1971 (section 23),Controlled drugs,A no further action disposal,False,False
Person search,2024-06-20T16:15:00+00:00,False,,51.897650,-2.095871,Male,10-17,White - English/Welsh/Scottish/Northern Irish/British,White,Police and Criminal Evidence Act 1984 (section 1),Article for use in theft,A no further action disposal,True,False
Person search,2024-06-20T20:00:00+00:00,False,,51.869145,-2.224607,Male,over 34,White - English/Welsh/Scottish/Northern Irish/British,White,Police and Criminal Evidence Act 1984 (section 1),Offensive weapons,Arrest,False,False
Person search,2024-06-21T15:20:00+00:00,True,,51.890490,-2.127809,Female,,White - English/Welsh/Scottish/Northern Irish/British,White,Firearms Act 1968 (section 47),Firearms,A no further action disposal,False,False
Person and Vehicle search,2024-06-21T17:05:00+00:00,False,,51.690980,-1.961789,Male,over 34,Other ethnic group - Not stated,Other,Misuse of Drugs Act 1971 (section 23),Controlled drugs,A no further action disposal,True,
Person search,2024-06-21T17:10:00+00:00,False,,51.690980,-1.961789,Female,,Other ethnic group - Not stated,Other,Misuse of Drugs Act 1971 (section 23),Controlled drugs,A no further action disposal,True,False
Person and Vehicle search,2024-06-21T18:30:00+00:00,False,,51.903310,-2.101319,Male,over 34,White - English/Welsh/Scottish/Northern Irish/British,White,Misuse of Drugs Act 1971 (section 23),Controlled drugs,A no further action disposal,True,
Person search,2024-06-21T22:21:00+00:00,False,,51.738334,-2.238613,Male,over 34,White - English/Welsh/Scottish/Northern Irish/British,White,Police and Criminal Evidence Act 1984 (section 1),Article for use in theft,A no further action disposal,True,False
Vehicle search,2024-06-21T23:01:00+00:00,False,,51.896654,-2.104865,Other,,,,Misuse of Drugs Act 1971 (section 23),Controlled drugs,A no further action disposal,True,
Person search,2024-06-21T23:05:00+00:00,False,,51.896654,-2.104865,Female,18-24,White - English/Welsh/Scottish/Northern Irish/British,White,Misuse of Drugs Act 1971 (section 23),Controlled drugs,A no further action disposal,True,False
Person search,2024-06-21T23:11:00+00:00,False,,51.895549,-2.103917,Female,18-24,White - English/Welsh/Scottish/Northern Irish/British,White,Misuse of Drugs Act 1971 (section 23),Controlled drugs,A no further action disposal,False,False
Person search,2024-06-22T08:28:00+00:00,False,,51.865027,-2.238165,Female,over 34,White - English/Welsh/Scottish/Northern Irish/British,White,Police and Criminal Evidence Act 1984 (section 1),Offensive weapons,A no further action disposal,True,False
Person and Vehicle search,2024-06-22T12:10:00+00:00,False,,51.835234,-2.271036,Male,over 34,White - English/Welsh/Scottish/Northern Irish/British,White,Misuse of Drugs Act 1971 (section 23),Controlled drugs,A no further action disposal,False,
Person search,2024-06-22T12:18:00+00:00,False,,51.835234,-2.271036,Female,25-34,White - English/Welsh/Scottish/Northern Irish/British,White,Misuse of Drugs Act 1971 (section 23),Controlled drugs,Arrest,False,False
Person search,2024-06-22T16:22:00+00:00,True,,51.846380,-2.158110,Male,over 34,White - English/Welsh/Scottish/Northern Irish/British,White,Misuse of Drugs Act 1971 (section 23),Controlled drugs,Khat or Cannabis warning,True,False
Person and Vehicle search,2024-06-22T23:20:00+00:00,False,,51.909316,-2.078466,Male,18-24,White - English/Welsh/Scottish/Northern Irish/British,White,Police and Criminal Evidence Act 1984 (section 1),Offensive weapons,Khat or Cannabis warning,True,
Person and Vehicle search,2024-06-22T23:25:00+00:00,False,,51.909316,-2.078466,Male,10-17,White - English/Welsh/Scottish/Northern Irish/British,White,Misuse of Drugs Act 1971 (section 23),Controlled drugs,A no further action disposal,False,
Person search,2024-06-23T00:45:00+00:00,False,,51.856043,-2.243432,Male,10-17,White - English/Welsh/Scottish/Northern Irish/British,White,Police and Criminal Evidence Act 1984 (section 1),Offensive weapons,A no further action disposal,False,False
Person search,2024-06-23T01:06:00+00:00,False,,51.744391,-2.216688,Male,18-24,White - English/Welsh/Scottish/Northern Irish/British,White,Misuse of Drugs Act 1971 (section 23),Controlled drugs,A no further action disposal,False,False
Person search,2024-06-23T18:47:00+00:00,False,,51.914947,-2.098234,Male,18-24,White - English/Welsh/Scottish/Northern Irish/British,White,Misuse of Drugs Act 1971 (section 23),Controlled drugs,Community resolution,True,False
Person search,2024-06-23T20:00:00+00:00,False,,51.860966,-2.249862,Female,10-17,Mixed/Multiple ethnic groups - Any other Mixed/Multiple ethnic background,Other,Police and Criminal Evidence Act 1984 (section 1),Articles for use in criminal damage,A no further action disposal,False,False
Person search,2024-06-23T20:01:00+00:00,False,,51.860966,-2.249862,Male,18-24,White - English/Welsh/Scottish/Northern Irish/British,White,Police and Criminal Evidence Act 1984 (section 1),Offensive weapons,A no further action disposal,False,False
Person and Vehicle search,2024-06-23T20:07:00+00:00,False,,51.860966,-2.249862,Male,18-24,White - English/Welsh/Scottish/Northern Irish/British,White,Police and Criminal Evidence Act 1984 (section 1),Offensive weapons,A no further action disposal,True,
Person search,2024-06-23T22:50:00+00:00,False,,51.649960,-2.665690,Male,25-34,White - English/Welsh/Scottish/Northern Irish/British,White,Police and Criminal Evidence Act 1984 (section 1),Article for use in theft,A no further action disposal,False,False
Person search,2024-06-24T09:30:00+00:00,False,,51.907987,-2.074554,Male,over 34,White - English/Welsh/Scottish/Northern Irish/British,White,Misuse of Drugs Act 1971 (section 23),Controlled drugs,Community resolution,True,False
Person search,2024-06-24T13:28:00+00:00,False,,51.908686,-2.078363,Male,18-24,Mixed/Multiple ethnic groups - Any other Mixed/Multiple ethnic background,Other,Criminal Justice and Public Order Act 1994 (section 60),,A no further action disposal,True,False
Person search,2024-06-24T13:32:00+00:00,False,,51.908686,-2.078363,Male,18-24,White - English/Welsh/Scottish/Northern Irish/British,White,Criminal Justice and Public Order Act 1994 (section 60),,A no further action disposal,True,False
Person search,2024-06-25T11:40:00+00:00,True,,51.904742,-2.058356,Male,10-17,White - English/Welsh/Scottish/Northern Irish/British,White,Criminal Justice and Public Order Act 1994 (section 60),,A no further action disposal,False,False
Person search,2024-06-25T13:10:00+00:00,True,,51.909611,-2.113108,Male,,White - English/Welsh/Scottish/Northern Irish/British,White,Misuse of Drugs Act 1971 (section 23),Controlled drugs,A no further action disposal,False,False
Person search,2024-06-26T10:00:00+00:00,False,,51.901311,-2.105399,Male,10-17,Other ethnic group - Not stated,Other,Misuse of Drugs Act 1971 (section 23),Controlled drugs,A no further action disposal,True,False
Person search,2024-06-26T10:58:00+00:00,False,,51.832860,-2.258095,Male,10-17,Black/African/Caribbean/Black British - Any other Black/African/Caribbean background,Black,Police and Criminal Evidence Act 1984 (section 1),Offensive weapons,Arrest,True,False
Person search,2024-06-26T11:40:00+00:00,False,,51.907214,-2.109105,Male,over 34,White - English/Welsh/Scottish/Northern Irish/British,White,Police and Criminal Evidence Act 1984 (section 1),Stolen goods,A no further action disposal,False,False
Person search,2024-06-26T13:50:00+00:00,True,,51.911490,-2.113142,Male,,White - English/Welsh/Scottish/Northern Irish/British,White,Police and Criminal Evidence Act 1984 (section 1),Offensive weapons,A no further action disposal,False,False
Person search,2024-06-26T13:50:00+00:00,False,,51.911490,-2.113142,Male,,White - English/Welsh/Scottish/Northern Irish/British,White,Police and Criminal Evidence Act 1984 (section 1),Offensive weapons,A no further action disposal,True,False
Person search,2024-06-26T13:51:00+00:00,True,,51.911490,-2.113142,Male,18-24,White - English/Welsh/Scottish/Northern Irish/British,White,Police and Criminal Evidence Act 1984 (section 1),Offensive weapons,A no further action disposal,False,False
Person search,2024-06-26T19:47:00+00:00,False,,51.898827,-2.116743,Male,10-17,White - English/Welsh/Scottish/Northern Irish/British,White,Misuse of Drugs Act 1971 (section 23),Controlled drugs,A no further action disposal,False,False
Person search,2024-06-26T22:36:00+00:00,False,,51.860755,-2.243385,Male,10-17,White - English/Welsh/Scottish/Northern Irish/British,White,Police and Criminal Evidence Act 1984 (section 1),Offensive weapons,A no further action disposal,True,False
Person and Vehicle search,2024-06-27T15:25:00+00:00,False,,51.861514,-2.241269,Male,over 34,White - English/Welsh/Scottish/Northern Irish/British,White,Misuse of Drugs Act 1971 (section 23),Controlled drugs,A no further action disposal,False,
Person search,2024-06-27T22:25:00+00:00,False,,51.900129,-2.075267,Male,18-24,White - English/Welsh/Scottish/Northern Irish/British,White,Police and Criminal Evidence Act 1984 (section 1),Offensive weapons,A no further action disposal,False,False
Person search,2024-06-29T00:16:00+00:00,False,,51.898114,-2.077008,Male,18-24,White - English/Welsh/Scottish/Northern Irish/British,White,Misuse of Drugs Act 1971 (section 23),Controlled drugs,Arrest,True,False
Person search,2024-06-29T03:51:00+00:00,False,,51.908421,-2.107334,Male,10-17,White - English/Welsh/Scottish/Northern Irish/British,White,Police and Criminal Evidence Act 1984 (section 1),Article for use in theft,Arrest,True,False
Person search,2024-06-29T11:21:00+00:00,False,,51.728069,-2.531114,Male,,White - English/Welsh/Scottish/Northern Irish/British,White,Misuse of Drugs Act 1971 (section 23),Controlled drugs,A no further action disposal,False,False
Person search,2024-06-29T18:59:00+00:00,False,,51.826729,-2.249644,Male,10-17,Mixed/Multiple ethnic groups - White and Asian,Other,Police and Criminal Evidence Act 1984 (section 1),Stolen goods,A no further action disposal,True,False
Person search,2024-06-29T21:38:00+00:00,False,,51.860966,-2.249862,Male,18-24,Asian/Asian British - Any other Asian background,Asian,Misuse of Drugs Act 1971 (section 23),Controlled drugs,A no further action disposal,True,False
Person search,2024-06-29T21:38:00+00:00,False,,51.860966,-2.249862,Male,18-24,Asian/Asian British - Any other Asian background,Asian,Misuse of Drugs Act 1971 (section 23),Controlled drugs,Community resolution,True,False
